,Name,Position,Team,Pass Yds,Pass TD,Pass INT,Rush Yds,Rush TD,Receptions,Rec Yds,Rec TD,Ret TD,Fumb TD,2PT,Fumb Lost,Points Total
0,Dalvin Cook,RB,MIN,-,-,-,206,2,2,46,-,-,-,-,,39.20
1,Kyler Murray,QB,ARI,283,3,-,106,1,-,-,-,-,-,-,,37.92
2,Christian McCaffrey,RB,CAR,-,-,-,69,1,10,82,1,-,-,-,,37.10
3,Josh Allen,QB,BUF,415,3,-,14,1,-,-,-,-,-,-,,36.00
4,Richie James,WR,SF,-,-,-,-,-,9,184,1,-,-,-,,33.40
5,Davante Adams,WR,GB,-,-,-,-,-,10,173,1,-,-,-,,33.30
6,Tyreek Hill,WR,KC,-,-,-,8,-,9,113,2,-,-,-,,33.10
7,Patrick Mahomes,QB,KC,372,4,-,6,-,-,-,-,-,-,-,,31.48
8,Drew Lock,QB,DEN,313,2,1,47,1,-,-,-,-,-,-,,29.22
9,Jakobi Meyers,WR,NE,-,-,-,-,-,12,169,-,-,-,-,,28.90
10,Aaron Rodgers,QB,GB,305,4,-,7,-,-,-,-,-,-,-,,28.90
11,Teddy Bridgewater,QB,CAR,310,2,-,19,1,-,-,-,-,-,-,,28.30
12,D.J. Chark,WR,JAX,-,-,-,-,-,7,146,1,-,-,-,,27.60
13,Breshad Perriman,WR,NYJ,-,-,-,-,-,5,101,2,-,-,-,,27.10
14,Curtis Samuel,WR,CAR,-,-,-,13,-,9,105,1,-,-,-,,26.80
15,Travis Kelce,TE,KC,-,-,-,-,-,10,159,-,-,-,-,,25.90
16,Jerry Jeudy,WR,DEN,-,-,-,-,-,7,125,1,-,-,-,,25.50
17,Keenan Allen,WR,LAC,-,-,-,-,-,9,103,1,-,-,-,,25.30
18,Ben Roethlisberger,QB,PIT,306,3,-,8,-,-,-,-,-,-,-,,25.04
19,Cam Newton,QB,NE,274,-,-,16,2,-,-,-,-,-,-,,24.56
20,Terry McLaurin,WR,WAS,-,-,-,-,-,7,115,1,-,-,-,,24.50
21,Deshaun Watson,QB,HOU,281,2,-,50,-,-,-,-,-,-,-,,24.24
22,DK Metcalf,WR,SEA,-,-,-,-,-,7,108,1,-,-,-,,23.80
23,Justin Herbert,QB,LAC,326,2,-,24,-,-,-,-,-,-,-,,23.44
24,Christian Kirk,WR,ARI,-,-,-,-,-,5,123,1,-,-,-,,23.30
25,Drew Brees,QB,NO,222,4,-,-2,-,-,-,-,-,-,-,,22.68
26,Matt Ryan,QB,ATL,284,3,1,10,-,-,-,-,-,-,-,,22.36
27,Russell Wilson,QB,SEA,390,2,2,5,1,-,-,-,-,-,-,,22.10
28,Nick Foles,QB,CHI,335,2,-,2,-,-,-,-,-,-,-,,21.60
29,Jake Luton,QB,JAX,304,1,1,13,1,-,-,-,-,-,-,,21.46
30,Tua Tagovailoa,QB,MIA,248,2,-,35,-,-,-,-,-,-,-,,21.42
31,JuJu Smith-Schuster,WR,PIT,-,-,-,-,-,6,93,1,-,-,-,,21.30
32,Will Fuller,WR,HOU,-,-,-,-,-,5,100,1,-,-,-,,21.00
33,Kirk Cousins,QB,MIN,220,3,-,-,-,-,-,-,-,-,-,,20.80
34,Stefon Diggs,WR,BUF,-,-,-,-,-,9,118,-,-,-,-,,20.80
35,Joe Flacco,QB,NYJ,262,3,1,-,-,-,-,-,-,-,-,,20.48
36,Olamide Zaccheaus,WR,ATL,-,-,-,-,-,4,103,1,-,-,-,,20.30
37,A.J. Brown,WR,TEN,-,-,-,-,-,4,101,1,-,-,-,,20.10
38,Marquez Valdes-Scantling,WR,GB,-,-,-,-,-,2,53,2,-,-,-,,19.30
39,Lamar Jackson,QB,BAL,170,-,-,58,1,-,-,-,-,-,-,,18.60
40,John Brown,WR,BUF,-,-,-,-,-,8,99,-,-,-,-,,17.90
41,Jimmy Graham,TE,CHI,-,-,-,-,-,6,55,1,-,-,-,,17.50
42,Brandin Cooks,WR,HOU,-,-,-,-,-,3,83,1,-,-,-,,17.30
43,J.D. McKissic,RB,WAS,-,-,-,17,-,9,65,-,-,-,-,,17.20
44,David Moore,WR,SEA,-,-,-,-,-,4,71,1,-,-,-,,17.10
45,Gabriel Davis,WR,BUF,-,-,-,-,-,4,70,1,-,-,-,,17.00
46,Kalen Ballage,RB,,-,-,-,69,1,2,15,-,-,-,-,,16.40
47,Julio Jones,WR,ATL,-,-,-,-,-,5,54,1,-,-,-,,16.40
48,Preston Williams,WR,MIA,-,-,-,-,-,4,60,1,-,-,-,,16.00
49,Alvin Kamara,RB,NO,-,-,-,40,1,5,9,-,-,-,-,,15.90
50,James Robinson,RB,JAX,-,-,-,99,1,-,-,-,-,-,-,,15.90
51,Evan Engram,TE,NYG,-,-,-,-,-,5,48,1,-,-,-,,15.80
52,Jerick McKinnon,RB,SF,-,-,-,52,1,3,16,-,-,-,-,,15.80
53,Rex Burkhead,RB,NE,-,-,-,56,1,3,11,-,-,-,-,,15.70
54,Robby Anderson,WR,CAR,-,-,-,-,-,9,63,-,-,-,-,,15.30
55,Chase Claypool,WR,PIT,-,-,-,4,-,8,69,-,-,-,-,,15.30
56,Duke Johnson,RB,HOU,-,-,-,41,1,4,32,-,-,-,-,,15.30
57,CeeDee Lamb,WR,DAL,-,-,-,-,-,4,71,1,-,-,-,,15.10
58,Allen Robinson,WR,CHI,-,-,-,-,-,7,81,-,-,-,-,,15.10
59,K.J. Hamler,WR,DEN,-,-,-,15,-,6,75,-,-,-,-,,15.00
60,Irv Smith,TE,MIN,-,-,-,-,-,2,10,2,-,-,-,,15.00
61,Danny Amendola,WR,DET,-,-,-,2,-,7,77,-,-,-,-,,14.90
62,T.J. Hockenson,TE,DET,-,-,-,-,-,5,39,1,-,-,-,,14.90
63,Wayne Gallman,RB,NYG,-,-,-,68,1,1,9,-,-,-,-,,14.70
64,Ryan Tannehill,QB,TEN,158,2,-,3,-,-,-,-,-,-,-,,14.62
65,Garrett Gilbert,QB,DAL,243,1,1,28,-,-,-,-,-,-,-,,14.52
66,Diontae Johnson,WR,PIT,-,-,-,4,-,6,77,-,-,-,-,,14.10
67,Derek Carr,QB,LV,165,2,-,14,-,-,-,-,-,-,-,,14.00
68,Cam Sims,WR,WAS,-,-,-,-,-,3,110,-,-,-,-,,14.00
69,Josh Jacobs,RB,LV,-,-,-,65,1,1,3,-,-,-,-,,13.80
70,Emmanuel Sanders,WR,NO,-,-,-,-,-,4,38,1,-,-,-,,13.80
71,Nelson Agholor,WR,LV,-,-,-,-,-,2,55,1,-,-,-,,13.50
72,Todd Gurley,RB,ATL,-,-,-,53,1,2,2,-,-,-,-,,13.50
73,Ryan Nall,RB,CHI,-,-,-,-,-,4,35,1,-,-,-,,13.50
74,Marvin Jones,WR,DET,-,-,-,-,-,3,43,1,-,-,-,,13.30
75,Hayden Hurst,TE,ATL,-,-,-,-,-,7,62,-,-,-,-,,13.20
76,Darren Waller,TE,LV,-,-,-,-,-,5,22,1,-,-,-,,13.20
77,Mike Williams,WR,LAC,-,-,-,-,-,5,81,-,-,-,-,,13.10
78,Aaron Jones,RB,GB,-,-,-,58,-,5,21,-,-,-,-,,12.90
79,Tim Patrick,WR,DEN,-,-,-,-,-,4,29,1,-,-,-,,12.90
80,Adam Trautman,TE,NO,-,-,-,-,-,3,39,1,-,-,-,,12.90
81,Daniel Jones,QB,NYG,212,1,-,4,-,-,-,-,-,-,-,,12.88
82,Devontae Booker,RB,LV,-,-,-,68,1,-,-,-,-,-,-,,12.80
83,Zack Moss,RB,BUF,-,-,-,18,1,2,30,-,-,-,-,,12.80
84,D'Andre Swift,RB,DET,-,-,-,64,-,3,33,-,-,-,-,,12.70
85,Amari Cooper,WR,DAL,-,-,-,8,-,5,67,-,-,-,-,,12.50
86,Antonio Gibson,RB,WAS,-,-,-,20,1,3,35,-,-,-,-,,12.50
87,Clyde Edwards-Helaire,RB,KC,-,-,-,14,-,3,20,1,-,-,-,,12.40
88,DeVante Parker,WR,MIA,-,-,-,-,-,6,64,-,-,-,-,,12.40
89,Chris Conley,WR,JAX,-,-,-,-,-,7,52,-,-,-,-,,12.20
90,DeeJay Dallas,RB,SEA,-,-,-,31,1,2,8,-,-,-,-,,11.90
91,Chase Edmonds,RB,ARI,-,-,-,70,-,3,18,-,-,-,-,,11.80
92,Sterling Shepard,WR,NYG,-,-,-,18,-,6,39,-,-,-,-,,11.70
93,Nick Mullens,QB,SF,291,1,1,-,-,-,-,-,-,-,-,,11.64
94,Damiere Byrd,WR,NE,-,-,-,-,-,5,65,-,-,-,-,,11.50
95,Eric Ebron,TE,PIT,-,-,-,-,-,3,22,1,-,-,-,,11.20
96,Tyler Ervin,RB,GB,-,-,-,24,-,4,48,-,-,-,-,,11.20
97,Austin Mack,WR,NYG,-,-,-,-,-,4,72,-,-,-,-,,11.20
98,Jonnu Smith,TE,TEN,-,-,-,-,-,2,32,1,-,-,-,,11.20
99,Jacob Hollister,TE,SEA,-,-,-,-,-,5,60,-,-,-,-,,11.00
100,Travis Homer,RB,SEA,-,-,-,16,-,3,64,-,-,-,-,,11.00
101,Alex Smith,QB,WAS,325,1,3,-,-,-,-,-,-,-,-,,11.00
102,Joshua Kelley,RB,LAC,-,-,-,28,-,5,31,-,-,-,-,,10.90
103,Jamison Crowder,WR,NYJ,-,-,-,-,-,2,26,1,-,-,-,,10.60
104,Zach Pascal,WR,IND,-,-,-,-,-,5,55,-,-,-,-,,10.50
105,Taysom Hill,QB,NO,48,-,-,54,-,1,21,-,-,-,-,,10.42
106,Mike Evans,WR,TB,-,-,-,-,-,4,64,-,-,-,-,,10.40
107,Demarcus Robinson,WR,KC,-,-,-,-,-,3,34,1,-,-,-,,10.40
108,Denzel Mims,WR,NYJ,-,-,-,-,-,4,62,-,-,-,-,,10.20
109,Leonard Fournette,RB,TB,-,-,-,-,-,6,41,-,-,-,-,,10.10
110,Michael Thomas,WR,NO,-,-,-,-,-,5,51,-,-,-,-,,10.10
111,Isaiah McKenzie,WR,BUF,-,-,-,1,-,1,25,1,-,-,-,,9.60
112,Michael Pittman,WR,IND,-,-,-,-,-,4,56,-,-,-,-,,9.60
113,De'Michael Harris,WR,IND,-,-,-,28,-,4,27,-,-,-,-,,9.50
114,Kerryon Johnson,RB,DET,-,-,-,29,-,3,36,-,-,-,-,,9.50
115,Gus Edwards,RB,BAL,-,-,-,23,1,2,11,-,-,-,-,,9.40
116,Larry Fitzgerald,WR,ARI,-,-,-,-,-,4,54,-,-,-,-,,9.40
117,Josh Hill,TE,NO,-,-,-,-,-,2,14,1,-,-,-,,9.40
118,Justin Jefferson,WR,MIN,-,-,-,-,-,3,64,-,-,-,-,,9.40
119,Jonathan Taylor,RB,IND,-,-,-,27,1,2,7,-,-,-,-,,9.40
120,Darnell Mooney,WR,CHI,-,-,-,-,-,5,43,-,-,-,-,,9.30
121,Ameer Abdullah,RB,MIN,-,-,-,-,-,1,22,1,-,-,-,,9.20
122,Darrell Daniels,TE,ARI,-,-,-,-,-,1,21,1,-,-,-,,9.10
123,Ezekiel Elliott,RB,DAL,-,-,-,51,-,2,18,-,-,-,-,,8.90
124,Anthony Miller,WR,CHI,-,-,-,-,-,5,59,-,-,-,-,,8.90
125,Tyler Eifert,TE,JAX,-,-,-,-,-,4,48,-,-,-,-,,8.80
126,Dalton Schultz,TE,DAL,-,-,-,-,-,4,48,-,-,-,-,,8.80
127,Mike Davis,RB,CAR,-,-,-,3,-,5,34,-,-,-,-,,8.70
128,James Washington,WR,PIT,-,-,-,-,-,1,17,1,-,-,-,,8.70
129,Nick Boyle,TE,BAL,-,-,-,-,-,4,46,-,-,-,-,,8.60
130,Matthew Stafford,QB,DET,211,1,2,-,-,-,-,-,-,-,-,,8.44
131,Tre'Quan Smith,WR,NO,-,-,-,-,-,1,14,1,-,-,-,,8.40
132,Brandon Powell,WR,ATL,-,-,-,4,-,1,9,1,-,-,-,,8.30
133,Ross Dwelley,TE,SF,-,-,-,-,-,3,52,-,-,-,-,,8.20
134,Mack Hollins,WR,MIA,-,-,-,-,-,1,11,1,-,-,-,,8.10
135,Alfred Morris,RB,,-,-,-,67,-,1,4,-,-,-,-,,8.10
136,Tyler Lockett,WR,SEA,-,-,-,-,-,4,40,-,-,-,-,,8.00
137,Cordarrelle Patterson,WR,CHI,-,-,-,13,-,4,27,-,-,-,-,,8.00
138,Hunter Renfrow,WR,LV,-,-,-,-,-,2,60,-,-,-,-,,8.00
139,Frank Gore,RB,NYJ,-,-,-,46,-,2,13,-,-,-,-,,7.90
140,Jordan Howard,RB,MIA,-,-,-,19,1,-,-,-,-,-,-,,7.90
141,Mecole Hardman,WR,KC,-,-,-,-,-,3,48,-,-,-,-,,7.80
142,Chris Thompson,RB,JAX,-,-,-,3,-,4,35,-,-,-,-,,7.80
143,Willie Snead,WR,BAL,-,-,-,-,-,4,37,-,-,-,-,,7.70
144,Noah Fant,TE,DEN,-,-,-,-,-,3,45,-,-,-,-,,7.50
145,Jakeem Grant,WR,MIA,-,-,-,-,-,4,35,-,-,-,-,,7.50
146,Gabe Nabers,RB,LAC,-,-,-,-,-,1,4,1,-,-,-,,7.40
147,Maxx Williams,TE,ARI,-,-,-,-,-,1,4,1,-,-,-,,7.40
148,Mo Alie-Cox,TE,IND,-,-,-,-,-,3,43,-,-,-,-,,7.30
149,Hunter Henry,TE,LAC,-,-,-,-,-,4,33,-,-,-,-,,7.30
150,Adrian Peterson,RB,DET,-,-,-,29,-,3,14,-,-,-,-,,7.30
151,Mike Gesicki,TE,MIA,-,-,-,-,-,3,42,-,-,-,-,,7.20
152,Chris Godwin,WR,TB,-,-,-,-,-,3,41,-,-,-,-,,7.10
153,Damien Harris,RB,NE,-,-,-,71,-,-,-,-,-,-,-,,7.10
154,Tyler Kroft,TE,BUF,-,-,-,-,-,1,1,1,-,-,-,,7.10
155,Marcedes Lewis,TE,GB,-,-,-,-,-,1,1,1,-,-,-,,7.10
156,Philip Rivers,QB,IND,227,-,1,-,-,-,-,-,-,-,-,,7.08
157,Kyle Rudolph,TE,MIN,-,-,-,-,-,3,40,-,-,-,-,,7.00
158,Cole Beasley,WR,BUF,-,-,-,-,-,3,39,-,-,-,-,,6.90
159,Alexander Mattison,RB,MIN,-,-,-,69,-,-,-,-,-,-,-,,6.90
160,Marquise Brown,WR,BAL,-,-,-,-,-,3,38,-,-,-,-,,6.80
161,Derrick Henry,RB,TEN,-,-,-,68,-,-,-,-,-,-,-,,6.80
162,Tony Pollard,RB,DAL,-,-,-,57,-,1,1,-,-,-,-,,6.80
163,Michael Gallup,WR,DAL,-,-,-,-,-,3,36,-,-,-,-,,6.60
164,Devin Singletary,RB,BUF,-,-,-,1,-,3,33,-,-,-,-,,6.40
165,James White,RB,NE,-,-,-,-,-,4,24,-,-,-,-,,6.40
166,Chase Daniel,QB,DET,94,1,1,5,-,-,-,-,-,-,-,,6.26
167,Latavius Murray,RB,NO,-,-,-,39,-,2,3,-,-,-,-,,6.20
168,Christian Blake,WR,ATL,-,-,-,-,-,3,31,-,-,-,-,,6.10
169,Antonio Brown,WR,TB,-,-,-,-,-,3,31,-,-,-,-,,6.10
170,DeAndre Hopkins,WR,ARI,-,-,-,-,-,3,30,-,-,-,-,,6.00
171,Tyron Johnson,WR,LAC,-,-,-,-,-,1,50,-,-,-,-,,6.00
172,Marvin Hall,WR,DET,-,-,-,-,-,3,28,-,-,-,-,,5.80
173,Nyheim Hines,RB,IND,-,-,-,18,-,2,20,-,-,-,-,,5.80
174,La'Mical Perine,RB,NYJ,-,-,-,19,-,2,19,-,-,-,-,,5.80
175,Adam Thielen,WR,MIN,-,-,-,-,-,2,38,-,-,-,-,,5.80
176,Logan Thomas,TE,WAS,-,-,-,-,-,3,28,-,-,-,-,,5.80
177,Jordan Wilkins,RB,IND,-,-,-,39,-,2,-1,-,-,-,-,,5.80
178,J.K. Dobbins,RB,BAL,-,-,-,30,-,2,5,-,-,-,-,,5.50
179,Mark Andrews,TE,BAL,-,-,-,-,-,3,22,-,-,-,-,,5.20
180,David Montgomery,RB,CHI,-,-,-,30,-,3,12,-,-,-,-,,5.20
181,Quintez Cephus,WR,DET,-,-,-,-,-,2,31,-,-,-,-,,5.10
182,Randall Cobb,WR,HOU,-,-,-,-,-,3,21,-,-,-,-,,5.10
183,Deonte Harris,WR,NO,-,-,-,-,-,1,40,-,-,-,-,,5.00
184,Anthony Firkser,TE,TEN,-,-,-,-,-,3,19,-,-,-,-,,4.90
185,Ryan Griffin,TE,NYJ,-,-,-,-,-,2,28,-,-,-,-,,4.80
186,Ronald Jones,RB,TB,-,-,-,9,-,3,9,-,-,-,-,,4.80
187,Darren Fells,TE,HOU,-,-,-,-,-,2,26,-,-,-,-,,4.60
188,Riley Ridley,WR,CHI,-,-,-,-,-,2,23,-,-,-,-,,4.30
189,Anthony McFarland,RB,PIT,-,-,-,7,-,2,15,-,-,-,-,,4.20
190,Dion Lewis,RB,NYG,-,-,-,5,-,2,16,-,-,-,-,,4.10
191,James Conner,RB,PIT,-,-,-,22,-,2,-2,-,-,-,-,,4.00
192,Isaiah Wright,WR,WAS,-,-,-,-,-,3,30,-,-,-,-,,4.00
193,Jordan Akins,TE,HOU,-,-,-,-,-,2,19,-,-,-,-,,3.90
194,Salvon Ahmed,RB,MIA,-,-,-,38,-,-,-,-,-,-,-,,3.80
195,D.J. Moore,WR,CAR,-,-,-,-,-,2,18,-,-,-,-,,3.80
196,Brandon Zylstra,WR,CAR,-,-,-,-,-,1,28,-,-,-,-,,3.80
197,Melvin Gordon,RB,DEN,-,-,-,18,-,1,9,-,-,-,-,,3.70
198,Will Dissly,TE,SEA,-,-,-,-,-,1,26,-,-,-,-,,3.60
199,Ray-Ray McCloud,WR,PIT,-,-,-,-,-,2,16,-,-,-,-,,3.60
200,Marcus Johnson,WR,IND,-,-,-,-,-,2,14,-,-,-,-,,3.40
201,River Cracraft,WR,SF,-,-,-,-,-,2,13,-,-,-,-,,3.30
202,JaMycal Hasty,RB,SF,-,-,-,3,-,2,10,-,-,-,-,,3.30
203,Greg Olsen,TE,SEA,-,-,-,-,-,2,13,-,-,-,-,,3.30
204,DaeSean Hamilton,WR,DEN,-,-,-,-,-,2,12,-,-,-,-,,3.20
205,Jalen Richard,RB,LV,-,-,-,3,-,1,19,-,-,-,-,,3.20
206,Marquez Callaway,WR,NO,-,-,-,-,-,2,11,-,-,-,-,,3.10
207,Russell Gage,WR,ATL,-,-,-,-,-,2,11,-,-,-,-,,3.10
208,Jared Cook,TE,NO,-,-,-,-,-,2,30,-,-,-,-,,3.00
209,Andy Isabella,WR,ARI,-,-,-,-,-,2,10,-,-,-,-,,3.00
210,Durham Smythe,TE,MIA,-,-,-,-,-,1,19,-,-,-,-,,2.90
211,Dan Arnold,TE,ARI,-,-,-,-,-,1,16,-,-,-,-,,2.60
212,Jakob Johnson,TE,NE,-,-,-,-,-,2,6,-,-,-,-,,2.60
213,Patrick Laird,RB,MIA,-,-,-,-1,-,1,17,-,-,-,-,,2.60
214,Gunner Olszewski,WR,NE,-,-,-,16,-,1,-1,-,-,-,-,,2.50
215,Kyle Allen,QB,WAS,62,-,-,-,-,-,-,-,-,-,-,,2.48
216,Brian Hill,RB,ATL,-,-,-,24,-,-,-,-,-,-,-,,2.40
217,Tom Brady,QB,TB,209,-,3,-,-,-,-,-,-,-,-,,2.36
218,Braxton Berrios,WR,NYJ,-,-,-,-,-,1,13,-,-,-,-,,2.30
219,Michael Burton,RB,NO,-,-,-,1,-,1,12,-,-,-,-,,2.30
220,Phillip Lindsay,RB,DEN,-,-,-,23,-,-,-,-,-,-,-,,2.30
221,Luke Stocker,TE,ATL,-,-,-,-,-,1,12,-,-,-,-,,2.20
222,Miles Boykin,WR,BAL,-,-,-,-,-,1,11,-,-,-,-,,2.10
223,Tyler Johnson,WR,TB,-,-,-,-,-,1,11,-,-,-,-,,2.10
224,Nick Vannett,TE,DEN,-,-,-,-,-,1,11,-,-,-,-,,2.10
225,C.J. Board,WR,NYG,-,-,-,-,-,1,10,-,-,-,-,,2.00
226,Scott Miller,WR,TB,-,-,-,-,-,1,10,-,-,-,-,,2.00
227,D.J. Foster,RB,,-,-,-,2,-,1,7,-,-,-,-,,1.90
228,Jalen Guyton,WR,LAC,-,-,-,-,-,1,9,-,-,-,-,,1.90
229,Collin Johnson,WR,JAX,-,-,-,-,-,1,9,-,-,-,-,,1.90
230,James O'Shaughnessy,TE,JAX,-,-,-,-,-,1,9,-,-,-,-,,1.90
231,Trent Taylor,WR,SF,-,-,-,-,-,1,9,-,-,-,-,,1.90
232,Darius Slayton,WR,NYG,-,-,-,2,-,1,6,-,-,-,-,,1.80
233,Kaden Smith,TE,NYG,-,-,-,-,-,1,8,-,-,-,-,,1.80
234,Ian Thomas,TE,CAR,-,-,-,-,-,1,8,-,-,-,-,,1.80
235,Albert Okwuegbunam,TE,DEN,-,-,-,-,-,1,7,-,-,-,-,,1.70
236,Cameron Batson,WR,TEN,-,-,-,-,-,1,6,-,-,-,-,,1.60
237,Trey Burton,TE,IND,-,-,-,-,-,1,6,-,-,-,-,,1.60
238,Keelan Cole,WR,JAX,-,-,-,-,-,1,6,-,-,-,-,,1.60
239,Alec Ingold,RB,LV,-,-,-,-,-,1,6,-,-,-,-,,1.60
240,David Johnson,RB,HOU,-,-,-,16,-,-,-,-,-,-,-,,1.60
241,Ced Wilson,WR,DAL,-,-,-,-,-,1,6,-,-,-,-,,1.60
242,Robert Tonyan,TE,GB,-,-,-,-,-,1,5,-,-,-,-,,1.50
243,Kyle Juszczyk,RB,SF,-,-,-,-,-,1,4,-,-,-,-,,1.40
244,Steven Sims,WR,WAS,-,-,-,-,-,1,4,-,-,-,-,,1.40
245,Le'Veon Bell,RB,KC,-,-,-,8,-,1,-5,-,-,-,-,,1.30
246,Jordan Reed,TE,SF,-,-,-,-,-,1,3,-,-,-,-,,1.30
247,Darrius Shepherd,WR,GB,-,-,-,-,-,1,3,-,-,-,-,,1.30
248,Darrel Williams,RB,KC,-,-,-,-,-,1,3,-,-,-,-,,1.30
249,Rob Gronkowski,TE,TB,-,-,-,-,-,1,2,-,-,-,-,,1.20
250,Vance McDonald,TE,PIT,-,-,-,-,-,1,2,-,-,-,-,,1.20
251,D'Onta Foreman,RB,TEN,-,-,-,11,-,-,-,-,-,-,-,,1.10
252,Jace Sternberger,TE,GB,-,-,-,-,-,1,1,-,-,-,-,,1.10
253,Jesse James,TE,DET,-,-,-,-,-,1,-,-,-,-,-,,1.00
254,Jeremy McNichols,RB,TEN,-,-,-,10,-,-,-,-,-,-,-,,1.00
255,Henry Ruggs III,WR,LV,-,-,-,10,-,-,-,-,-,-,-,,1.00
256,Levine Toilolo,TE,NYG,-,-,-,-,-,1,-,-,-,-,-,,1.00
257,Jason Witten,TE,LV,-,-,-,-,-,1,-,-,-,-,-,,1.00
258,Laviska Shenault Jr.,WR,JAX,-,-,-,-,-,1,-1,-,-,-,-,,0.90
259,Malik Taylor,WR,GB,-,-,-,9,-,-,-,-,-,-,-,,0.90
260,Dwayne Washington,RB,NO,-,-,-,9,-,-,-,-,-,-,-,,0.90
261,Dexter Williams,RB,,-,-,-,8,-,-,-,-,-,-,-,,0.80
262,Joe Reed,WR,LAC,-,-,-,7,-,-,-,-,-,-,-,,0.70
263,Blake Bell,TE,DAL,-,-,-,-,-,1,-4,-,-,-,-,,0.60
264,John Lovett,RB,GB,-,-,-,6,-,-,-,-,-,-,-,,0.60
265,Alex Collins,RB,,-,-,-,5,-,-,-,-,-,-,-,,0.50
266,Elijhaa Penny,RB,NYG,-,-,-,2,-,-,-,-,-,-,-,,0.20
267,Jameis Winston,QB,NO,12,-,-,-3,-,-,-,-,-,-,-,,0.18
268,Mason Rudolph,QB,PIT,3,-,-,-,-,-,-,-,-,-,-,,0.12
269,Keith Smith,RB,ATL,-,-,-,1,-,-,-,-,-,-,-,,0.10
270,Benny Snell,RB,PIT,-,-,-,1,-,-,-,-,-,-,-,,0.10
271,Stephen Anderson,TE,LAC,-,-,-,-,-,-,-,-,-,-,-,,0.00
272,Chad Beebe,WR,MIN,-,-,-,-,-,-,-,-,-,-,-,,0.00
273,Mike Boone,RB,MIN,-,-,-,-,-,-,-,-,-,-,-,,0.00
274,Jacoby Brissett,QB,IND,-,-,-,-,-,-,-,-,-,-,-,,0.00
275,Pharaoh Brown,TE,HOU,-,-,-,-,-,-,-,-,-,-,-,,0.00
276,Derek Carrier,TE,LV,-,-,-,-,-,-,-,-,-,-,-,,0.00
277,DeAndre Carter,WR,HOU,-,-,-,-,-,-,-,-,-,-,-,,0.00
278,Dan Chisena,WR,MIN,-,-,-,-,-,-,-,-,-,-,-,,0.00
279,Tyrie Cleveland,WR,DEN,-,-,-,-,-,-,-,-,-,-,-,,0.00
280,Pharoh Cooper,WR,CAR,-,-,-,-,-,-,-,-,-,-,-,,0.00
281,Corey Davis,WR,TEN,-,-,-,-,-,-,-,-,-,-,-,,0.00
282,Rico Dowdle,RB,DAL,-,-,-,-,-,-,-,-,-,-,-,,0.00
283,Jack Doyle,TE,IND,-,-,-,-,-,-,-,-,-,-,-,,0.00
284,Devonta Freeman,RB,NYG,-,-,-,-,-,-,-,-,-,-,-,,0.00
285,Cullen Gillaspia,RB,HOU,-,-,-,-,-,-,-,-,-,-,-,,0.00
286,Jaeden Graham,TE,ATL,-,-,-,-,-,-,-,-,-,-,-,,0.00
287,C.J. Ham,RB,MIN,-,-,-,-,-,-,-,-,-,-,-,,0.00
288,Dwayne Harris,WR,CHI,-,-,-,-,-,-,-,-,-,-,-,,0.00
289,Penny Hart,WR,SEA,-,-,-,-,-,-,-,-,-,-,-,,0.00
290,Temarrick Hemingway,TE,WAS,-,-,-,-,-,-,-,-,-,-,-,,0.00
291,Justice Hill,RB,BAL,-,-,-,-,-,-,-,-,-,-,-,,0.00
292,J.P. Holtz,TE,CHI,-,-,-,-,-,-,-,-,-,-,-,,0.00
293,Nick Keizer,TE,KC,-,-,-,-,-,-,-,-,-,-,-,,0.00
294,Jaydon Mickens,WR,TB,-,-,-,-,-,-,-,-,-,-,-,,0.00
295,K.J. Osborn,WR,MIN,-,-,-,-,-,-,-,-,-,-,-,,0.00
296,Donald Parham,TE,LAC,-,-,-,-,-,-,-,-,-,-,-,,0.00
297,Malcolm Perry,WR,MIA,-,-,-,-,-,-,-,-,-,-,-,,0.00
298,James Proche,WR,BAL,-,-,-,-,-,-,-,-,-,-,-,,0.00
299,Kalif Raymond,WR,TEN,-,-,-,-,-,-,-,-,-,-,-,,0.00
300,Andre Roberts,WR,BUF,-,-,-,-,-,-,-,-,-,-,-,,0.00
301,Adam Shaheen,TE,MIA,-,-,-,-,-,-,-,-,-,-,-,,0.00
302,Matthew Slater,WR,NE,-,-,-,-,-,-,-,-,-,-,-,,0.00
303,Freddie Swain,WR,SEA,-,-,-,-,-,-,-,-,-,-,-,,0.00
304,Tyrod Taylor,QB,LAC,-,-,-,-,-,-,-,-,-,-,-,,0.00
305,Eric Tomlinson,TE,NYG,-,-,-,-,-,-,-,-,-,-,-,,0.00
306,Jonathan Ward,RB,ARI,-,-,-,-,-,-,-,-,-,-,-,,0.00
307,Tim Boyle,QB,GB,-,-,-,-1,-,-,-,-,-,-,-,,-0.10
308,Devin Duvernay,WR,BAL,-,-,-,-1,-,-,-,-,-,-,-,,-0.10
309,Blaine Gabbert,QB,TB,-,-,-,-1,-,-,-,-,-,-,-,,-0.10
310,K.J. Hill,WR,LAC,-,-,-,-,-,-,-,-,-,-,-,,-2.00
311,Jerell Adams,TE,,-,-,-,-,-,-,-,-,-,-,-,,0.00
312,Josh Adams,RB,,-,-,-,-,-,-,-,-,-,-,-,,0.00
313,Rodney Adams,WR,,-,-,-,-,-,-,-,-,-,-,-,,0.00
314,Bralon Addison,WR,,-,-,-,-,-,-,-,-,-,-,-,,0.00
315,Quincy Adeboyejo,WR,NE,-,-,-,-,-,-,-,-,-,-,-,,0.00
316,Jamal Agnew,WR,DET,-,-,-,-,-,-,-,-,-,-,-,,0.00
317,Brandon Aiyuk,WR,SF,-,-,-,-,-,-,-,-,-,-,-,,0.00
318,Cam Akers,RB,LA,-,-,-,-,-,-,-,-,-,-,-,,0.00
319,Brandon Allen,QB,,-,-,-,-,-,-,-,-,-,-,-,,0.00
320,Geronimo Allison,WR,,-,-,-,-,-,-,-,-,-,-,-,,0.00
321,Bruce Anderson,RB,,-,-,-,-,-,-,-,-,-,-,-,,0.00
322,Darius Anderson,RB,,-,-,-,-,-,-,-,-,-,-,-,,0.00
323,Drew Anderson,QB,,-,-,-,-,-,-,-,-,-,-,-,,0.00
324,Rodney Anderson,RB,,-,-,-,-,-,-,-,-,-,-,-,,0.00
325,J.J. Arcega-Whiteside,WR,PHI,-,-,-,-,-,-,-,-,-,-,-,,0.00
326,Alex Armah,RB,CAR,-,-,-,-,-,-,-,-,-,-,-,,0.00
327,Ryquell Armstead,RB,JAX,-,-,-,-,-,-,-,-,-,-,-,,0.00
328,Devin Asiasi,TE,NE,-,-,-,-,-,-,-,-,-,-,-,,0.00
329,George Aston,RB,,-,-,-,-,-,-,-,-,-,-,-,,0.00
330,Marcell Ateman,WR,,-,-,-,-,-,-,-,-,-,-,-,,0.00
331,Antony Auclair,TE,TB,-,-,-,-,-,-,-,-,-,-,-,,0.00
332,Tavon Austin,WR,,-,-,-,-,-,-,-,-,-,-,-,,0.00
333,Andre Baccellia,WR,,-,-,-,-,-,-,-,-,-,-,-,,0.00
334,Alex Bachman,WR,,-,-,-,-,-,-,-,-,-,-,-,,0.00
335,Manasseh Bailey,WR,,-,-,-,-,-,-,-,-,-,-,-,,0.00
336,Peyton Barber,RB,WAS,-,-,-,-,-,-,-,-,-,-,-,,0.00
337,Jake Bargas,RB,,-,-,-,-,-,-,-,-,-,-,-,,0.00
338,Matt Barkley,QB,BUF,-,-,-,-,-,-,-,-,-,-,-,,0.00
339,Saquon Barkley,RB,NYG,-,-,-,-,-,-,-,-,-,-,-,,0.00
340,J.T. Barrett,QB,,-,-,-,-,-,-,-,-,-,-,-,,0.00
341,Marcus Baugh,TE,,-,-,-,-,-,-,-,-,-,-,-,,0.00
342,Nick Bawden,RB,DET,-,-,-,-,-,-,-,-,-,-,-,,0.00
343,Omar Bayless,WR,CAR,-,-,-,-,-,-,-,-,-,-,-,,0.00
344,Evan Baylis,TE,,-,-,-,-,-,-,-,-,-,-,-,,0.00
345,C.J. Beathard,QB,SF,-,-,-,-,-,-,-,-,-,-,-,,0.00
346,Andrew Beck,TE,DEN,-,-,-,-,-,-,-,-,-,-,-,,0.00
347,Nate Becker,TE,,-,-,-,-,-,-,-,-,-,-,-,,0.00
348,Ryan Becker,TE,,-,-,-,-,-,-,-,-,-,-,-,,0.00
349,Odell Beckham Jr.,WR,CLE,-,-,-,-,-,-,-,-,-,-,-,,0.00
350,Reggie Begelton,WR,,-,-,-,-,-,-,-,-,-,-,-,,0.00
351,Josh Bellamy,WR,,-,-,-,-,-,-,-,-,-,-,-,,0.00
352,Levante Bellamy,RB,DEN,-,-,-,-,-,-,-,-,-,-,-,,0.00
353,Nick Bellore,RB,SEA,-,-,-,-,-,-,-,-,-,-,-,,0.00
354,Eno Benjamin,RB,ARI,-,-,-,-,-,-,-,-,-,-,-,,0.00
355,Travis Benjamin,WR,,-,-,-,-,-,-,-,-,-,-,-,,0.00
356,Kurt Benkert,QB,,-,-,-,-,-,-,-,-,-,-,-,,0.00
357,Trinity Benson,WR,,-,-,-,-,-,-,-,-,-,-,-,,0.00
358,Giovani Bernard,RB,CIN,-,-,-,-,-,-,-,-,-,-,-,,0.00
359,Rashod Berry,TE,,-,-,-,-,-,-,-,-,-,-,-,,0.00
360,Justin Blackmon,WR,JAX,-,-,-,-,-,-,-,-,-,-,-,,0.00
361,Saeed Blacknall,WR,,-,-,-,-,-,-,-,-,-,-,-,,0.00
362,Kendall Blanton,TE,,-,-,-,-,-,-,-,-,-,-,-,,0.00
363,Khari Blasingame,RB,TEN,-,-,-,-,-,-,-,-,-,-,-,,0.00
364,David Blough,QB,DET,-,-,-,-,-,-,-,-,-,-,-,,0.00
365,Moritz Boehringer,TE,,-,-,-,-,-,-,-,-,-,-,-,,0.00
366,Brandon Bolden,RB,,-,-,-,-,-,-,-,-,-,-,-,,0.00
367,Victor Bolden,WR,,-,-,-,-,-,-,-,-,-,-,-,,0.00
368,Reggie Bonnafon,RB,,-,-,-,-,-,-,-,-,-,-,-,,0.00
369,Blake Bortles,QB,,-,-,-,-,-,-,-,-,-,-,-,,0.00
370,Kendrick Bourne,WR,SF,-,-,-,-,-,-,-,-,-,-,-,,0.00
371,Lynn Bowden,RB,MIA,-,-,-,-,-,-,-,-,-,-,-,,0.00
372,Nick Bowers,TE,,-,-,-,-,-,-,-,-,-,-,-,,0.00
373,Tyler Boyd,WR,CIN,-,-,-,-,-,-,-,-,-,-,-,,0.00
374,Ja'Marcus Bradley,WR,,-,-,-,-,-,-,-,-,-,-,-,,0.00
375,Darius Bradwell,RB,,-,-,-,-,-,-,-,-,-,-,-,,0.00
376,Jermiah Braswell,WR,,-,-,-,-,-,-,-,-,-,-,-,,0.00
377,Cameron Brate,TE,TB,-,-,-,-,-,-,-,-,-,-,-,,0.00
378,Ben Braunecker,TE,,-,-,-,-,-,-,-,-,-,-,-,,0.00
379,Tyler Bray,QB,,-,-,-,-,-,-,-,-,-,-,-,,0.00
380,Jacob Breeland,TE,BAL,-,-,-,-,-,-,-,-,-,-,-,,0.00
381,Matt Breida,RB,MIA,-,-,-,-,-,-,-,-,-,-,-,,0.00
382,Tony Brooks-James,RB,,-,-,-,-,-,-,-,-,-,-,-,,0.00
383,Billy Brown,TE,,-,-,-,-,-,-,-,-,-,-,-,,0.00
384,Daniel Brown,TE,NYJ,-,-,-,-,-,-,-,-,-,-,-,,0.00
385,Fred Brown,WR,,-,-,-,-,-,-,-,-,-,-,-,,0.00
386,Jaron Brown,WR,,-,-,-,-,-,-,-,-,-,-,-,,0.00
387,Malcolm Brown,RB,LA,-,-,-,-,-,-,-,-,-,-,-,,0.00
388,Noah Brown,WR,DAL,-,-,-,-,-,-,-,-,-,-,-,,0.00
389,Tony Brown,WR,,-,-,-,-,-,-,-,-,-,-,-,,0.00
390,Jake Browning,QB,,-,-,-,-,-,-,-,-,-,-,-,,0.00
391,Dez Bryant,WR,,-,-,-,-,-,-,-,-,-,-,-,,0.00
392,Harrison Bryant,TE,CLE,-,-,-,-,-,-,-,-,-,-,-,,0.00
393,Hunter Bryant,TE,DET,-,-,-,-,-,-,-,-,-,-,-,,0.00
394,Ventell Bryant,WR,,-,-,-,-,-,-,-,-,-,-,-,,0.00
395,Ian Bunting,TE,,-,-,-,-,-,-,-,-,-,-,-,,0.00
396,Deontay Burnett,WR,,-,-,-,-,-,-,-,-,-,-,-,,0.00
397,Joe Burrow,QB,CIN,-,-,-,-,-,-,-,-,-,-,-,,0.00
398,Jake Burt,TE,,-,-,-,-,-,-,-,-,-,-,-,,0.00
399,Emmanuel Butler,WR,,-,-,-,-,-,-,-,-,-,-,-,,0.00
400,Hakeem Butler,TE,,-,-,-,-,-,-,-,-,-,-,-,,0.00
401,Paul Butler,TE,,-,-,-,-,-,-,-,-,-,-,-,,0.00
402,Jake Butt,TE,DEN,-,-,-,-,-,-,-,-,-,-,-,,0.00
403,Lawrence Cager,WR,,-,-,-,-,-,-,-,-,-,-,-,,0.00
404,Deon Cain,WR,,-,-,-,-,-,-,-,-,-,-,-,,0.00
405,Raymond Calais,RB,LA,-,-,-,-,-,-,-,-,-,-,-,,0.00
406,Antonio Callaway,WR,,-,-,-,-,-,-,-,-,-,-,-,,0.00
407,George Campbell,WR,,-,-,-,-,-,-,-,-,-,-,-,,0.00
408,Parris Campbell,WR,IND,-,-,-,-,-,-,-,-,-,-,-,,0.00
409,Trenton Cannon,RB,CAR,-,-,-,-,-,-,-,-,-,-,-,,0.00
410,Dylan Cantrell,WR,,-,-,-,-,-,-,-,-,-,-,-,,0.00
411,Stephen Carlson,TE,CLE,-,-,-,-,-,-,-,-,-,-,-,,0.00
412,Austin Carr,WR,,-,-,-,-,-,-,-,-,-,-,-,,0.00
413,Patrick Carr,RB,SEA,-,-,-,-,-,-,-,-,-,-,-,,0.00
414,Chris Carson,RB,SEA,-,-,-,-,-,-,-,-,-,-,-,,0.00
415,Tra Carson,RB,,-,-,-,-,-,-,-,-,-,-,-,,0.00
416,Cethan Carter,TE,CIN,-,-,-,-,-,-,-,-,-,-,-,,0.00
417,Garrett Celek,TE,,-,-,-,-,-,-,-,-,-,-,-,,0.00
418,Jehu Chesson,WR,,-,-,-,-,-,-,-,-,-,-,-,,0.00
419,Adam Choice,RB,,-,-,-,-,-,-,-,-,-,-,-,,0.00
420,Nick Chubb,RB,CLE,-,-,-,-,-,-,-,-,-,-,-,,0.00
421,Jordan Chunn,RB,,-,-,-,-,-,-,-,-,-,-,-,,0.00
422,Darion Clark,TE,CHI,-,-,-,-,-,-,-,-,-,-,-,,0.00
423,Charles Clay,TE,,-,-,-,-,-,-,-,-,-,-,-,,0.00
424,Corey Clement,RB,PHI,-,-,-,-,-,-,-,-,-,-,-,,0.00
425,Tarik Cohen,RB,CHI,-,-,-,-,-,-,-,-,-,-,-,,0.00
426,Matt Cole,WR,,-,-,-,-,-,-,-,-,-,-,-,,0.00
427,Corey Coleman,WR,,-,-,-,-,-,-,-,-,-,-,-,,0.00
428,Tevin Coleman,RB,SF,-,-,-,-,-,-,-,-,-,-,-,,0.00
429,Tyler Conklin,TE,MIN,-,-,-,-,-,-,-,-,-,-,-,,0.00
430,C.J. Conrad,TE,,-,-,-,-,-,-,-,-,-,-,-,,0.00
431,Case Cookus,QB,,-,-,-,-,-,-,-,-,-,-,-,,0.00
432,Cody Core,WR,NYG,-,-,-,-,-,-,-,-,-,-,-,,0.00
433,Jeff Cotton,WR,,-,-,-,-,-,-,-,-,-,-,-,,0.00
434,Nathan Cottrell,RB,,-,-,-,-,-,-,-,-,-,-,-,,0.00
435,Isaiah Coulter,WR,HOU,-,-,-,-,-,-,-,-,-,-,-,,0.00
436,Keke Coutee,WR,HOU,-,-,-,-,-,-,-,-,-,-,-,,0.00
437,Chandler Cox,RB,MIA,-,-,-,-,-,-,-,-,-,-,-,,0.00
438,Jeremy Cox,RB,DEN,-,-,-,-,-,-,-,-,-,-,-,,0.00
439,Damarea Crockett,RB,,-,-,-,-,-,-,-,-,-,-,-,,0.00
440,Jason Croom,TE,,-,-,-,-,-,-,-,-,-,-,-,,0.00
441,Sean Culkin,TE,,-,-,-,-,-,-,-,-,-,-,-,,0.00
442,Jerome Cunningham,TE,,-,-,-,-,-,-,-,-,-,-,-,,0.00
443,Jamal Custis,WR,,-,-,-,-,-,-,-,-,-,-,-,,0.00
444,Dominique Dafney,TE,,-,-,-,-,-,-,-,-,-,-,-,,0.00
445,Andy Dalton,QB,DAL,-,-,-,-,-,-,-,-,-,-,-,,0.00
446,Mikey Daniel,RB,,-,-,-,-,-,-,-,-,-,-,-,,0.00
447,Amara Darboh,WR,,-,-,-,-,-,-,-,-,-,-,-,,0.00
448,Sam Darnold,QB,NYJ,-,-,-,-,-,-,-,-,-,-,-,,0.00
449,Kevin Davidson,QB,,-,-,-,-,-,-,-,-,-,-,-,,0.00
450,Davion Davis,WR,,-,-,-,-,-,-,-,-,-,-,-,,0.00
451,Felton Davis,WR,,-,-,-,-,-,-,-,-,-,-,-,,0.00
452,Geremy Davis,WR,,-,-,-,-,-,-,-,-,-,-,-,,0.00
453,Quartney Davis,WR,,-,-,-,-,-,-,-,-,-,-,-,,0.00
454,Rashard Davis,WR,,-,-,-,-,-,-,-,-,-,-,-,,0.00
455,Reggie Davis,WR,,-,-,-,-,-,-,-,-,-,-,-,,0.00
456,Robert Davis,WR,,-,-,-,-,-,-,-,-,-,-,-,,0.00
457,Trevor Davis,WR,,-,-,-,-,-,-,-,-,-,-,-,,0.00
458,Tyler Davis,TE,JAX,-,-,-,-,-,-,-,-,-,-,-,,0.00
459,Dalyn Dawkins,RB,,-,-,-,-,-,-,-,-,-,-,-,,0.00
460,Seth Dawkins,WR,,-,-,-,-,-,-,-,-,-,-,-,,0.00
461,Josiah Deguara,TE,GB,-,-,-,-,-,-,-,-,-,-,-,,0.00
462,Seth DeValve,TE,,-,-,-,-,-,-,-,-,-,-,-,,0.00
463,James Develin,RB,,-,-,-,-,-,-,-,-,-,-,-,,0.00
464,Garrett Dickerson,TE,,-,-,-,-,-,-,-,-,-,-,-,,0.00
465,Ed Dickson,TE,,-,-,-,-,-,-,-,-,-,-,-,,0.00
466,Gehrig Dieter,WR,,-,-,-,-,-,-,-,-,-,-,-,,0.00
467,A.J. Dillon,RB,GB,-,-,-,-,-,-,-,-,-,-,-,,0.00
468,Brandon Dillon,TE,,-,-,-,-,-,-,-,-,-,-,-,,0.00
469,Derrick Dillon,WR,,-,-,-,-,-,-,-,-,-,-,-,,0.00
470,Patrick DiMarco,RB,,-,-,-,-,-,-,-,-,-,-,-,,0.00
471,Ben DiNucci,QB,DAL,-,-,-,-,-,-,-,-,-,-,-,,0.00
472,Johnnie Dixon,WR,,-,-,-,-,-,-,-,-,-,-,-,,0.00
473,Kenneth Dixon,RB,,-,-,-,-,-,-,-,-,-,-,-,,0.00
474,Joshua Dobbs,QB,PIT,-,-,-,-,-,-,-,-,-,-,-,,0.00
475,Josh Doctson,WR,,-,-,-,-,-,-,-,-,-,-,-,,0.00
476,Jake Dolegala,QB,,-,-,-,-,-,-,-,-,-,-,-,,0.00
477,Phillip Dorsett,WR,SEA,-,-,-,-,-,-,-,-,-,-,-,,0.00
478,Greg Dortch,WR,,-,-,-,-,-,-,-,-,-,-,-,,0.00
479,Keelan Doss,WR,,-,-,-,-,-,-,-,-,-,-,-,,0.00
480,Kenyan Drake,RB,ARI,-,-,-,-,-,-,-,-,-,-,-,,0.00
481,Jeff Driskel,QB,DEN,-,-,-,-,-,-,-,-,-,-,-,,0.00
482,Ashton Dulin,WR,IND,-,-,-,-,-,-,-,-,-,-,-,,0.00
483,Nick Easley,WR,,-,-,-,-,-,-,-,-,-,-,-,,0.00
484,Jacob Eason,QB,IND,-,-,-,-,-,-,-,-,-,-,-,,0.00
485,Julian Edelman,WR,NE,-,-,-,-,-,-,-,-,-,-,-,,0.00
486,Trey Edmunds,RB,PIT,-,-,-,-,-,-,-,-,-,-,-,,0.00
487,Bryan Edwards,WR,LV,-,-,-,-,-,-,-,-,-,-,-,,0.00
488,Earnest Edwards,WR,,-,-,-,-,-,-,-,-,-,-,-,,0.00
489,Austin Ekeler,RB,LAC,-,-,-,-,-,-,-,-,-,-,-,,0.00
490,Ben Ellefson,TE,JAX,-,-,-,-,-,-,-,-,-,-,-,,0.00
491,Alex Ellis,TE,,-,-,-,-,-,-,-,-,-,-,-,,0.00
492,Quincy Enunwa,WR,,-,-,-,-,-,-,-,-,-,-,-,,0.00
493,Alex Erickson,WR,CIN,-,-,-,-,-,-,-,-,-,-,-,,0.00
494,Zach Ertz,TE,PHI,-,-,-,-,-,-,-,-,-,-,-,,0.00
495,Danny Etling,QB,,-,-,-,-,-,-,-,-,-,-,-,,0.00
496,Amba Etta-Tawo,WR,,-,-,-,-,-,-,-,-,-,-,-,,0.00
497,Darrynton Evans,RB,TEN,-,-,-,-,-,-,-,-,-,-,-,,0.00
498,Gerald Everett,TE,LA,-,-,-,-,-,-,-,-,-,-,-,,0.00
499,David Fales,QB,,-,-,-,-,-,-,-,-,-,-,-,,0.00
500,Tavien Feaster,RB,,-,-,-,-,-,-,-,-,-,-,-,,0.00
501,Josh Ferguson,RB,,-,-,-,-,-,-,-,-,-,-,-,,0.00
502,Maurice French,WR,,-,-,-,-,-,-,-,-,-,-,-,,0.00
503,Chris Finke,WR,,-,-,-,-,-,-,-,-,-,-,-,,0.00
504,Ryan Finley,QB,CIN,-,-,-,-,-,-,-,-,-,-,-,,0.00
505,Jake Fisher,TE,,-,-,-,-,-,-,-,-,-,-,-,,0.00
506,Ryan Fitzpatrick,QB,MIA,-,-,-,-,-,-,-,-,-,-,-,,0.00
507,Matt Flanagan,TE,,-,-,-,-,-,-,-,-,-,-,-,,0.00
508,Isaiah Ford,WR,NE,-,-,-,-,-,-,-,-,-,-,-,,0.00
509,Austin Fort,TE,DEN,-,-,-,-,-,-,-,-,-,-,-,,0.00
510,Jody Fortson,WR,,-,-,-,-,-,-,-,-,-,-,-,,0.00
511,Robert Foster,WR,WAS,-,-,-,-,-,-,-,-,-,-,-,,0.00
512,Daurice Fountain,WR,,-,-,-,-,-,-,-,-,-,-,-,,0.00
513,Bennie Fowler,WR,NO,-,-,-,-,-,-,-,-,-,-,-,,0.00
514,Jordan Franks,TE,,-,-,-,-,-,-,-,-,-,-,-,,0.00
515,Royce Freeman,RB,DEN,-,-,-,-,-,-,-,-,-,-,-,,0.00
516,Jake Fromm,QB,BUF,-,-,-,-,-,-,-,-,-,-,-,,0.00
517,Travis Fulgham,WR,PHI,-,-,-,-,-,-,-,-,-,-,-,,0.00
518,Aaron Fuller,WR,,-,-,-,-,-,-,-,-,-,-,-,,0.00
519,Troy Fumagalli,TE,,-,-,-,-,-,-,-,-,-,-,-,,0.00
520,Devin Funchess,WR,,-,-,-,-,-,-,-,-,-,-,-,,0.00
521,Taylor Gabriel,WR,,-,-,-,-,-,-,-,-,-,-,-,,0.00
522,Rico Gafford,WR,,-,-,-,-,-,-,-,-,-,-,-,,0.00
523,Antonio Gandy-Golden,WR,WAS,-,-,-,-,-,-,-,-,-,-,-,,0.00
524,Jimmy Garoppolo,QB,SF,-,-,-,-,-,-,-,-,-,-,-,,0.00
525,Myles Gaskin,RB,MIA,-,-,-,-,-,-,-,-,-,-,-,,0.00
526,Zach Gentry,TE,PIT,-,-,-,-,-,-,-,-,-,-,-,,0.00
527,Shelton Gibson,WR,,-,-,-,-,-,-,-,-,-,-,-,,0.00
528,James Gilbert,RB,,-,-,-,-,-,-,-,-,-,-,-,,0.00
529,Reggie Gilliam,TE,BUF,-,-,-,-,-,-,-,-,-,-,-,,0.00
530,Ted Ginn,WR,,-,-,-,-,-,-,-,-,-,-,-,,0.00
531,Mike Glennon,QB,JAX,-,-,-,-,-,-,-,-,-,-,-,,0.00
532,Terry Godwin,WR,,-,-,-,-,-,-,-,-,-,-,-,,0.00
533,Dallas Goedert,TE,PHI,-,-,-,-,-,-,-,-,-,-,-,,0.00
534,Jared Goff,QB,LA,-,-,-,-,-,-,-,-,-,-,-,,0.00
535,Kenny Golladay,WR,DET,-,-,-,-,-,-,-,-,-,-,-,,0.00
536,Marquise Goodwin,WR,,-,-,-,-,-,-,-,-,-,-,-,,0.00
537,Anthony Gordon,QB,,-,-,-,-,-,-,-,-,-,-,-,,0.00
538,Josh Gordon,WR,SEA,-,-,-,-,-,-,-,-,-,-,-,,0.00
539,Derrick Gore,RB,,-,-,-,-,-,-,-,-,-,-,-,,0.00
540,Ryan Grant,WR,,-,-,-,-,-,-,-,-,-,-,-,,0.00
541,Devin Gray,WR,,-,-,-,-,-,-,-,-,-,-,-,,0.00
542,MarQueis Gray,TE,,-,-,-,-,-,-,-,-,-,-,-,,0.00
543,Cyril Grayson,WR,,-,-,-,-,-,-,-,-,-,-,-,,0.00
544,A.J. Green,WR,CIN,-,-,-,-,-,-,-,-,-,-,-,,0.00
545,Farrod Green,TE,,-,-,-,-,-,-,-,-,-,-,-,,0.00
546,Juwan Green,WR,,-,-,-,-,-,-,-,-,-,-,-,,0.00
547,Marcus Green,WR,,-,-,-,-,-,-,-,-,-,-,-,,0.00
548,Virgil Green,TE,LAC,-,-,-,-,-,-,-,-,-,-,-,,0.00
549,Brandon Greene,TE,,-,-,-,-,-,-,-,-,-,-,-,,0.00
550,Jermaine Gresham,TE,,-,-,-,-,-,-,-,-,-,-,-,,0.00
551,Will Grier,QB,CAR,-,-,-,-,-,-,-,-,-,-,-,,0.00
552,Garrett Griffin,TE,,-,-,-,-,-,-,-,-,-,-,-,,0.00
553,Ryan Griffin,QB,TB,-,-,-,-,-,-,-,-,-,-,-,,0.00
554,Robert Griffin III,QB,BAL,-,-,-,-,-,-,-,-,-,-,-,,0.00
555,Nakie Griffin-Stewart,TE,,-,-,-,-,-,-,-,-,-,-,-,,0.00
556,Xavier Grimble,TE,,-,-,-,-,-,-,-,-,-,-,-,,0.00
557,Derrius Guice,RB,,-,-,-,-,-,-,-,-,-,-,-,,0.00
558,Stephen Guidry,WR,,-,-,-,-,-,-,-,-,-,-,-,,0.00
559,Darrin Hall,RB,,-,-,-,-,-,-,-,-,-,-,-,,0.00
560,Emanuel Hall,WR,WAS,-,-,-,-,-,-,-,-,-,-,-,,0.00
561,Josh Hammond,WR,,-,-,-,-,-,-,-,-,-,-,-,,0.00
562,Chad Hansen,WR,,-,-,-,-,-,-,-,-,-,-,-,,0.00
563,Justin Hardy,WR,,-,-,-,-,-,-,-,-,-,-,-,,0.00
564,Kelvin Harmon,WR,WAS,-,-,-,-,-,-,-,-,-,-,-,,0.00
565,Chase Harrell,TE,,-,-,-,-,-,-,-,-,-,-,-,,0.00
566,Demetrius Harris,TE,CHI,-,-,-,-,-,-,-,-,-,-,-,,0.00
567,Maurice Harris,WR,,-,-,-,-,-,-,-,-,-,-,-,,0.00
568,N'Keal Harry,WR,NE,-,-,-,-,-,-,-,-,-,-,-,,0.00
569,Dwayne Haskins,QB,WAS,-,-,-,-,-,-,-,-,-,-,-,,0.00
570,Will Hastings,WR,,-,-,-,-,-,-,-,-,-,-,-,,0.00
571,Keon Hatcher,WR,,-,-,-,-,-,-,-,-,-,-,-,,0.00
572,Daniel Helm,TE,,-,-,-,-,-,-,-,-,-,-,-,,0.00
573,Darrell Henderson,RB,LA,-,-,-,-,-,-,-,-,-,-,-,,0.00
574,Quadree Henderson,WR,,-,-,-,-,-,-,-,-,-,-,-,,0.00
575,Chad Henne,QB,KC,-,-,-,-,-,-,-,-,-,-,-,,0.00
576,Malik Henry,WR,,-,-,-,-,-,-,-,-,-,-,-,,0.00
577,Hale Hentges,TE,,-,-,-,-,-,-,-,-,-,-,-,,0.00
578,Cole Herdman,WR,,-,-,-,-,-,-,-,-,-,-,-,,0.00
579,Chris Herndon,TE,NYJ,-,-,-,-,-,-,-,-,-,-,-,,0.00
580,Brian Herrien,RB,,-,-,-,-,-,-,-,-,-,-,-,,0.00
581,Parker Hesse,TE,,-,-,-,-,-,-,-,-,-,-,-,,0.00
582,Jeff Heuerman,TE,,-,-,-,-,-,-,-,-,-,-,-,,0.00
583,Aleva Hifo,WR,,-,-,-,-,-,-,-,-,-,-,-,,0.00
584,Tyler Higbee,TE,LA,-,-,-,-,-,-,-,-,-,-,-,,0.00
585,Karan Higdon,RB,,-,-,-,-,-,-,-,-,-,-,-,,0.00
586,Rashard Higgins,WR,CLE,-,-,-,-,-,-,-,-,-,-,-,,0.00
587,Tee Higgins,WR,CIN,-,-,-,-,-,-,-,-,-,-,-,,0.00
588,John Hightower,WR,PHI,-,-,-,-,-,-,-,-,-,-,-,,0.00
589,TreVontae Hights,WR,,-,-,-,-,-,-,-,-,-,-,-,,0.00
590,Cole Hikutini,TE,,-,-,-,-,-,-,-,-,-,-,-,,0.00
591,Dontrell Hilliard,RB,CLE,-,-,-,-,-,-,-,-,-,-,-,,0.00
592,Jon Hilliman,RB,,-,-,-,-,-,-,-,-,-,-,-,,0.00
593,Wes Hills,RB,,-,-,-,-,-,-,-,-,-,-,-,,0.00
594,T.Y. Hilton,WR,IND,-,-,-,-,-,-,-,-,-,-,-,,0.00
595,Kendall Hinton,WR,,-,-,-,-,-,-,-,-,-,-,-,,0.00
596,KhaDarel Hodge,WR,CLE,-,-,-,-,-,-,-,-,-,-,-,,0.00
597,Devlin Hodges,QB,,-,-,-,-,-,-,-,-,-,-,-,,0.00
598,Isaiah Hodgins,WR,BUF,-,-,-,-,-,-,-,-,-,-,-,,0.00
599,Chris Hogan,WR,NYJ,-,-,-,-,-,-,-,-,-,-,-,,0.00
600,Krishawn Hogan,WR,,-,-,-,-,-,-,-,-,-,-,-,,0.00
601,Josh Hokit,RB,,-,-,-,-,-,-,-,-,-,-,-,,0.00
602,Alexander Hollins,WR,,-,-,-,-,-,-,-,-,-,-,-,,0.00
603,Cody Hollister,WR,,-,-,-,-,-,-,-,-,-,-,-,,0.00
604,Bobby Holly,RB,,-,-,-,-,-,-,-,-,-,-,-,,0.00
605,Johnny Holton,WR,,-,-,-,-,-,-,-,-,-,-,-,,0.00
606,Elijah Holyfield,RB,,-,-,-,-,-,-,-,-,-,-,-,,0.00
607,Michael Hoomanawanui,TE,,-,-,-,-,-,-,-,-,-,-,-,,0.00
608,Austin Hooper,TE,CLE,-,-,-,-,-,-,-,-,-,-,-,,0.00
609,Brycen Hopkins,TE,LA,-,-,-,-,-,-,-,-,-,-,-,,0.00
610,Jesper Horsted,TE,,-,-,-,-,-,-,-,-,-,-,-,,0.00
611,Parker Houston,RB,,-,-,-,-,-,-,-,-,-,-,-,,0.00
612,Bug Howard,WR,,-,-,-,-,-,-,-,-,-,-,-,,0.00
613,O.J. Howard,TE,TB,-,-,-,-,-,-,-,-,-,-,-,,0.00
614,Buddy Howell,RB,HOU,-,-,-,-,-,-,-,-,-,-,-,,0.00
615,Brian Hoyer,QB,NE,-,-,-,-,-,-,-,-,-,-,-,,0.00
616,Tanner Hudson,TE,TB,-,-,-,-,-,-,-,-,-,-,-,,0.00
617,Tommy Hudson,TE,TEN,-,-,-,-,-,-,-,-,-,-,-,,0.00
618,Lil'Jordan Humphrey,WR,,-,-,-,-,-,-,-,-,-,-,-,,0.00
619,Adam Humphries,WR,TEN,-,-,-,-,-,-,-,-,-,-,-,,0.00
620,Brett Hundley,QB,ARI,-,-,-,-,-,-,-,-,-,-,-,,0.00
621,Kareem Hunt,RB,CLE,-,-,-,-,-,-,-,-,-,-,-,,0.00
622,Jason Huntley,RB,PHI,-,-,-,-,-,-,-,-,-,-,-,,0.00
623,Tyler Huntley,QB,,-,-,-,-,-,-,-,-,-,-,-,,0.00
624,Jalen Hurd,WR,SF,-,-,-,-,-,-,-,-,-,-,-,,0.00
625,Allen Hurns,WR,,-,-,-,-,-,-,-,-,-,-,-,,0.00
626,John Hurst,WR,,-,-,-,-,-,-,-,-,-,-,-,,0.00
627,Jalen Hurts,QB,PHI,-,-,-,-,-,-,-,-,-,-,-,,0.00
628,Carlos Hyde,RB,SEA,-,-,-,-,-,-,-,-,-,-,-,,0.00
629,Ishmael Hyman,WR,,-,-,-,-,-,-,-,-,-,-,-,,0.00
630,Mark Ingram,RB,BAL,-,-,-,-,-,-,-,-,-,-,-,,0.00
631,Dontrelle Inman,WR,WAS,-,-,-,-,-,-,-,-,-,-,-,,0.00
632,Trenton Irwin,WR,,-,-,-,-,-,-,-,-,-,-,-,,0.00
633,Steve Ishmael,WR,,-,-,-,-,-,-,-,-,-,-,-,,0.00
634,Thomas Ives,WR,,-,-,-,-,-,-,-,-,-,-,-,,0.00
635,Ryan Izzo,TE,NE,-,-,-,-,-,-,-,-,-,-,-,,0.00
636,Darius Jackson,RB,,-,-,-,-,-,-,-,-,-,-,-,,0.00
637,DeSean Jackson,WR,PHI,-,-,-,-,-,-,-,-,-,-,-,,0.00
638,Justin Jackson,RB,LAC,-,-,-,-,-,-,-,-,-,-,-,,0.00
639,Trishton Jackson,WR,LA,-,-,-,-,-,-,-,-,-,-,-,,0.00
640,Andy Janovich,RB,CLE,-,-,-,-,-,-,-,-,-,-,-,,0.00
641,Blake Jarwin,TE,DAL,-,-,-,-,-,-,-,-,-,-,-,,0.00
642,Damion Jeanpiere,WR,,-,-,-,-,-,-,-,-,-,-,-,,0.00
643,Van Jefferson,WR,LA,-,-,-,-,-,-,-,-,-,-,-,,0.00
644,Alshon Jeffery,WR,PHI,-,-,-,-,-,-,-,-,-,-,-,,0.00
645,Darius Jennings,WR,,-,-,-,-,-,-,-,-,-,-,-,,0.00
646,Gary Jennings,WR,,-,-,-,-,-,-,-,-,-,-,-,,0.00
647,Jauan Jennings,WR,,-,-,-,-,-,-,-,-,-,-,-,,0.00
648,Rysen John,TE,,-,-,-,-,-,-,-,-,-,-,-,,0.00
649,Anthony Johnson,WR,,-,-,-,-,-,-,-,-,-,-,-,,0.00
650,Bisi Johnson,WR,MIN,-,-,-,-,-,-,-,-,-,-,-,,0.00
651,D'Ernest Johnson,RB,CLE,-,-,-,-,-,-,-,-,-,-,-,,0.00
652,Johnathon Johnson,WR,,-,-,-,-,-,-,-,-,-,-,-,,0.00
653,Jon'Vea Johnson,WR,,-,-,-,-,-,-,-,-,-,-,-,,0.00
654,Josh Johnson,QB,,-,-,-,-,-,-,-,-,-,-,-,,0.00
655,Justin Johnson,TE,,-,-,-,-,-,-,-,-,-,-,-,,0.00
656,Juwan Johnson,WR,,-,-,-,-,-,-,-,-,-,-,-,,0.00
657,KeeSean Johnson,WR,ARI,-,-,-,-,-,-,-,-,-,-,-,,0.00
658,Malcolm Johnson,TE,,-,-,-,-,-,-,-,-,-,-,-,,0.00
659,Ty Johnson,RB,NYJ,-,-,-,-,-,-,-,-,-,-,-,,0.00
660,Andy Jones,WR,,-,-,-,-,-,-,-,-,-,-,-,,0.00
661,Anthony Jones,RB,,-,-,-,-,-,-,-,-,-,-,-,,0.00
662,Charles Jones,TE,,-,-,-,-,-,-,-,-,-,-,-,,0.00
663,Jordan Jones,TE,,-,-,-,-,-,-,-,-,-,-,-,,0.00
664,Taiwan Jones,RB,BUF,-,-,-,-,-,-,-,-,-,-,-,,0.00
665,Tevin Jones,WR,,-,-,-,-,-,-,-,-,-,-,-,,0.00
666,Tony Jones,RB,,-,-,-,-,-,-,-,-,-,-,-,,0.00
667,Xavier Jones,RB,LA,-,-,-,-,-,-,-,-,-,-,-,,0.00
668,Zay Jones,WR,LV,-,-,-,-,-,-,-,-,-,-,-,,0.00
669,Travis Jonsen,WR,,-,-,-,-,-,-,-,-,-,-,-,,0.00
670,Colin Kaepernick,QB,,-,-,-,-,-,-,-,-,-,-,-,,0.00
671,Jermaine Kearse,WR,,-,-,-,-,-,-,-,-,-,-,-,,0.00
672,Dalton Keene,TE,NE,-,-,-,-,-,-,-,-,-,-,-,,0.00
673,Case Keenum,QB,CLE,-,-,-,-,-,-,-,-,-,-,-,,0.00
674,Chad Kelly,QB,,-,-,-,-,-,-,-,-,-,-,-,,0.00
675,John Kelly,RB,,-,-,-,-,-,-,-,-,-,-,-,,0.00
676,Marcus Kemp,WR,,-,-,-,-,-,-,-,-,-,-,-,,0.00
677,Lance Kendricks,TE,,-,-,-,-,-,-,-,-,-,-,-,,0.00
678,Tom Kennedy,WR,,-,-,-,-,-,-,-,-,-,-,-,,0.00
679,Cody Kessler,QB,,-,-,-,-,-,-,-,-,-,-,-,,0.00
680,Darvin Kidsy,WR,,-,-,-,-,-,-,-,-,-,-,-,,0.00
681,Adrian Killins Jr.,RB,,-,-,-,-,-,-,-,-,-,-,-,,0.00
682,Mason Kinsey,WR,,-,-,-,-,-,-,-,-,-,-,-,,0.00
683,Keith Kirkwood,WR,CAR,-,-,-,-,-,-,-,-,-,-,-,,0.00
684,George Kittle,TE,SF,-,-,-,-,-,-,-,-,-,-,-,,0.00
685,DeShone Kizer,QB,,-,-,-,-,-,-,-,-,-,-,-,,0.00
686,Cole Kmet,TE,CHI,-,-,-,-,-,-,-,-,-,-,-,,0.00
687,Dawson Knox,TE,BUF,-,-,-,-,-,-,-,-,-,-,-,,0.00
688,J.J. Koski,WR,,-,-,-,-,-,-,-,-,-,-,-,,0.00
689,Ben Koyack,TE,,-,-,-,-,-,-,-,-,-,-,-,,0.00
690,Jake Kumerow,WR,,-,-,-,-,-,-,-,-,-,-,-,,0.00
691,Cooper Kupp,WR,LA,-,-,-,-,-,-,-,-,-,-,-,,0.00
692,Matt LaCosse,TE,,-,-,-,-,-,-,-,-,-,-,-,,0.00
693,Chris Lacy,WR,,-,-,-,-,-,-,-,-,-,-,-,,0.00
694,Jarvis Landry,WR,CLE,-,-,-,-,-,-,-,-,-,-,-,,0.00
695,Cody Latimer,WR,,-,-,-,-,-,-,-,-,-,-,-,,0.00
696,Kyle Lauletta,QB,,-,-,-,-,-,-,-,-,-,-,-,,0.00
697,Allen Lazard,WR,GB,-,-,-,-,-,-,-,-,-,-,-,,0.00
698,Javon Leake,RB,,-,-,-,-,-,-,-,-,-,-,-,,0.00
699,Shane Leatherbury,WR,,-,-,-,-,-,-,-,-,-,-,-,,0.00
700,Khari Lee,TE,,-,-,-,-,-,-,-,-,-,-,-,,0.00
701,Marqise Lee,WR,,-,-,-,-,-,-,-,-,-,-,-,,0.00
702,Jordan Leggett,TE,,-,-,-,-,-,-,-,-,-,-,-,,0.00
703,Benny LeMay,RB,,-,-,-,-,-,-,-,-,-,-,-,,0.00
704,Matt Lengel,TE,,-,-,-,-,-,-,-,-,-,-,-,,0.00
705,Lance Lenoir,WR,,-,-,-,-,-,-,-,-,-,-,-,,0.00
706,Brian Lewerke,QB,,-,-,-,-,-,-,-,-,-,-,-,,0.00
707,Tommylee Lewis,WR,,-,-,-,-,-,-,-,-,-,-,-,,0.00
708,Kalija Lipscomb,WR,,-,-,-,-,-,-,-,-,-,-,-,,0.00
709,DaMarkus Lodge,WR,,-,-,-,-,-,-,-,-,-,-,-,,0.00
710,T.J. Logan,RB,TB,-,-,-,-,-,-,-,-,-,-,-,,0.00
711,Ricardo Louis,WR,,-,-,-,-,-,-,-,-,-,-,-,,0.00
712,Bryce Love,RB,WAS,-,-,-,-,-,-,-,-,-,-,-,,0.00
713,Jordan Love,QB,GB,-,-,-,-,-,-,-,-,-,-,-,,0.00
714,Josh Love,QB,,-,-,-,-,-,-,-,-,-,-,-,,0.00
715,Marshawn Lynch,RB,,-,-,-,-,-,-,-,-,-,-,-,,0.00
716,Paxton Lynch,QB,,-,-,-,-,-,-,-,-,-,-,-,,0.00
717,Tyler Mabry,TE,,-,-,-,-,-,-,-,-,-,-,-,,0.00
718,Alize Mack,TE,,-,-,-,-,-,-,-,-,-,-,-,,0.00
719,Marlon Mack,RB,IND,-,-,-,-,-,-,-,-,-,-,-,,0.00
720,Josh Malone,WR,,-,-,-,-,-,-,-,-,-,-,-,,0.00
721,Chris Manhertz,TE,CAR,-,-,-,-,-,-,-,-,-,-,-,,0.00
722,Zimari Manning,WR,,-,-,-,-,-,-,-,-,-,-,-,,0.00
723,Sean Mannion,QB,MIN,-,-,-,-,-,-,-,-,-,-,-,,0.00
724,Marcus Mariota,QB,LV,-,-,-,-,-,-,-,-,-,-,-,,0.00
725,Kyle Markway,TE,,-,-,-,-,-,-,-,-,-,-,-,,0.00
726,Marcus Marshall,RB,,-,-,-,-,-,-,-,-,-,-,-,,0.00
727,Jordan Matthews,WR,,-,-,-,-,-,-,-,-,-,-,-,,0.00
728,Napoleon Maxwell,RB,,-,-,-,-,-,-,-,-,-,-,-,,0.00
729,Baker Mayfield,QB,CLE,-,-,-,-,-,-,-,-,-,-,-,,0.00
730,Devante Mays,RB,,-,-,-,-,-,-,-,-,-,-,-,,0.00
731,AJ McCarron,QB,HOU,-,-,-,-,-,-,-,-,-,-,-,,0.00
732,Jalen McCleskey,WR,,-,-,-,-,-,-,-,-,-,-,-,,0.00
733,Josh McCown,QB,HOU,-,-,-,-,-,-,-,-,-,-,-,,0.00
734,Colt McCoy,QB,NYG,-,-,-,-,-,-,-,-,-,-,-,,0.00
735,LeSean McCoy,RB,TB,-,-,-,-,-,-,-,-,-,-,-,,0.00
736,Cole McDonald,QB,,-,-,-,-,-,-,-,-,-,-,-,,0.00
737,Codey McElroy,TE,,-,-,-,-,-,-,-,-,-,-,-,,0.00
738,Alex McGough,QB,,-,-,-,-,-,-,-,-,-,-,-,,0.00
739,Taj McGowan,RB,,-,-,-,-,-,-,-,-,-,-,-,,0.00
740,Elijah McGuire,RB,,-,-,-,-,-,-,-,-,-,-,-,,0.00
741,Sean McKeon,TE,DAL,-,-,-,-,-,-,-,-,-,-,-,,0.00
742,Kelvin McKnight,WR,,-,-,-,-,-,-,-,-,-,-,-,,0.00
743,Trace McSorley,QB,BAL,-,-,-,-,-,-,-,-,-,-,-,,0.00
744,Rashad Medaris,WR,,-,-,-,-,-,-,-,-,-,-,-,,0.00
745,Carson Meier,TE,,-,-,-,-,-,-,-,-,-,-,-,,0.00
746,Kirk Merritt,WR,,-,-,-,-,-,-,-,-,-,-,-,,0.00
747,Marken Michel,WR,,-,-,-,-,-,-,-,-,-,-,-,,0.00
748,Sony Michel,RB,NE,-,-,-,-,-,-,-,-,-,-,-,,0.00
749,Bruce Miller,RB,JAX,-,-,-,-,-,-,-,-,-,-,-,,0.00
750,Lamar Miller,RB,,-,-,-,-,-,-,-,-,-,-,-,,0.00
751,Gardner Minshew,QB,JAX,-,-,-,-,-,-,-,-,-,-,-,,0.00
752,Bryant Mitchell,WR,,-,-,-,-,-,-,-,-,-,-,-,,0.00
753,Dillon Mitchell,WR,,-,-,-,-,-,-,-,-,-,-,-,,0.00
754,Steven Mitchell,WR,,-,-,-,-,-,-,-,-,-,-,-,,0.00
755,Joe Mixon,RB,CIN,-,-,-,-,-,-,-,-,-,-,-,,0.00
756,Taquan Mizzell,RB,,-,-,-,-,-,-,-,-,-,-,-,,0.00
757,Sean Modster,WR,,-,-,-,-,-,-,-,-,-,-,-,,0.00
758,Steven Montez,QB,,-,-,-,-,-,-,-,-,-,-,-,,0.00
759,D.J. Montgomery,WR,,-,-,-,-,-,-,-,-,-,-,-,,0.00
760,Ty Montgomery,RB,NO,-,-,-,-,-,-,-,-,-,-,-,,0.00
761,Chris Moore,WR,BAL,-,-,-,-,-,-,-,-,-,-,-,,0.00
762,J'Mon Moore,WR,,-,-,-,-,-,-,-,-,-,-,-,,0.00
763,Jalin Moore,RB,,-,-,-,-,-,-,-,-,-,-,-,,0.00
764,Jason Moore,WR,,-,-,-,-,-,-,-,-,-,-,-,,0.00
765,Jaylon Moore,WR,,-,-,-,-,-,-,-,-,-,-,-,,0.00
766,Matt Moore,QB,,-,-,-,-,-,-,-,-,-,-,-,,0.00
767,Foster Moreau,TE,LV,-,-,-,-,-,-,-,-,-,-,-,,0.00
768,David Morgan,TE,,-,-,-,-,-,-,-,-,-,-,-,,0.00
769,James Morgan,QB,NYJ,-,-,-,-,-,-,-,-,-,-,-,,0.00
770,Stanley Morgan,WR,,-,-,-,-,-,-,-,-,-,-,-,,0.00
771,Jalen Morton,QB,,-,-,-,-,-,-,-,-,-,-,-,,0.00
772,Thaddeus Moss,TE,WAS,-,-,-,-,-,-,-,-,-,-,-,,0.00
773,Raheem Mostert,RB,SF,-,-,-,-,-,-,-,-,-,-,-,,0.00
774,Khalfani Muhammad,RB,,-,-,-,-,-,-,-,-,-,-,-,,0.00
775,Johnny Mundt,TE,LA,-,-,-,-,-,-,-,-,-,-,-,,0.00
776,Marcus Murphy,RB,,-,-,-,-,-,-,-,-,-,-,-,,0.00
777,Chris Myarick,TE,,-,-,-,-,-,-,-,-,-,-,-,,0.00
778,JoJo Natson,WR,CLE,-,-,-,-,-,-,-,-,-,-,-,,0.00
779,Isaac Nauta,TE,DET,-,-,-,-,-,-,-,-,-,-,-,,0.00
780,Riley Neal,QB,,-,-,-,-,-,-,-,-,-,-,-,,0.00
781,Spencer Nigh,RB,,-,-,-,-,-,-,-,-,-,-,-,,0.00
782,Roosevelt Nix,RB,,-,-,-,-,-,-,-,-,-,-,-,,0.00
783,David Njoku,TE,CLE,-,-,-,-,-,-,-,-,-,-,-,,0.00
784,Nick O'Leary,TE,LV,-,-,-,-,-,-,-,-,-,-,-,,0.00
785,Dare Ogunbowale,RB,JAX,-,-,-,-,-,-,-,-,-,-,-,,0.00
786,Jamize Olawale,RB,,-,-,-,-,-,-,-,-,-,-,-,,0.00
787,Josh Oliver,TE,JAX,-,-,-,-,-,-,-,-,-,-,-,,0.00
788,Qadree Ollison,RB,ATL,-,-,-,-,-,-,-,-,-,-,-,,0.00
789,Sewo Olonilua,RB,,-,-,-,-,-,-,-,-,-,-,-,,0.00
790,Ricky Ortiz,RB,,-,-,-,-,-,-,-,-,-,-,-,,0.00
791,Devine Ozigbo,RB,JAX,-,-,-,-,-,-,-,-,-,-,-,,0.00
792,Aaron Parker,WR,,-,-,-,-,-,-,-,-,-,-,-,,0.00
793,Colby Parkinson,TE,SEA,-,-,-,-,-,-,-,-,-,-,-,,0.00
794,Dezmon Patmon,WR,IND,-,-,-,-,-,-,-,-,-,-,-,,0.00
795,Jacques Patrick,RB,,-,-,-,-,-,-,-,-,-,-,-,,0.00
796,Andre Patton,WR,,-,-,-,-,-,-,-,-,-,-,-,,0.00
797,Charone Peake,WR,,-,-,-,-,-,-,-,-,-,-,-,,0.00
798,Josh Pearson,WR,,-,-,-,-,-,-,-,-,-,-,-,,0.00
799,Rashaad Penny,RB,SEA,-,-,-,-,-,-,-,-,-,-,-,,0.00
800,Donovan Peoples-Jones,WR,CLE,-,-,-,-,-,-,-,-,-,-,-,,0.00
801,Samaje Perine,RB,CIN,-,-,-,-,-,-,-,-,-,-,-,,0.00
802,Bryce Perkins,QB,,-,-,-,-,-,-,-,-,-,-,-,,0.00
803,Josh Perkins,TE,PHI,-,-,-,-,-,-,-,-,-,-,-,,0.00
804,Nathan Peterman,QB,LV,-,-,-,-,-,-,-,-,-,-,-,,0.00
805,Dante Pettis,WR,NYG,-,-,-,-,-,-,-,-,-,-,-,,0.00
806,Devin Phelps,WR,,-,-,-,-,-,-,-,-,-,-,-,,0.00
807,Cam Phillips,WR,,-,-,-,-,-,-,-,-,-,-,-,,0.00
808,John Phillips,TE,,-,-,-,-,-,-,-,-,-,-,-,,0.00
809,Scottie Phillips,RB,,-,-,-,-,-,-,-,-,-,-,-,,0.00
810,Artavis Pierce,RB,CHI,-,-,-,-,-,-,-,-,-,-,-,,0.00
811,De'Mornay Pierson-El,WR,,-,-,-,-,-,-,-,-,-,-,-,,0.00
812,Jared Pinkney,TE,,-,-,-,-,-,-,-,-,-,-,-,,0.00
813,Sandro Platzgummer,RB,,-,-,-,-,-,-,-,-,-,-,-,,0.00
814,Shawn Poindexter,WR,,-,-,-,-,-,-,-,-,-,-,-,,0.00
815,Brandon Polk,WR,,-,-,-,-,-,-,-,-,-,-,-,,0.00
816,Troymaine Pope,RB,LAC,-,-,-,-,-,-,-,-,-,-,-,,0.00
817,Dak Prescott,QB,DAL,-,-,-,-,-,-,-,-,-,-,-,,0.00
818,Byron Pringle,WR,KC,-,-,-,-,-,-,-,-,-,-,-,,0.00
819,C.J. Prosise,RB,,-,-,-,-,-,-,-,-,-,-,-,,0.00
820,MyCole Pruitt,TE,TEN,-,-,-,-,-,-,-,-,-,-,-,,0.00
821,Trey Quinn,WR,,-,-,-,-,-,-,-,-,-,-,-,,0.00
822,Kevin Rader,TE,,-,-,-,-,-,-,-,-,-,-,-,,0.00
823,Damion Ratley,WR,,-,-,-,-,-,-,-,-,-,-,-,,0.00
824,Anthony Ratliff-Williams,WR,,-,-,-,-,-,-,-,-,-,-,-,,0.00
825,Dax Raymond,TE,,-,-,-,-,-,-,-,-,-,-,-,,0.00
826,Jalen Reagor,WR,PHI,-,-,-,-,-,-,-,-,-,-,-,,0.00
827,Bronson Rechsteiner,RB,,-,-,-,-,-,-,-,-,-,-,-,,0.00
828,Caleb Repp,TE,,-,-,-,-,-,-,-,-,-,-,-,,0.00
829,Craig Reynolds,RB,,-,-,-,-,-,-,-,-,-,-,-,,0.00
830,Josh Reynolds,WR,LA,-,-,-,-,-,-,-,-,-,-,-,,0.00
831,Patrick Ricard,RB,BAL,-,-,-,-,-,-,-,-,-,-,-,,0.00
832,Giovanni Ricci,TE,,-,-,-,-,-,-,-,-,-,-,-,,0.00
833,Jared Rice,TE,,-,-,-,-,-,-,-,-,-,-,-,,0.00
834,A.J. Richardson,WR,,-,-,-,-,-,-,-,-,-,-,-,,0.00
835,Paul Richardson,WR,,-,-,-,-,-,-,-,-,-,-,-,,0.00
836,Calvin Ridley,WR,ATL,-,-,-,-,-,-,-,-,-,-,-,,0.00
837,Sean Riley,WR,,-,-,-,-,-,-,-,-,-,-,-,,0.00
838,Michael Roberts,TE,,-,-,-,-,-,-,-,-,-,-,-,,0.00
839,Seth Roberts,WR,,-,-,-,-,-,-,-,-,-,-,-,,0.00
840,Richard Rodgers,TE,PHI,-,-,-,-,-,-,-,-,-,-,-,,0.00
841,Chester Rogers,WR,,-,-,-,-,-,-,-,-,-,-,-,,0.00
842,Kendrick Rogers,WR,,-,-,-,-,-,-,-,-,-,-,-,,0.00
843,Josh Rosen,QB,,-,-,-,-,-,-,-,-,-,-,-,,0.00
844,Devin Ross,WR,,-,-,-,-,-,-,-,-,-,-,-,,0.00
845,John Ross,WR,CIN,-,-,-,-,-,-,-,-,-,-,-,,0.00
846,Marvelle Ross,WR,,-,-,-,-,-,-,-,-,-,-,-,,0.00
847,Chris Rowland,WR,,-,-,-,-,-,-,-,-,-,-,-,,0.00
848,Jake Rudock,QB,,-,-,-,-,-,-,-,-,-,-,-,,0.00
849,Cooper Rush,QB,,-,-,-,-,-,-,-,-,-,-,-,,0.00
850,Broc Rutter,QB,,-,-,-,-,-,-,-,-,-,-,-,,0.00
851,Brett Rypien,QB,DEN,-,-,-,-,-,-,-,-,-,-,-,,0.00
852,Drew Sample,TE,CIN,-,-,-,-,-,-,-,-,-,-,-,,0.00
853,Deebo Samuel,WR,SF,-,-,-,-,-,-,-,-,-,-,-,,0.00
854,Jaylen Samuels,RB,PIT,-,-,-,-,-,-,-,-,-,-,-,,0.00
855,Miles Sanders,RB,PHI,-,-,-,-,-,-,-,-,-,-,-,,0.00
856,Mohamed Sanu,WR,,-,-,-,-,-,-,-,-,-,-,-,,0.00
857,Eric Saubert,TE,,-,-,-,-,-,-,-,-,-,-,-,,0.00
858,Bo Scarbrough,RB,,-,-,-,-,-,-,-,-,-,-,-,,0.00
859,Charles Scarff,TE,,-,-,-,-,-,-,-,-,-,-,-,,0.00
860,Jordan Scarlett,RB,,-,-,-,-,-,-,-,-,-,-,-,,0.00
861,Matt Schaub,QB,ATL,-,-,-,-,-,-,-,-,-,-,-,,0.00
862,Spencer Schnell,WR,,-,-,-,-,-,-,-,-,-,-,-,,0.00
863,Dalton Schoen,WR,,-,-,-,-,-,-,-,-,-,-,-,,0.00
864,Mason Schreck,TE,CIN,-,-,-,-,-,-,-,-,-,-,-,,0.00
865,Christian Scotland-Williamson,TE,,-,-,-,-,-,-,-,-,-,-,-,,0.00
866,Artavis Scott,WR,,-,-,-,-,-,-,-,-,-,-,-,,0.00
867,Boston Scott,RB,PHI,-,-,-,-,-,-,-,-,-,-,-,,0.00
868,Da'Mari Scott,WR,,-,-,-,-,-,-,-,-,-,-,-,,0.00
869,Jaleel Scott,WR,,-,-,-,-,-,-,-,-,-,-,-,,0.00
870,Ricky Seals-Jones,TE,KC,-,-,-,-,-,-,-,-,-,-,-,,0.00
871,Luke Sellers,TE,,-,-,-,-,-,-,-,-,-,-,-,,0.00
872,Tajae Sharpe,WR,MIN,-,-,-,-,-,-,-,-,-,-,-,,0.00
873,Justice Shelton-Mosley,WR,,-,-,-,-,-,-,-,-,-,-,-,,0.00
874,Russell Shepard,WR,,-,-,-,-,-,-,-,-,-,-,-,,0.00
875,Trent Sherfield,WR,ARI,-,-,-,-,-,-,-,-,-,-,-,,0.00
876,Anthony Sherman,RB,KC,-,-,-,-,-,-,-,-,-,-,-,,0.00
877,Kyle Shurmur,QB,,-,-,-,-,-,-,-,-,-,-,-,,0.00
878,Trevor Siemian,QB,,-,-,-,-,-,-,-,-,-,-,-,,0.00
879,David Sills,WR,NYG,-,-,-,-,-,-,-,-,-,-,-,,0.00
880,Tyler Simmons,WR,,-,-,-,-,-,-,-,-,-,-,-,,0.00
881,Matt Simms,QB,,-,-,-,-,-,-,-,-,-,-,-,,0.00
882,Scott Simonson,TE,,-,-,-,-,-,-,-,-,-,-,-,,0.00
883,Reid Sinnett,QB,,-,-,-,-,-,-,-,-,-,-,-,,0.00
884,Connor Slomka,RB,,-,-,-,-,-,-,-,-,-,-,-,,0.00
885,Wendell Smallwood,RB,,-,-,-,-,-,-,-,-,-,-,-,,0.00
886,Devin Smith,WR,,-,-,-,-,-,-,-,-,-,-,-,,0.00
887,Geno Smith,QB,SEA,-,-,-,-,-,-,-,-,-,-,-,,0.00
888,Ito Smith,RB,ATL,-,-,-,-,-,-,-,-,-,-,-,,0.00
889,J'Mar Smith,QB,,-,-,-,-,-,-,-,-,-,-,-,,0.00
890,Jeff Smith,WR,NYJ,-,-,-,-,-,-,-,-,-,-,-,,0.00
891,Lee Smith,TE,BUF,-,-,-,-,-,-,-,-,-,-,-,,0.00
892,Rod Smith,RB,,-,-,-,-,-,-,-,-,-,-,-,,0.00
893,Rodney Smith,RB,,-,-,-,-,-,-,-,-,-,-,-,,0.00
894,Vyncint Smith,WR,NYJ,-,-,-,-,-,-,-,-,-,-,-,,0.00
895,Matt Sokol,TE,,-,-,-,-,-,-,-,-,-,-,-,,0.00
896,Diontae Spencer,WR,DEN,-,-,-,-,-,-,-,-,-,-,-,,0.00
897,Jeremy Sprinkle,TE,WAS,-,-,-,-,-,-,-,-,-,-,-,,0.00
898,Darren Sproles,RB,,-,-,-,-,-,-,-,-,-,-,-,,0.00
899,Equanimeous St. Brown,WR,GB,-,-,-,-,-,-,-,-,-,-,-,,0.00
900,William Stanback,RB,,-,-,-,-,-,-,-,-,-,-,-,,0.00
901,Nate Stanley,QB,,-,-,-,-,-,-,-,-,-,-,-,,0.00
902,Drew Stanton,QB,,-,-,-,-,-,-,-,-,-,-,-,,0.00
903,Johnny Stanton,RB,,-,-,-,-,-,-,-,-,-,-,-,,0.00
904,Dylan Stapleton,TE,,-,-,-,-,-,-,-,-,-,-,-,,0.00
905,Tommy Stevens,QB,,-,-,-,-,-,-,-,-,-,-,-,,0.00
906,Darrell Stewart,WR,,-,-,-,-,-,-,-,-,-,-,-,,0.00
907,Easton Stick,QB,LAC,-,-,-,-,-,-,-,-,-,-,-,,0.00
908,Jarrett Stidham,QB,NE,-,-,-,-,-,-,-,-,-,-,-,,0.00
909,Kenny Stills,WR,HOU,-,-,-,-,-,-,-,-,-,-,-,,0.00
910,Chris Streveler,QB,ARI,-,-,-,-,-,-,-,-,-,-,-,,0.00
911,Nate Sudfeld,QB,PHI,-,-,-,-,-,-,-,-,-,-,-,,0.00
912,Stephen Sullivan,TE,,-,-,-,-,-,-,-,-,-,-,-,,0.00
913,Cam Sutton,TE,,-,-,-,-,-,-,-,-,-,-,-,,0.00
914,Courtland Sutton,WR,DEN,-,-,-,-,-,-,-,-,-,-,-,,0.00
915,Geoff Swaim,TE,TEN,-,-,-,-,-,-,-,-,-,-,-,,0.00
916,Tommy Sweeney,TE,BUF,-,-,-,-,-,-,-,-,-,-,-,,0.00
917,Ryan Switzer,WR,,-,-,-,-,-,-,-,-,-,-,-,,0.00
918,Tyrone Swoopes,TE,,-,-,-,-,-,-,-,-,-,-,-,,0.00
919,Jordan Ta'amu,QB,,-,-,-,-,-,-,-,-,-,-,-,,0.00
920,Alex Tanney,QB,,-,-,-,-,-,-,-,-,-,-,-,,0.00
921,Auden Tate,WR,CIN,-,-,-,-,-,-,-,-,-,-,-,,0.00
922,Golden Tate,WR,NYG,-,-,-,-,-,-,-,-,-,-,-,,0.00
923,Khalil Tate,WR,,-,-,-,-,-,-,-,-,-,-,-,,0.00
924,Charlie Taumoepeau,TE,,-,-,-,-,-,-,-,-,-,-,-,,0.00
925,J.J. Taylor,RB,NE,-,-,-,-,-,-,-,-,-,-,-,,0.00
926,Patrick Taylor,RB,GB,-,-,-,-,-,-,-,-,-,-,-,,0.00
927,Taywan Taylor,WR,CLE,-,-,-,-,-,-,-,-,-,-,-,,0.00
928,De'Anthony Thomas,WR,,-,-,-,-,-,-,-,-,-,-,-,,0.00
929,Demaryius Thomas,WR,,-,-,-,-,-,-,-,-,-,-,-,,0.00
930,Jeff Thomas,WR,,-,-,-,-,-,-,-,-,-,-,-,,0.00
931,Jordan Thomas,TE,NE,-,-,-,-,-,-,-,-,-,-,-,,0.00
932,Mike Thomas,WR,CIN,-,-,-,-,-,-,-,-,-,-,-,,0.00
933,DeAndre Thompkins,WR,,-,-,-,-,-,-,-,-,-,-,-,,0.00
934,Chris Thompson,WR,SF,-,-,-,-,-,-,-,-,-,-,-,,0.00
935,Cody Thompson,WR,,-,-,-,-,-,-,-,-,-,-,-,,0.00
936,Colin Thompson,TE,CAR,-,-,-,-,-,-,-,-,-,-,-,,0.00
937,Darwin Thompson,RB,KC,-,-,-,-,-,-,-,-,-,-,-,,0.00
938,Mark Thompson,RB,,-,-,-,-,-,-,-,-,-,-,-,,0.00
939,Trevion Thompson,WR,,-,-,-,-,-,-,-,-,-,-,-,,0.00
940,Clayton Thorson,QB,,-,-,-,-,-,-,-,-,-,-,-,,0.00
941,Nick Tiano,QB,,-,-,-,-,-,-,-,-,-,-,-,,0.00
942,Noah Togiai,TE,IND,-,-,-,-,-,-,-,-,-,-,-,,0.00
943,Ross Travis,TE,,-,-,-,-,-,-,-,-,-,-,-,,0.00
944,Laquon Treadwell,WR,,-,-,-,-,-,-,-,-,-,-,-,,0.00
945,Mitchell Trubisky,QB,CHI,-,-,-,-,-,-,-,-,-,-,-,,0.00
946,De'Lance Turner,RB,,-,-,-,-,-,-,-,-,-,-,-,,0.00
947,Malik Turner,WR,DAL,-,-,-,-,-,-,-,-,-,-,-,,0.00
948,John Ursua,WR,,-,-,-,-,-,-,-,-,-,-,-,,0.00
949,C.J. Uzomah,TE,CIN,-,-,-,-,-,-,-,-,-,-,-,,0.00
950,Jason Vander Laan,TE,,-,-,-,-,-,-,-,-,-,-,-,,0.00
951,Ke'Shawn Vaughn,RB,TB,-,-,-,-,-,-,-,-,-,-,-,,0.00
952,Jordan Veasy,WR,,-,-,-,-,-,-,-,-,-,-,-,,0.00
953,Ben Victor,WR,,-,-,-,-,-,-,-,-,-,-,-,,0.00
954,Danny Vitale,RB,,-,-,-,-,-,-,-,-,-,-,-,,0.00
955,Andrew Vollert,TE,,-,-,-,-,-,-,-,-,-,-,-,,0.00
956,Christian Wade,RB,,-,-,-,-,-,-,-,-,-,-,-,,0.00
957,Ahmad Wagner,WR,,-,-,-,-,-,-,-,-,-,-,-,,0.00
958,Clive Walford,TE,,-,-,-,-,-,-,-,-,-,-,-,,0.00
959,Delanie Walker,TE,,-,-,-,-,-,-,-,-,-,-,-,,0.00
960,Michael Walker,WR,,-,-,-,-,-,-,-,-,-,-,-,,0.00
961,P.J. Walker,QB,CAR,-,-,-,-,-,-,-,-,-,-,-,,0.00
962,Austin Walter,RB,,-,-,-,-,-,-,-,-,-,-,-,,0.00
963,Greg Ward,WR,PHI,-,-,-,-,-,-,-,-,-,-,-,,0.00
964,JoJo Ward,WR,,-,-,-,-,-,-,-,-,-,-,-,,0.00
965,Aca'Cedric Ware,RB,,-,-,-,-,-,-,-,-,-,-,-,,0.00
966,Mike Warren,RB,,-,-,-,-,-,-,-,-,-,-,-,,0.00
967,Kahale Warring,TE,HOU,-,-,-,-,-,-,-,-,-,-,-,,0.00
968,DeAndre Washington,RB,MIA,-,-,-,-,-,-,-,-,-,-,-,,0.00
969,Scotty Washington,WR,,-,-,-,-,-,-,-,-,-,-,-,,0.00
970,Quez Watkins,WR,PHI,-,-,-,-,-,-,-,-,-,-,-,,0.00
971,Sammy Watkins,WR,KC,-,-,-,-,-,-,-,-,-,-,-,,0.00
972,Benjamin Watson,TE,,-,-,-,-,-,-,-,-,-,-,-,,0.00
973,Justin Watson,WR,TB,-,-,-,-,-,-,-,-,-,-,-,,0.00
974,Derek Watt,RB,PIT,-,-,-,-,-,-,-,-,-,-,-,,0.00
975,Jester Weah,WR,,-,-,-,-,-,-,-,-,-,-,-,,0.00
976,Davis Webb,QB,,-,-,-,-,-,-,-,-,-,-,-,,0.00
977,Joe Webb,QB,,-,-,-,-,-,-,-,-,-,-,-,,0.00
978,Ralph Webb,RB,,-,-,-,-,-,-,-,-,-,-,-,,0.00
979,Mike Weber,RB,,-,-,-,-,-,-,-,-,-,-,-,,0.00
980,Nsimba Webster,WR,LA,-,-,-,-,-,-,-,-,-,-,-,,0.00
981,Elijah Wellman,RB,,-,-,-,-,-,-,-,-,-,-,-,,0.00
982,David Wells,TE,,-,-,-,-,-,-,-,-,-,-,-,,0.00
983,Carson Wentz,QB,PHI,-,-,-,-,-,-,-,-,-,-,-,,0.00
984,Trevon Wesco,TE,NYJ,-,-,-,-,-,-,-,-,-,-,-,,0.00
985,Alex Wesley,WR,,-,-,-,-,-,-,-,-,-,-,-,,0.00
986,Antoine Wesley,WR,BAL,-,-,-,-,-,-,-,-,-,-,-,,0.00
987,Dede Westbrook,WR,JAX,-,-,-,-,-,-,-,-,-,-,-,,0.00
988,Nick Westbrook,WR,TEN,-,-,-,-,-,-,-,-,-,-,-,,0.00
989,Devwah Whaley,RB,,-,-,-,-,-,-,-,-,-,-,-,,0.00
990,Cody White,WR,PIT,-,-,-,-,-,-,-,-,-,-,-,,0.00
991,DeAndrew White,WR,BAL,-,-,-,-,-,-,-,-,-,-,-,,0.00
992,Kevin White,WR,,-,-,-,-,-,-,-,-,-,-,-,,0.00
993,Mike White,QB,,-,-,-,-,-,-,-,-,-,-,-,,0.00
994,Reggie White Jr.,WR,,-,-,-,-,-,-,-,-,-,-,-,,0.00
995,Tim White,WR,,-,-,-,-,-,-,-,-,-,-,-,,0.00
996,Isaac Whitney,WR,,-,-,-,-,-,-,-,-,-,-,-,,0.00
997,Kerrith Whyte,RB,,-,-,-,-,-,-,-,-,-,-,-,,0.00
998,Cole Wick,TE,,-,-,-,-,-,-,-,-,-,-,-,,0.00
999,Nate Wieting,TE,,-,-,-,-,-,-,-,-,-,-,-,,0.00
1000,Mitchell Wilcox,TE,,-,-,-,-,-,-,-,-,-,-,-,,0.00
1001,Kristian Wilkerson,WR,,-,-,-,-,-,-,-,-,-,-,-,,0.00
1002,Manny Wilkins,QB,,-,-,-,-,-,-,-,-,-,-,-,,0.00
1003,Chad Williams,WR,,-,-,-,-,-,-,-,-,-,-,-,,0.00
1004,Damien Williams,RB,,-,-,-,-,-,-,-,-,-,-,-,,0.00
1005,Duke Williams,WR,,-,-,-,-,-,-,-,-,-,-,-,,0.00
1006,Jamaal Williams,RB,GB,-,-,-,-,-,-,-,-,-,-,-,,0.00
1007,Jonathan Williams,RB,DET,-,-,-,-,-,-,-,-,-,-,-,,0.00
1008,Trayveon Williams,RB,CIN,-,-,-,-,-,-,-,-,-,-,-,,0.00
1009,Ty'Son Williams,RB,,-,-,-,-,-,-,-,-,-,-,-,,0.00
1010,Tyrell Williams,WR,LV,-,-,-,-,-,-,-,-,-,-,-,,0.00
1011,Damion Willis,WR,,-,-,-,-,-,-,-,-,-,-,-,,0.00
1012,Luke Willson,TE,,-,-,-,-,-,-,-,-,-,-,-,,0.00
1013,Albert Wilson,WR,,-,-,-,-,-,-,-,-,-,-,-,,0.00
1014,Caleb Wilson,TE,,-,-,-,-,-,-,-,-,-,-,-,,0.00
1015,Jeff Wilson,RB,SF,-,-,-,-,-,-,-,-,-,-,-,,0.00
1016,Shaun Wilson,RB,,-,-,-,-,-,-,-,-,-,-,-,,0.00
1017,Javon Wims,WR,CHI,-,-,-,-,-,-,-,-,-,-,-,,0.00
1018,Juwann Winfree,WR,,-,-,-,-,-,-,-,-,-,-,-,,0.00
1019,Easop Winston,WR,,-,-,-,-,-,-,-,-,-,-,-,,0.00
1020,Charlie Woerner,TE,SF,-,-,-,-,-,-,-,-,-,-,-,,0.00
1021,Eli Wolf,TE,,-,-,-,-,-,-,-,-,-,-,-,,0.00
1022,Ethan Wolf,TE,,-,-,-,-,-,-,-,-,-,-,-,,0.00
1023,John Wolford,QB,LA,-,-,-,-,-,-,-,-,-,-,-,,0.00
1024,Dom Wood-Anderson,TE,,-,-,-,-,-,-,-,-,-,-,-,,0.00
1025,Josh Woodrum,QB,,-,-,-,-,-,-,-,-,-,-,-,,0.00
1026,Robert Woods,WR,LA,-,-,-,-,-,-,-,-,-,-,-,,0.00
1027,Logan Woodside,QB,TEN,-,-,-,-,-,-,-,-,-,-,-,,0.00
1028,Jarius Wright,WR,,-,-,-,-,-,-,-,-,-,-,-,,0.00
1029,Terry Wright,WR,,-,-,-,-,-,-,-,-,-,-,-,,0.00
1030,Deon Yelder,TE,KC,-,-,-,-,-,-,-,-,-,-,-,,0.00
1031,T.J. Yeldon,RB,BUF,-,-,-,-,-,-,-,-,-,-,-,,0.00
1032,Isaiah Zuber,WR,,-,-,-,-,-,-,-,-,-,-,-,,0.00
