,Unnamed: 0,Unnamed: 0.1,Name,Team,Position,Salary
0,0,404,Christian McCaffrey,CAR,RB,10000.0
1,1,267,Derrick Henry,TEN,RB,9500.0
2,2,461,Patrick Mahomes,KC,QB,9200.0
3,3,392,Dalvin Cook,MIN,RB,9200.0
4,4,345,Davante Adams,GB,WR,9100.0
5,5,318,Alvin Kamara,NO,RB,9000.0
6,6,264,Ezekiel Elliott,DAL,RB,8900.0
7,7,112,Russell Wilson,SEA,QB,8700.0
8,8,179,Michael Thomas,NO,WR,8600.0
9,9,286,Aaron Jones,GB,RB,8500.0
10,10,210,Mike Davis,CAR,RB,8400.0
11,11,583,Calvin Ridley,ATL,WR,8400.0
12,12,641,Aaron Rodgers,GB,QB,8400.0
13,13,531,Lamar Jackson,BAL,QB,8300.0
14,14,92,Julio Jones,ATL,WR,8300.0
15,15,334,Kareem Hunt,CLE,RB,8200.0
16,16,513,Josh Allen,BUF,QB,8200.0
17,17,386,Tyreek Hill,KC,WR,8100.0
18,18,383,Nick Chubb,CLE,RB,8000.0
19,19,621,Matt Ryan,ATL,QB,8000.0
20,20,242,Travis Kelce,KC,TE,7900.0
21,21,715,Miles Sanders,PHI,RB,7900.0
22,22,736,DK Metcalf,SEA,WR,7800.0
23,23,731,Josh Jacobs,LV,RB,7800.0
24,24,610,Tom Brady,TB,QB,7700.0
25,25,273,George Kittle,SF,TE,7700.0
26,26,272,Adam Thielen,MIN,WR,7700.0
27,27,647,Justin Herbert,LAC,QB,7700.0
28,28,421,Chris Godwin,TB,WR,7600.0
29,29,538,Joe Burrow,CIN,QB,7600.0
30,30,394,Kenny Golladay,DET,WR,7600.0
31,31,571,Chris Carson,SEA,RB,7600.0
32,32,611,Drew Brees,NO,QB,7600.0
33,33,672,Carson Wentz,PHI,QB,7500.0
34,34,780,Clyde Edwards-Helaire,KC,RB,7500.0
35,35,733,AJ Brown,TEN,WR,7500.0
36,36,110,Ryan Tannehill,TEN,QB,7500.0
37,37,216,Amari Cooper,DAL,WR,7500.0
38,38,90,Cam Newton,NE,QB,7400.0
39,39,188,Keenan Allen,LAC,WR,7400.0
40,40,365,Joe Mixon,CIN,RB,7400.0
41,41,751,Cooper Kupp,LAR,WR,7300.0
42,42,344,Derek Carr,LV,QB,7300.0
43,43,256,Jared Goff,LAR,QB,7300.0
44,44,803,Jonathan Taylor,IND,RB,7300.0
45,45,243,Teddy Bridgewater,CAR,QB,7300.0
46,46,624,Matthew Stafford,DET,QB,7200.0
47,47,152,Tyler Lockett,SEA,WR,7200.0
48,48,303,Baker Mayfield,CLE,QB,7200.0
49,49,137,Stefon Diggs,BUF,WR,7100.0
50,50,619,Ben Roethlisberger,PIT,QB,7100.0
51,51,236,Mike Evans,TB,WR,7100.0
52,52,209,Todd Gurley,ATL,RB,7100.0
53,53,117,Kirk Cousins,MIN,QB,7100.0
54,54,199,Robert Woods,LAR,WR,7000.0
55,55,569,Drew Lock,DEN,QB,7000.0
56,56,527,DJ Moore,CAR,WR,7000.0
57,57,364,Mark Andrews,BAL,TE,7000.0
58,58,341,Jamaal Williams,GB,RB,7000.0
59,59,749,Philip Rivers,IND,QB,6900.0
60,60,290,James Conner,PIT,RB,6900.0
61,61,546,Daniel Jones,NYG,QB,6900.0
62,62,180,Allen Robinson,CHI,WR,6800.0
63,63,136,Darren Waller,LV,TE,6800.0
64,64,807,Tua Tagovailoa,MIA,QB,6800.0
65,65,95,Andy Dalton,DAL,QB,6800.0
66,66,323,Boston Scott,PHI,RB,6800.0
67,67,114,Nick Foles,CHI,QB,6700.0
68,68,184,Melvin Gordon,DEN,RB,6700.0
69,69,221,Odell Beckham,CLE,WR,6700.0
70,70,147,Robby Anderson,CAR,WR,6600.0
71,71,779,Justin Jefferson,MIN,WR,6600.0
72,72,397,Jimmy Garoppolo,SF,QB,6600.0
73,73,484,Jarrett Stidham,NE,QB,6500.0
74,74,431,JuJu Smith-Schuster,PIT,WR,6500.0
75,75,182,Raheem Mostert,SF,RB,6500.0
76,76,732,Alexander Mattison,MIN,RB,6500.0
77,77,756,Austin Ekeler,LAC,RB,6500.0
78,78,748,Brian Hoyer,NE,QB,6500.0
79,79,552,Sam Darnold,NYJ,QB,6500.0
80,80,542,Ben DiNucci,DAL,QB,6500.0
81,81,743,Ryan Fitzpatrick,MIA,QB,6400.0
82,82,289,Tyler Boyd,CIN,WR,6400.0
83,83,260,Mitchell Trubisky,CHI,QB,6400.0
84,84,231,Garrett Gilbert,DAL,QB,6400.0
85,85,102,Tyrod Taylor,LAC,QB,6300.0
86,86,553,Ronald Jones,TB,RB,6300.0
87,87,132,Jamison Crowder,NYJ,WR,6300.0
88,88,465,Travis Fulgham,PHI,WR,6300.0
89,89,628,Joe Flacco,NYJ,QB,6300.0
90,90,811,D'Andre Swift,DET,RB,6300.0
91,91,563,Darius Slayton,NYG,WR,6200.0
92,92,304,Nick Mullens,SF,QB,6200.0
93,93,419,Jeff Wilson,SF,RB,6200.0
94,94,166,CJ Beathard,SF,QB,6200.0
95,95,620,Diontae Johnson,PIT,WR,6200.0
96,96,354,Jonnu Smith,TEN,TE,6100.0
97,97,656,Jalen Hurts,PHI,QB,6100.0
98,98,244,DeVante Parker,MIA,WR,6100.0
99,99,197,Matt Barkley,BUF,QB,6100.0
100,100,670,Darrell Henderson,LAR,RB,6100.0
101,101,206,Jeff Driskel,DEN,QB,6100.0
102,102,493,Brett Rypien,DEN,QB,6100.0
103,103,172,Trevor Siemian,TEN,QB,6000.0
104,104,1,Easton Stick,LAC,QB,6000.0
105,105,150,Geno Smith,SEA,QB,6000.0
106,106,707,TJ Hockenson,DET,TE,6000.0
107,107,30,Emmanuel Sanders,NO,WR,6000.0
108,108,348,Ryan Finley,CIN,QB,6000.0
109,109,28,Colt McCoy,NYG,QB,6000.0
110,110,165,Nate Sudfeld,PHI,QB,6000.0
111,111,804,Tee Higgins,CIN,WR,6000.0
112,112,171,Le'Veon Bell,KC,RB,6000.0
113,113,712,Anthony Gordon,SEA,QB,6000.0
114,114,193,Marcus Mariota,LV,QB,6000.0
115,115,227,Dak Prescott,DAL,QB,6000.0
116,116,266,Kurt Benkert,ATL,QB,6000.0
117,117,265,Danny Etling,SEA,QB,6000.0
118,118,495,J'mar Smith,NE,QB,6000.0
119,119,626,Matt Schaub,ATL,QB,6000.0
120,120,654,Jacob Eason,IND,QB,6000.0
121,121,252,Blake Bortles,DEN,QB,6000.0
122,122,248,Ryan Griffin,TB,QB,6000.0
123,123,660,Shea Patterson,KC,QB,6000.0
124,124,246,Paxton Lynch,PIT,QB,6000.0
125,125,661,Darius Bradwell,LAC,QB,6000.0
126,126,16,Jake Dolegala,NE,QB,6000.0
127,127,436,John Wolford,LAR,QB,6000.0
128,128,669,Tyler Huntley,BAL,QB,6000.0
129,129,812,Jake Fromm,BUF,QB,6000.0
130,130,194,Sean Mannion,MIN,QB,6000.0
131,131,326,David Fales,NYJ,QB,6000.0
132,132,332,Cooper Rush,NYG,QB,6000.0
133,133,219,Brandon Allen,CIN,QB,6000.0
134,134,214,Tyler Bray,CHI,QB,6000.0
135,135,213,Nathan Peterman,LV,QB,6000.0
136,136,490,Kendall Hinton,DEN,QB,6000.0
137,137,497,James Morgan,NYJ,QB,6000.0
138,138,359,Manny Wilkins,GB,QB,6000.0
139,139,205,Jacoby Brissett,IND,QB,6000.0
140,140,335,Logan Woodside,TEN,QB,6000.0
141,141,202,Zach Ertz,PHI,TE,6000.0
142,142,442,Trace McSorley,BAL,QB,6000.0
143,143,274,Davis Webb,BUF,QB,6000.0
144,144,357,Will Grier,CAR,QB,6000.0
145,145,399,Jerick McKinnon,SF,RB,6000.0
146,146,566,Josh Love,LAR,QB,6000.0
147,147,631,Josh McCown,PHI,QB,6000.0
148,148,508,Tommy Stevens,NO,QB,6000.0
149,149,514,Josh Rosen,TB,QB,6000.0
150,150,129,Chad Kelly,IND,QB,6000.0
151,151,71,Broc Rutter,SF,QB,6000.0
152,152,506,Josh Thomas,BUF,QB,6000.0
153,153,287,Tim Boyle,GB,QB,6000.0
154,154,82,Case Cookus,NYG,QB,6000.0
155,155,387,Mason Rudolph,PIT,QB,6000.0
156,156,126,Alex Tanney,NYG,QB,6000.0
157,157,766,Kyle Lauletta,CLE,QB,6000.0
158,158,124,Case Keenum,CLE,QB,6000.0
159,159,642,Jordan Love,GB,QB,6000.0
160,160,479,Jake Browning,MIN,QB,6000.0
161,161,109,Robert Griffin,BAL,QB,6000.0
162,162,797,Chase Daniel,DET,QB,6000.0
163,163,62,Reid Sinnett,MIA,QB,6000.0
164,164,799,Jordan Ta'amu,KC,QB,6000.0
165,165,301,Phillip Lindsay,DEN,RB,6000.0
166,166,68,Kevin Davidson,CLE,QB,6000.0
167,167,738,Chase Claypool,PIT,WR,6000.0
168,168,476,Bryce Perkins,LAR,QB,6000.0
169,169,504,Riley Neal,DEN,QB,6000.0
170,170,632,Matt Moore,KC,QB,6000.0
171,171,284,Joshua Dobbs,PIT,QB,6000.0
172,172,371,David Blough,DET,QB,6000.0
173,173,788,CeeDee Lamb,DAL,WR,6000.0
174,174,308,Phillip Walker,CAR,QB,6000.0
175,175,93,Blaine Gabbert,TB,QB,6000.0
176,176,727,Cole McDonald,TEN,QB,6000.0
177,177,462,DeShone Kizer,LV,QB,6000.0
178,178,643,Khalil Tate,PHI,QB,6000.0
179,179,826,Devlin Hodges,PIT,QB,6000.0
180,180,79,Jalen Morton,GB,QB,6000.0
181,181,591,Brian Lewerke,NE,QB,6000.0
182,182,555,Kyle Shurmur,KC,QB,6000.0
183,183,407,Clayton Thorson,NYG,QB,6000.0
184,184,134,Jameis Winston,NO,QB,6000.0
185,185,518,Travis Jonsen,TB,QB,6000.0
186,186,745,Chad Henne,KC,QB,6000.0
187,187,813,Joshua Kelley,LAC,RB,5900.0
188,188,377,Leonard Fournette,TB,RB,5900.0
189,189,568,Hayden Hurst,ATL,TE,5900.0
190,190,781,Brandon Aiyuk,SF,WR,5900.0
191,191,140,Giovani Bernard,CIN,RB,5900.0
192,192,762,Robert Tonyan,GB,TE,5900.0
193,193,277,Mike Williams,LAC,WR,5900.0
194,194,789,Marquise Brown,BAL,WR,5900.0
195,195,744,Jared Cook,NO,TE,5800.0
196,196,222,Jarvis Landry,CLE,WR,5800.0
197,197,741,David Montgomery,CHI,RB,5800.0
198,198,91,AJ Green,CIN,WR,5800.0
199,199,409,Justin Jackson,LAC,RB,5800.0
200,200,432,Deebo Samuel,SF,WR,5800.0
201,201,353,Tyler Higbee,LAR,TE,5700.0
202,202,706,Noah Fant,DEN,TE,5700.0
203,203,285,Greg Ward,PHI,WR,5700.0
204,204,747,Julian Edelman,NE,WR,5700.0
205,205,483,Myles Gaskin,MIA,RB,5700.0
206,206,805,Henry Ruggs,LV,WR,5700.0
207,207,683,Devin Singletary,BUF,RB,5700.0
208,208,618,JaMycal Hasty,SF,RB,5600.0
209,209,496,Scotty Miller,TB,WR,5600.0
210,210,94,Mark Ingram,BAL,RB,5600.0
211,211,292,Hunter Henry,LAC,TE,5600.0
212,212,25,Rob Gronkowski,TB,TE,5600.0
213,213,398,John Brown,BUF,WR,5600.0
214,214,825,Jalen Reagor,PHI,WR,5600.0
215,215,311,Evan Engram,NYG,TE,5600.0
216,216,666,Michael Gallup,DAL,WR,5600.0
217,217,806,Jerry Jeudy,DEN,WR,5600.0
218,218,115,TY Hilton,IND,WR,5500.0
219,219,765,Dallas Goedert,PHI,TE,5500.0
220,220,135,Devonta Freeman,NYG,RB,5500.0
221,221,585,Damien Harris,NE,RB,5500.0
222,222,160,Sterling Shepard,NYG,WR,5500.0
223,223,441,Mike Gesicki,MIA,TE,5500.0
224,224,118,Marvin Jones,DET,WR,5500.0
225,225,342,Rashard Higgins,CLE,WR,5500.0
226,226,26,Golden Tate,NYG,WR,5500.0
227,227,276,Wayne Gallman,NYG,RB,5400.0
228,228,694,Mecole Hardman,KC,WR,5400.0
229,229,455,Tim Patrick,DEN,WR,5400.0
230,230,627,Adrian Peterson,DET,RB,5400.0
231,231,372,Curtis Samuel,CAR,WR,5400.0
232,232,668,Zack Moss,BUF,RB,5400.0
233,233,31,Jimmy Graham,CHI,TE,5400.0
234,234,338,Corey Davis,TEN,WR,5400.0
235,235,255,Demarcus Robinson,KC,WR,5300.0
236,236,207,Trey Burton,IND,TE,5300.0
237,237,186,James White,NE,RB,5300.0
238,238,190,Richard Rodgers,PHI,TE,5300.0
239,239,458,Tre'Quan Smith,NO,WR,5300.0
240,240,130,Sammy Watkins,KC,WR,5300.0
241,241,698,Lamical Perine,NYJ,RB,5300.0
242,242,120,Cole Beasley,BUF,WR,5300.0
243,243,376,Russell Gage,ATL,WR,5300.0
244,244,787,John Hightower,PHI,WR,5300.0
245,245,403,Dalton Schultz,DAL,TE,5200.0
246,246,291,Corey Clement,PHI,RB,5200.0
247,247,524,Preston Williams,MIA,WR,5200.0
248,248,157,Rex Burkhead,NE,RB,5200.0
249,249,279,Austin Hooper,CLE,TE,5200.0
250,250,381,Zach Pascal,IND,WR,5200.0
251,251,810,Donovan Peoples-Jones,CLE,WR,5200.0
252,252,662,Darnell Mooney,CHI,WR,5200.0
253,253,391,Brian Hill,ATL,RB,5200.0
254,254,637,Tyler Johnson,TB,WR,5200.0
255,255,233,Malcolm Brown,LAR,RB,5200.0
256,256,253,Latavius Murray,NO,RB,5100.0
257,257,687,Benny Snell,PIT,RB,5100.0
258,258,288,Marquez Valdes-Scantling,GB,WR,5100.0
259,259,430,Royce Freeman,DEN,RB,5100.0
260,260,468,Hunter Renfrow,LV,WR,5100.0
261,261,645,N'Keal Harry,NE,WR,5100.0
262,262,601,Jalen Guyton,LAC,WR,5100.0
263,263,314,Anthony Miller,CHI,WR,5100.0
264,264,139,Eric Ebron,PIT,TE,5100.0
265,265,796,JK Dobbins,BAL,RB,5100.0
266,266,629,DeSean Jackson,PHI,WR,5000.0
267,267,634,Frank Gore,NYJ,RB,5000.0
268,268,414,David Njoku,CLE,TE,5000.0
269,269,251,Breshad Perriman,NYJ,WR,5000.0
270,270,540,Tae Crowder,NYG,RB,5000.0
271,271,385,Sony Michel,NE,RB,5000.0
272,272,768,Trenton Cannon,CAR,RB,5000.0
273,273,379,Josh Reynolds,LAR,WR,5000.0
274,274,759,Kendrick Bourne,SF,WR,5000.0
275,275,43,Kansas City Chiefs,KC,DST,5000.0
276,276,111,Alshon Jeffery,PHI,WR,5000.0
277,277,800,Cam Akers,LAR,RB,5000.0
278,278,127,Josh Gordon,SEA,WR,5000.0
279,279,424,James Washington,PIT,WR,5000.0
280,280,131,Adam Humphries,TEN,WR,5000.0
281,281,128,Mo Alie-Cox,IND,TE,5000.0
282,282,198,Nelson Agholor,LV,WR,5000.0
283,283,682,Harrison Bryant,CLE,TE,5000.0
284,284,164,Tevin Coleman,SF,RB,5000.0
285,285,450,Allen Lazard,GB,WR,5000.0
286,286,175,Carlos Hyde,SEA,RB,5000.0
287,287,691,Marquez Callaway,NO,WR,5000.0
288,288,644,Greg Olsen,SEA,TE,4900.0
289,289,57,Tampa Bay Buccaneers,TB,DST,4900.0
290,290,211,Damiere Byrd,NE,WR,4900.0
291,291,556,Nyheim Hines,IND,RB,4900.0
292,292,824,Gabriel Davis,BUF,WR,4900.0
293,293,763,Danny Amendola,DET,WR,4900.0
294,294,45,Los Angeles Rams,LAR,DST,4900.0
295,295,755,David Moore,SEA,WR,4900.0
296,296,723,Denzel Mims,NYJ,WR,4900.0
297,297,530,Ke'Shawn Vaughn,TB,RB,4900.0
298,298,582,Olamide Zaccheaus,ATL,WR,4900.0
299,299,702,Travis Homer,SEA,RB,4900.0
300,300,562,Kerryon Johnson,DET,RB,4900.0
301,301,605,JJ Arcega-Whiteside,PHI,WR,4900.0
302,302,380,Matt Breida,MIA,RB,4800.0
303,303,412,Reggie Bonnafon,CAR,RB,4800.0
304,304,401,Cameron Brate,TB,TE,4800.0
305,305,444,Christian Blake,ATL,WR,4800.0
306,306,271,Devontae Booker,LV,RB,4800.0
307,307,469,Mike Boone,MIN,RB,4800.0
308,308,785,KJ Hamler,DEN,WR,4800.0
309,309,677,Kalif Raymond,TEN,WR,4800.0
310,310,42,Indianapolis Colts,IND,DST,4800.0
311,311,658,Cedrick Wilson,DAL,WR,4800.0
312,312,650,Byron Pringle,KC,WR,4800.0
313,313,463,D'Ernest Johnson,CLE,RB,4800.0
314,314,278,Jack Doyle,IND,TE,4800.0
315,315,689,Devin Duvernay,BAL,WR,4800.0
316,316,818,AJ Dillon,GB,RB,4800.0
317,317,145,Tyler Kroft,BUF,TE,4800.0
318,318,443,Isaiah Ford,MIA,WR,4800.0
319,319,760,Anthony Firkser,TEN,TE,4800.0
320,320,212,Cordarrelle Patterson,CHI,WR,4700.0
321,321,327,Tyler Ervin,GB,RB,4700.0
322,322,685,Albert Okwuegbunam,DEN,TE,4700.0
323,323,422,Ito Smith,ATL,RB,4700.0
324,324,331,Willie Snead,BAL,WR,4700.0
325,325,375,Darrel Williams,KC,RB,4700.0
326,326,368,Braxton Berrios,NYJ,WR,4700.0
327,327,676,Darrynton Evans,TEN,RB,4700.0
328,328,586,Van Jefferson,LAR,WR,4700.0
329,329,59,Baltimore Ravens,BAL,DST,4700.0
330,330,366,Samaje Perine,CIN,RB,4700.0
331,331,340,Taysom Hill,NO,TE,4700.0
332,332,320,Jordan Howard,MIA,RB,4700.0
333,333,725,Ian Thomas,CAR,TE,4700.0
334,334,14,Deonte Harris,NO,WR,4700.0
335,335,561,Tony Pollard,DAL,RB,4700.0
336,336,358,Brandon Powell,ATL,WR,4700.0
337,337,105,Chris Hogan,NYJ,WR,4700.0
338,338,113,Mohamed Sanu,SF,WR,4600.0
339,339,100,Dion Lewis,NYG,RB,4600.0
340,340,305,DaeSean Hamilton,DEN,WR,4600.0
341,341,374,Dontrell Hilliard,CLE,RB,4600.0
342,342,302,John Ross,CIN,WR,4600.0
343,343,767,Justin Watson,TB,WR,4600.0
344,344,52,Philadelphia Eagles,PHI,DST,4600.0
345,345,384,Isaiah McKenzie,BUF,WR,4600.0
346,346,41,Tennessee Titans,TEN,DST,4600.0
347,347,19,Malik Taylor,GB,WR,4600.0
348,348,15,Donald Parham,LAC,TE,4600.0
349,349,576,Jeff Smith,NYJ,WR,4600.0
350,350,821,DeeJay Dallas,SEA,RB,4600.0
351,351,575,Auden Tate,CIN,WR,4600.0
352,352,721,JJ Taylor,NE,RB,4600.0
353,353,716,Quintez Cephus,DET,WR,4600.0
354,354,439,Noah Brown,DAL,WR,4600.0
355,355,185,Alex Erickson,CIN,WR,4600.0
356,356,635,Austin Mack,NYG,WR,4600.0
357,357,630,LeSean McCoy,TB,RB,4600.0
358,358,310,Jordan Wilkins,IND,RB,4600.0
359,359,282,Gus Edwards,BAL,RB,4600.0
360,360,649,Bryan Edwards,LV,WR,4600.0
361,361,651,Freddie Swain,SEA,WR,4600.0
362,362,663,Trayveon Williams,CIN,RB,4600.0
363,363,239,Jakeem Grant,MIA,WR,4600.0
364,364,617,Deontay Burnett,PHI,WR,4600.0
365,365,558,Lawrence Cager,NYJ,WR,4600.0
366,366,203,Marvin Hall,DET,WR,4600.0
367,367,201,Ty Montgomery,NO,RB,4600.0
368,368,448,Will Dissly,SEA,TE,4600.0
369,369,449,Drew Sample,CIN,TE,4600.0
370,370,714,Joe Reed,LAC,WR,4600.0
371,371,697,Javon Wims,CHI,WR,4600.0
372,372,572,Hakeem Butler,PHI,WR,4500.0
373,373,551,Aca'Cedric Ware,TB,RB,4500.0
374,374,505,James Gilbert,LAR,RB,4500.0
375,375,533,Xavier Jones,LAR,RB,4500.0
376,376,541,Penny Hart,SEA,WR,4500.0
377,377,502,Jacques Patrick,CIN,RB,4500.0
378,378,503,Olabisi Johnson,MIN,WR,4500.0
379,379,509,Anthony Jones,SEA,RB,4500.0
380,380,539,Jordan Scarlett,CAR,RB,4500.0
381,381,501,George Campbell,NYJ,WR,4500.0
382,382,554,Jared Pinkney,ATL,WR,4500.0
383,383,535,KJ Hill,LAC,WR,4500.0
384,384,557,Jakobi Meyers,NE,WR,4500.0
385,385,560,Alec Ingold,LV,RB,4500.0
386,386,545,Kemah Siverand,LV,WR,4500.0
387,387,532,James Proche,BAL,WR,4500.0
388,388,550,Kirk Merritt,MIA,WR,4500.0
389,389,510,Deon Cain,PIT,WR,4500.0
390,390,548,Dalton Schoen,LAC,WR,4500.0
391,391,517,Tyrell Williams,LV,WR,4500.0
392,392,547,Isaiah Zuber,NE,WR,4500.0
393,393,565,KJ Osborn,MIN,WR,4500.0
394,394,543,Quadree Henderson,PIT,WR,4500.0
395,395,522,Malik Henry,NO,WR,4500.0
396,396,544,John Kelly,CLE,RB,4500.0
397,397,523,Omar Bayless,CAR,WR,4500.0
398,398,528,Ty Johnson,NYJ,RB,4500.0
399,399,529,Gary Jennings,MIA,WR,4500.0
400,400,570,Patrick Carr,SEA,RB,4500.0
401,401,537,Mike Weber,KC,RB,4500.0
402,402,659,Stephen Sullivan,SEA,WR,4500.0
403,403,574,Jordan Glasgow,IND,RB,4500.0
404,404,578,Nick Westbrook-Ikhine,TEN,WR,4500.0
405,405,753,Tarik Cohen,CHI,RB,4500.0
406,406,752,Chad Williams,KC,WR,4500.0
407,407,746,Matthew Slater,NE,WR,4500.0
408,408,742,Quez Watkins,PHI,WR,4500.0
409,409,740,Binjimen Victor,NYG,WR,4500.0
410,410,739,Tony Jones,NO,RB,4500.0
411,411,735,Aleva Hifo,KC,WR,4500.0
412,412,734,Anthony Johnson,PIT,WR,4500.0
413,413,730,Irv Smith,MIN,TE,4500.0
414,414,729,Adrian Killins,PHI,RB,4500.0
415,415,728,Troymaine Pope,LAC,RB,4500.0
416,416,726,Patrick Taylor,GB,RB,4500.0
417,417,724,Trishton Jackson,LAR,WR,4500.0
418,418,722,Gabe Nabers,LAC,RB,4500.0
419,419,720,Rico Dowdle,DAL,RB,4500.0
420,420,719,Antoine Wesley,BAL,WR,4500.0
421,421,718,Raymond Calais,LAR,RB,4500.0
422,422,717,Malcolm Perry,MIA,RB,4500.0
423,423,711,Sean Riley,NE,WR,4500.0
424,424,709,Aaron Fuller,SEA,WR,4500.0
425,425,708,Seth Dawkins,SEA,WR,4500.0
426,426,754,Alex Armah,CAR,RB,4500.0
427,427,758,CJ Board,NYG,WR,4500.0
428,428,761,Patrick Ricard,BAL,RB,4500.0
429,429,798,Javon Leake,NYG,RB,4500.0
430,430,823,Darwin Thompson,KC,RB,4500.0
431,431,822,Jeff Thomas,NE,WR,4500.0
432,432,820,Easop Winston,LAR,WR,4500.0
433,433,819,Terry Wright,MIA,WR,4500.0
434,434,817,Isaiah Hodgins,BUF,WR,4500.0
435,435,816,Cody White,PIT,WR,4500.0
436,436,815,Damion Willis,CIN,WR,4500.0
437,437,809,Stephen Guidry,DAL,WR,4500.0
438,438,801,De'Michael Harris,IND,WR,4500.0
439,439,795,Noah Igbinoghene,MIA,WR,4500.0
440,440,764,Brandon Zylstra,CAR,WR,4500.0
441,441,793,Ahmad Wagner,CHI,WR,4500.0
442,442,792,Lynn Bowden,MIA,WR,4500.0
443,443,791,Salvon Ahmed,MIA,RB,4500.0
444,444,786,Michael Warren,CAR,RB,4500.0
445,445,784,Dominique Dafney,GB,WR,4500.0
446,446,783,Nick Easley,BUF,WR,4500.0
447,447,778,KhaDarel Hodge,CLE,WR,4500.0
448,448,776,Vyncint Smith,NYJ,WR,4500.0
449,449,773,De'Lance Turner,MIA,RB,4500.0
450,450,705,Tino Ellis,MIA,WR,4500.0
451,451,704,Justice Hill,BAL,RB,4500.0
452,452,703,Maurice Ffrench,KC,WR,4500.0
453,453,599,Dexter Williams,GB,RB,4500.0
454,454,616,John Ursua,SEA,WR,4500.0
455,455,613,Sutton Smith,SEA,RB,4500.0
456,456,609,Francis Bernard,DAL,RB,4500.0
457,457,608,LeVante Bellamy,DEN,RB,4500.0
458,458,607,Ja'Marcus Bradley,CLE,WR,4500.0
459,459,606,Michael Jacquet,PHI,WR,4500.0
460,460,604,Trenton Irwin,CIN,WR,4500.0
461,461,603,Cameron Scarlett,TEN,RB,4500.0
462,462,600,Equanimeous St Brown,GB,WR,4500.0
463,463,598,Chris Finke,SF,WR,4500.0
464,464,636,Antonio Williams,BUF,RB,4500.0
465,465,597,Miles Boykin,BAL,WR,4500.0
466,466,596,Brandon Polk,LAR,WR,4500.0
467,467,595,Juwan Johnson,NO,WR,4500.0
468,468,593,Josh Adams,NYJ,RB,4500.0
469,469,592,Darrell Stewart,CAR,WR,4500.0
470,470,590,Scotty Washington,CIN,WR,4500.0
471,471,588,DaMarkus Lodge,CIN,WR,4500.0
472,472,580,Dan Chisena,MIN,WR,4500.0
473,473,579,Saquon Barkley,NYG,RB,4500.0
474,474,622,Ted Ginn,CHI,WR,4500.0
475,475,639,Jaleel Scott,NYJ,WR,4500.0
476,476,701,Quartney Davis,MIN,WR,4500.0
477,477,675,Chester Rogers,TEN,WR,4500.0
478,478,700,Kendrick Rogers,DAL,WR,4500.0
479,479,699,Tyrie Cleveland,DEN,WR,4500.0
480,480,696,Brian Herrien,CLE,RB,4500.0
481,481,695,Elijah Holyfield,PHI,RB,4500.0
482,482,692,Kalija Lipscomb,GB,WR,4500.0
483,483,690,Devwah Whaley,CIN,RB,4500.0
484,484,688,Lil'Jordan Humphrey,NO,WR,4500.0
485,485,686,Damarea Crockett,DEN,RB,4500.0
486,486,681,CJ Ham,MIN,RB,4500.0
487,487,671,Jason Huntley,PHI,RB,4500.0
488,488,640,Devin Gray,ATL,WR,4500.0
489,489,667,Tavien Feaster,DET,RB,4500.0
490,490,665,Sewo Olonilua,DAL,RB,4500.0
491,491,664,Darius Anderson,IND,RB,4500.0
492,492,499,Chandler Cox,MIA,RB,4500.0
493,493,657,Greg Dortch,LAR,WR,4500.0
494,494,655,Dezmon Patmon,IND,WR,4500.0
495,495,652,Riley Ridley,CHI,WR,4500.0
496,496,648,Michael Pittman,IND,WR,4500.0
497,497,646,Dillon Mitchell,MIN,WR,4500.0
498,498,500,Jauan Jennings,SF,WR,4500.0
499,499,0,Christian Wade,BUF,RB,4500.0
500,500,498,David Sills,NYG,WR,4500.0
501,501,191,De'Anthony Thomas,BAL,WR,4500.0
502,502,234,Marcus Johnson,IND,WR,4500.0
503,503,232,Gehrig Dieter,KC,WR,4500.0
504,504,228,Corey Coleman,NYG,WR,4500.0
505,505,226,Fred Brown,DEN,WR,4500.0
506,506,225,Donte Moncrief,NYJ,WR,4500.0
507,507,224,Cody Core,NYG,WR,4500.0
508,508,223,Jeremy Hill,LV,RB,4500.0
509,509,218,TJ Yeldon,BUF,RB,4500.0
510,510,217,DeAndrew White,BAL,WR,4500.0
511,511,208,Jordan Reed,SF,TE,4500.0
512,512,196,Marqise Lee,NE,WR,4500.0
513,513,192,Kenjon Barner,TB,RB,4500.0
514,514,187,Maurice Harris,NO,WR,4500.0
515,515,237,Josh Doctson,NYJ,WR,4500.0
516,516,183,Derek Watt,PIT,RB,4500.0
517,517,181,Jesse James,DET,TE,4500.0
518,518,177,Rod Smith,NYG,RB,4500.0
519,519,174,Austin Carr,NO,WR,4500.0
520,520,173,Dan Vitale,NE,RB,4500.0
521,521,170,Bennie Fowler,NO,WR,4500.0
522,522,169,Devin Funchess,GB,WR,4500.0
523,523,168,Jehu Chesson,NYJ,WR,4500.0
524,524,167,Amara Darboh,PIT,WR,4500.0
525,525,162,Jake Kumerow,BUF,WR,4500.0
526,526,159,Damien Williams,KC,RB,4500.0
527,527,156,Andy Janovich,CLE,RB,4500.0
528,528,235,Marquise Goodwin,PHI,WR,4500.0
529,529,494,Jaylinn Hawkins,ATL,WR,4500.0
530,530,154,Marcus Murphy,CAR,RB,4500.0
531,531,297,Marcell Ateman,LV,WR,4500.0
532,532,321,Kenneth Dixon,NYJ,RB,4500.0
533,533,319,Robert Foster,GB,WR,4500.0
534,534,316,River Cracraft,SF,WR,4500.0
535,535,315,Victor Bolden,DET,WR,4500.0
536,536,313,Johnny Holton,NYG,WR,4500.0
537,537,312,Quincy Adeboyejo,NE,WR,4500.0
538,538,309,Dalyn Dawkins,DET,RB,4500.0
539,539,307,Laquon Treadwell,ATL,WR,4500.0
540,540,306,Chris Thompson,SF,WR,4500.0
541,541,300,Khalfani Muhammad,DEN,RB,4500.0
542,542,299,Trevor Davis,CHI,WR,4500.0
543,543,298,Zay Jones,LV,WR,4500.0
544,544,295,Ralph Webb,PIT,RB,4500.0
545,545,241,Chris Moore,BAL,WR,4500.0
546,546,294,Pharoh Cooper,CAR,WR,4500.0
547,547,293,J'Mon Moore,CLE,WR,4500.0
548,548,281,Elijah Wellman,GB,RB,4500.0
549,549,280,Ishmael Hyman,CAR,WR,4500.0
550,550,269,Kyle Juszczyk,SF,RB,4500.0
551,551,261,Ryan Switzer,CLE,WR,4500.0
552,552,259,TJ Logan,TB,RB,4500.0
553,553,257,Wendell Smallwood,PIT,RB,4500.0
554,554,254,Dwayne Washington,NO,RB,4500.0
555,555,250,Geremy Davis,DET,WR,4500.0
556,556,247,Jalen Richard,LV,RB,4500.0
557,557,245,Senorise Perry,TEN,RB,4500.0
558,558,155,Ameer Abdullah,MIN,RB,4500.0
559,559,151,Paul Richardson,SEA,WR,4500.0
560,560,324,Tommylee Lewis,NO,WR,4500.0
561,561,21,Tom Kennedy,DET,WR,4500.0
562,562,70,Earnest Edwards,LAR,WR,4500.0
563,563,69,JJ Koski,LAR,WR,4500.0
564,564,67,Zimari Manning,DEN,WR,4500.0
565,565,66,Matt Cole,MIA,WR,4500.0
566,566,65,Mason Kinsey,NE,WR,4500.0
567,567,64,Kristian Wilkerson,NE,WR,4500.0
568,568,61,Josh Pearson,TB,WR,4500.0
569,569,60,John Hurst,TB,WR,4500.0
570,570,33,Buffalo Bills,BUF,DST,4500.0
571,571,29,Andre Roberts,BUF,WR,4500.0
572,572,24,Justice Shelton-Mosley,KC,WR,4500.0
573,573,23,Gunner Olszewski,NE,WR,4500.0
574,574,20,Jason Moore,LAC,WR,4500.0
575,575,73,Juwan Green,ATL,WR,4500.0
576,576,18,Bruce Anderson,IND,RB,4500.0
577,577,17,Wes Hills,DET,RB,4500.0
578,578,13,Darrius Shepherd,GB,WR,4500.0
579,579,12,Ashton Dulin,IND,WR,4500.0
580,580,10,Thomas Ives,CHI,WR,4500.0
581,581,9,Reggie White,NYG,WR,4500.0
582,582,8,Alex Wesley,CHI,WR,4500.0
583,583,7,Emmanuel Butler,NO,WR,4500.0
584,584,6,Trinity Benson,DEN,WR,4500.0
585,585,5,Alexander Hollins,MIN,WR,4500.0
586,586,4,Davion Davis,MIN,WR,4500.0
587,587,2,Nsimba Webster,LAR,WR,4500.0
588,588,72,Chris Rowland,ATL,WR,4500.0
589,589,74,Mikey Daniel,ATL,RB,4500.0
590,590,149,Tavon Austin,SF,WR,4500.0
591,591,104,Patrick DiMarco,BUF,RB,4500.0
592,592,148,Trey Edmunds,PIT,RB,4500.0
593,593,146,Michael Burton,NO,RB,4500.0
594,594,143,Phillip Dorsett,SEA,WR,4500.0
595,595,142,Allen Hurns,MIA,WR,4500.0
596,596,141,Darius Jennings,LAC,WR,4500.0
597,597,138,Mack Hollins,MIA,WR,4500.0
598,598,125,Jamize Olawale,DAL,RB,4500.0
599,599,122,Brandon Bolden,NE,RB,4500.0
600,600,121,Josh Bellamy,NYJ,WR,4500.0
601,601,119,Alfred Morris,NYG,RB,4500.0
602,602,116,Travis Benjamin,SF,WR,4500.0
603,603,106,Nick Bellore,SEA,RB,4500.0
604,604,99,Anthony Sherman,KC,RB,4500.0
605,605,75,Aaron Parker,DAL,WR,4500.0
606,606,98,Taiwan Jones,BUF,RB,4500.0
607,607,89,Pete Guerriero,CAR,RB,4500.0
608,608,87,Bronson Rechsteiner,BAL,RB,4500.0
609,609,86,Jaylon Moore,BAL,WR,4500.0
610,610,85,Michael Dereus,BAL,WR,4500.0
611,611,84,Jeff Cotton,LAC,WR,4500.0
612,612,83,Rysen John,NYG,WR,4500.0
613,613,81,Sandro Platzgummer,NYG,RB,4500.0
614,614,80,Reggie Begelton,GB,WR,4500.0
615,615,78,Jordan Jones,GB,RB,4500.0
616,616,77,Luke Sellers,DET,RB,4500.0
617,617,76,Manasseh Bailey,PHI,WR,4500.0
618,618,322,Trent Taylor,SF,WR,4500.0
619,619,238,DeAndre Washington,KC,RB,4500.0
620,620,325,Chad Beebe,MIN,WR,4500.0
621,621,423,Mike Thomas,CIN,WR,4500.0
622,622,440,Parris Campbell,IND,WR,4500.0
623,623,437,Jonathan Hilliman,NYG,RB,4500.0
624,624,435,Juwann Winfree,GB,WR,4500.0
625,625,434,Bo Scarbrough,DET,RB,4500.0
626,626,433,Khari Blasingame,TEN,RB,4500.0
627,627,429,Tony Brooks-James,MIN,RB,4500.0
628,628,328,Keith Smith,ATL,RB,4500.0
629,629,427,Saeed Blacknall,PIT,WR,4500.0
630,630,425,Chris Lacy,DET,WR,4500.0
631,631,418,Jon'Vea Johnson,DAL,WR,4500.0
632,632,378,Elijhaa Penny,NYG,RB,4500.0
633,633,417,Cody Thompson,SEA,WR,4500.0
634,634,416,Qadree Ollison,ATL,RB,4500.0
635,635,413,Jaylen Samuels,PIT,RB,4500.0
636,636,405,Malik Turner,DAL,WR,4500.0
637,637,402,Diontae Spencer,DEN,WR,4500.0
638,638,400,Seth Roberts,CAR,WR,4500.0
639,639,395,Duke Williams,BUF,WR,4500.0
640,640,389,Nick Bawden,DET,RB,4500.0
641,641,388,Cody Hollister,TEN,WR,4500.0
642,642,445,Jeremy McNichols,TEN,RB,4500.0
643,643,446,Sean Modster,BAL,WR,4500.0
644,644,447,Dante Pettis,SF,WR,4500.0
645,645,452,Ventell Bryant,DAL,WR,4500.0
646,646,491,Stanley Morgan,CIN,WR,4500.0
647,647,489,Chase Harrell,SF,WR,4500.0
648,648,487,Anthony Ratliff-Williams,LV,WR,4500.0
649,649,486,Ty'Son Williams,BAL,RB,4500.0
650,650,485,TreVontae Hights,CAR,WR,4500.0
651,651,482,Rodney Anderson,CIN,RB,4500.0
652,652,481,Damion Ratley,NYG,WR,4500.0
653,653,480,Blake Lynch,MIN,WR,4500.0
654,654,478,Andre Baccellia,NE,WR,4500.0
655,655,475,Brian Cole,MIA,WR,4500.0
656,656,473,Tyron Johnson,LAC,WR,4500.0
657,657,472,Derrick Dillon,NYG,WR,4500.0
658,658,467,Marlon Mack,IND,RB,4500.0
659,659,466,Rashaad Penny,SEA,RB,4500.0
660,660,464,Napoleon Maxwell,CHI,RB,4500.0
661,661,460,Cam Batson,TEN,WR,4500.0
662,662,459,Courtland Sutton,DEN,WR,4500.0
663,663,456,Gerald Everett,LAR,TE,4500.0
664,664,454,Ryan Nall,CHI,RB,4500.0
665,665,382,Richie James,SF,WR,4500.0
666,666,428,Patrick Laird,MIA,RB,4500.0
667,667,828,Keelan Doss,LV,WR,4500.0
668,668,363,Josh Malone,NYJ,WR,4500.0
669,669,362,Jakob Johnson,NE,RB,4500.0
670,670,361,Jalen Hurd,SF,WR,4500.0
671,671,360,Kalen Ballage,LAC,RB,4500.0
672,672,356,Robert Davis,LV,WR,4500.0
673,673,369,Geronimo Allison,DET,WR,4500.0
674,674,355,Albert Wilson,MIA,WR,4500.0
675,675,351,Taywan Taylor,CLE,WR,4500.0
676,676,373,Marcus Green,PHI,WR,4500.0
677,677,349,Tajae Sharpe,MIN,WR,4500.0
678,678,347,Keith Kirkwood,CAR,WR,4500.0
679,679,346,Marcus Kemp,KC,WR,4500.0
680,680,343,Da'Mari Scott,NYG,WR,4500.0
681,681,336,Rodney Adams,CHI,WR,4500.0
682,682,370,Rodney Smith,CAR,RB,4500.0
683,683,333,Roosevelt Nix,IND,RB,4500.0
684,684,330,JoJo Natson,CLE,WR,4500.0
685,685,329,Elijah McGuire,DAL,RB,4500.0
686,686,750,Adam Shaheen,MIA,TE,4400.0
687,687,96,Kyle Rudolph,MIN,TE,4400.0
688,688,36,Cleveland Browns,CLE,DST,4400.0
689,689,808,Cole Kmet,CHI,TE,4400.0
690,690,625,Marcedes Lewis,GB,TE,4400.0
691,691,415,Chris Herndon,NYJ,TE,4400.0
692,692,587,Dawson Knox,BUF,TE,4400.0
693,693,215,Jason Croom,PHI,TE,4400.0
694,694,158,Blake Bell,DAL,TE,4300.0
695,695,526,Jace Sternberger,GB,TE,4300.0
696,696,54,Los Angeles Chargers,LAC,DST,4300.0
697,697,623,Jason Witten,LV,TE,4300.0
698,698,390,Jacob Hollister,SEA,TE,4300.0
699,699,770,Ross Dwelley,SF,TE,4200.0
700,700,270,Josh Hill,NO,TE,4200.0
701,701,108,Demetrius Harris,CHI,TE,4200.0
702,702,263,Jake Butt,DEN,TE,4200.0
703,703,713,Kaden Smith,NYG,TE,4200.0
704,704,63,Adam Trautman,NO,TE,4200.0
705,705,53,Pittsburgh Steelers,PIT,DST,4200.0
706,706,678,Reggie Gilliam,BUF,TE,4200.0
707,707,474,Foster Moreau,LV,TE,4200.0
708,708,230,Vance McDonald,PIT,TE,4200.0
709,709,516,Nick Boyle,BAL,TE,4100.0
710,710,772,Nick Keizer,KC,TE,4100.0
711,711,48,New England Patriots,NE,DST,4100.0
712,712,317,Durham Smythe,MIA,TE,4100.0
713,713,249,Ryan Griffin,NYJ,TE,4100.0
714,714,107,Chris Manhertz,CAR,TE,4100.0
715,715,420,Ryan Izzo,NE,TE,4100.0
716,716,684,Trevon Wesco,NYJ,TE,4100.0
717,717,101,Lee Smith,BUF,TE,4100.0
718,718,55,San Francisco 49ers,SF,DST,4000.0
719,719,633,Codey McElroy,TB,TE,4000.0
720,720,525,Eli Wolf,BAL,TE,4000.0
721,721,782,Dalton Keene,NE,TE,4000.0
722,722,769,Tanner Hudson,TB,TE,4000.0
723,723,520,Nate Wieting,MIA,TE,4000.0
724,724,240,Eric Tomlinson,NYG,TE,4000.0
725,725,777,Jaeden Graham,ATL,TE,4000.0
726,726,521,Daniel Brown,NYJ,TE,4000.0
727,727,775,Paul Butler,NE,TE,4000.0
728,728,774,Kevin Rader,PIT,TE,4000.0
729,729,337,Michael Roberts,MIA,TE,4000.0
730,730,771,Christian Scotland-Williamson,PIT,TE,4000.0
731,731,693,Charlie Woerner,SF,TE,4000.0
732,732,674,Moritz Bohringer,CIN,TE,4000.0
733,733,790,Hunter Bryant,DET,TE,4000.0
734,734,512,Cole Hikutini,DAL,TE,4000.0
735,735,827,Charlie Taumoepeau,SF,TE,4000.0
736,736,492,Josiah Deguara,GB,TE,4000.0
737,737,3,Brandon Dillon,MIN,TE,4000.0
738,738,488,Jake Bargas,MIN,TE,4000.0
739,739,507,Caleb Repp,ATL,TE,4000.0
740,740,229,Luke Willson,SEA,TE,4000.0
741,741,615,Dax Raymond,PIT,TE,4000.0
742,742,11,Stephen Carlson,CLE,TE,4000.0
743,743,614,Giovanni Ricci,CAR,TE,4000.0
744,744,511,CJ Conrad,NYG,TE,4000.0
745,745,814,Cam Sutton,CAR,TE,4000.0
746,746,589,Farrod Green,IND,TE,4000.0
747,747,40,Green Bay Packers,GB,DST,4000.0
748,748,612,Mitchell Wilcox,CIN,TE,4000.0
749,749,515,MyCole Pruitt,TEN,TE,4000.0
750,750,22,Jesper Horsted,CHI,TE,4000.0
751,751,584,Hale Hentges,IND,TE,4000.0
752,752,673,Seth DeValve,CAR,TE,4000.0
753,753,27,Ed Dickson,SEA,TE,4000.0
754,754,477,Tommy Hudson,TEN,TE,4000.0
755,755,802,Colby Parkinson,SEA,TE,4000.0
756,756,519,Khari Lee,ATL,TE,4000.0
757,757,189,Stephen Anderson,LAC,TE,4000.0
758,758,794,Dominick Wood-Anderson,SEA,TE,4000.0
759,759,471,Tyler Conklin,MIN,TE,4000.0
760,760,470,Parker Hesse,TEN,TE,4000.0
761,761,339,Garrett Griffin,NO,TE,4000.0
762,762,710,Caleb Wilson,PHI,TE,4000.0
763,763,581,Nick Bowers,LV,TE,4000.0
764,764,268,OJ Howard,TB,TE,4000.0
765,765,262,Cethan Carter,CIN,TE,4000.0
766,766,204,Joshua Perkins,PHI,TE,4000.0
767,767,144,JP Holtz,CHI,TE,4000.0
768,768,426,Kendall Blanton,LAR,TE,4000.0
769,769,653,Isaac Nauta,DET,TE,4000.0
770,770,200,Levine Toilolo,NYG,TE,4000.0
771,771,559,Brycen Hopkins,LAR,TE,4000.0
772,772,153,Sean Culkin,BAL,TE,4000.0
773,773,258,Geoff Swaim,TEN,TE,4000.0
774,774,577,Jake Burt,NE,TE,4000.0
775,775,195,Xavier Grimble,BAL,TE,4000.0
776,776,161,Blake Jarwin,DAL,TE,4000.0
777,777,123,Derek Carrier,LV,TE,4000.0
778,778,564,Tyler Mabry,SEA,TE,4000.0
779,779,163,Matt LaCosse,NE,TE,4000.0
780,780,396,Andrew Beck,DEN,TE,4000.0
781,781,594,Nakia Griffin-Stewart,GB,TE,4000.0
782,782,567,Kyle Markway,CLE,TE,4000.0
783,783,411,Nate Becker,BUF,TE,4000.0
784,784,410,Cole Herdman,TEN,TE,4000.0
785,785,408,Garrett Dickerson,NYG,TE,4000.0
786,786,176,Jeff Heuerman,DEN,TE,4000.0
787,787,406,Ian Bunting,IND,TE,4000.0
788,788,178,Nick Vannett,DEN,TE,4000.0
789,789,573,Zach Gentry,PIT,TE,4000.0
790,790,367,Daniel Helm,SF,TE,4000.0
791,791,133,Nick O'Leary,LV,TE,4000.0
792,792,453,Chris Myarick,MIA,TE,4000.0
793,793,737,Devin Asiasi,NE,TE,4000.0
794,794,352,Deon Yelder,KC,TE,4000.0
795,795,296,Ricky Seals-Jones,KC,TE,4000.0
796,796,680,Ben Braunecker,CHI,TE,4000.0
797,797,220,CJ Uzomah,CIN,TE,4000.0
798,798,350,Mason Schreck,CIN,TE,4000.0
799,799,88,Connor Davis,NYJ,TE,4000.0
800,800,451,Charles Scarff,BAL,TE,4000.0
801,801,393,Matt Sokol,DET,TE,4000.0
802,802,97,Luke Stocker,ATL,TE,4000.0
803,803,602,Noah Togiai,IND,TE,4000.0
804,804,283,Johnny Mundt,LAR,TE,4000.0
805,805,103,Virgil Green,LAC,TE,4000.0
806,806,536,Rashod Berry,NE,TE,4000.0
807,807,457,Jordan Franks,CLE,TE,4000.0
808,808,438,Tommy Sweeney,BUF,TE,4000.0
809,809,638,Sean McKeon,DAL,TE,4000.0
810,810,534,Jared Rice,LAC,TE,4000.0
811,811,275,Jordan Leggett,TB,TE,4000.0
812,812,679,Jason Vander Laan,NO,TE,4000.0
813,813,757,Antony Auclair,TB,TE,4000.0
814,814,549,Jacob Breeland,BAL,TE,4000.0
815,815,46,Miami Dolphins,MIA,DST,3900.0
816,816,38,Denver Broncos,DEN,DST,3900.0
817,817,34,Chicago Bears,CHI,DST,3800.0
818,818,56,Seattle Seahawks,SEA,DST,3700.0
819,819,49,New Orleans Saints,NO,DST,3600.0
820,820,37,Dallas Cowboys,DAL,DST,3600.0
821,821,50,New York Giants,NYG,DST,3500.0
822,822,44,Las Vegas Raiders,LV,DST,3500.0
823,823,58,Carolina Panthers,CAR,DST,3400.0
824,824,39,Detroit Lions,DET,DST,3400.0
825,825,35,Cincinnati Bengals,CIN,DST,3300.0
826,826,32,Atlanta Falcons,ATL,DST,3200.0
827,827,47,Minnesota Vikings,MIN,DST,3100.0
828,828,51,New York Jets,NYJ,DST,2500.0
