,Unnamed: 0,Name,Position,Team,Pass Yds,Pass TD,Pass INT,Rush Yds,Rush TD,Receptions,Rec Yds,Rec TD,Ret TD,Fumb TD,2PT,Fumb Lost,Points Total,Paddy
0,0,Chase Claypool,WR,PIT,0,0,0,6,1,7,110,3,0,0,0,0.0,42.6,39.1
1,1,Travis Fulgham,WR,PHI,0,0,0,0,0,10,152,1,0,0,0,0.0,31.2,26.200000000000003
2,2,Brandin Cooks,WR,HOU,0,0,0,0,0,8,161,1,0,0,0,0.0,30.1,26.1
3,3,Ryan Tannehill,QB,TEN,195,3,0,42,1,0,0,0,0,0,0,0.0,30.0,30.0
4,4,Mike Davis,RB,CAR,0,0,0,89,0,9,60,1,0,0,0,0.0,29.9,25.4
5,5,Patrick Mahomes,QB,KC,340,2,1,21,1,0,0,0,0,0,1,0.0,29.7,30.700000000000003
6,6,Adam Thielen,WR,MIN,0,0,0,3,0,9,80,2,0,0,0,0.0,29.3,24.8
7,7,Mike Williams,WR,LAC,0,0,0,0,0,5,109,2,0,0,0,0.0,27.9,25.4
8,8,Ryan Fitzpatrick,QB,MIA,350,3,0,16,0,0,0,0,0,0,0,0.0,27.6,27.6
9,9,Justin Herbert,QB,LAC,264,4,0,8,0,0,0,0,0,0,0,0.0,27.36,27.360000000000003
10,10,DK Metcalf,WR,SEA,0,0,0,0,0,6,93,2,0,0,0,0.0,27.3,24.3
11,11,Kyler Murray,QB,ARI,380,1,1,31,1,0,0,0,0,0,0,0.0,26.3,27.300000000000004
12,12,Jamison Crowder,WR,NYJ,0,0,0,0,0,8,116,1,0,0,0,0.0,25.6,21.6
13,13,DeAndre Hopkins,WR,ARI,0,0,0,0,0,6,131,1,0,0,0,0.0,25.1,22.1
14,14,Todd Gurley,RB,ATL,0,0,0,121,1,4,29,0,0,0,0,0.0,25.0,23.0
15,15,Deshaun Watson,QB,HOU,359,3,2,25,0,0,0,0,0,0,0,0.0,24.86,26.86
16,16,Travis Kelce,TE,KC,0,0,0,0,0,8,108,1,0,0,0,0.0,24.8,20.8
17,17,Russell Wilson,QB,SEA,217,3,1,58,0,0,0,0,0,0,0,0.0,24.48,25.48
18,18,Jared Goff,QB,LA,309,2,1,0,1,0,0,0,0,0,0,0.0,24.36,25.36
19,19,Emmanuel Sanders,WR,NO,0,0,0,0,0,12,122,0,0,0,0,0.0,24.2,18.200000000000003
20,20,Derek Carr,QB,LV,347,3,1,1,0,0,0,0,0,0,0,0.0,23.98,24.980000000000004
21,21,Miles Sanders,RB,PHI,0,0,0,80,2,2,19,0,0,0,0,0.0,23.9,22.9
22,22,Ezekiel Elliott,RB,DAL,0,0,0,91,2,1,14,0,0,0,0,0.0,23.5,23.0
23,23,Josh Jacobs,RB,LV,0,0,0,77,2,2,8,0,0,0,0,0.0,22.5,21.5
24,24,Darrell Henderson,RB,LA,0,0,0,38,1,3,30,1,0,0,0,0.0,21.8,20.3
25,25,Calvin Ridley,WR,ATL,0,0,0,0,0,8,136,0,0,0,0,0.0,21.6,17.6
26,26,Ben Roethlisberger,QB,PIT,239,3,0,-2,0,0,0,0,0,0,0,0.0,21.36,21.360000000000003
27,27,A.J. Brown,WR,TEN,0,0,0,0,0,7,82,1,0,0,0,0.0,21.2,17.700000000000003
28,28,Drew Brees,QB,NO,325,1,1,1,1,0,0,0,0,0,0,0.0,21.1,22.1
29,29,Jonnu Smith,TE,TEN,0,0,0,0,0,5,40,2,0,0,0,0.0,21.0,18.5
30,30,Darius Slayton,WR,NYG,0,0,0,0,0,8,129,0,0,0,0,0.0,20.9,16.9
31,31,Teddy Bridgewater,QB,CAR,313,2,0,3,0,0,0,0,0,0,0,0.0,20.82,20.82
32,32,Stefon Diggs,WR,BUF,0,0,0,0,0,10,106,0,0,0,0,0.0,20.6,15.600000000000001
33,33,Preston Williams,WR,MIA,0,0,0,0,0,4,106,1,0,0,0,0.0,20.6,18.6
34,34,CeeDee Lamb,WR,DAL,0,0,0,0,0,8,124,0,0,0,0,0.0,20.4,16.4
35,35,Chase Edmonds,RB,ARI,0,0,0,36,1,5,56,0,0,0,0,0.0,20.2,17.7
36,36,Myles Gaskin,RB,MIA,0,0,0,57,1,5,34,0,0,0,0,0.0,20.1,17.6
37,37,Chris Carson,RB,SEA,0,0,0,52,1,6,27,0,0,0,0,0.0,19.9,16.9
38,38,Dalvin Cook,RB,MIN,0,0,0,65,1,5,24,0,0,0,0,0.0,19.9,17.4
39,39,Alvin Kamara,RB,NO,0,0,0,45,0,8,74,0,0,0,0,0.0,19.9,15.9
40,40,Gardner Minshew,QB,JAX,301,2,0,18,0,0,0,0,0,0,0,0.0,19.84,21.84
41,41,Marquise Brown,WR,BAL,0,0,0,1,0,6,77,1,0,0,0,0.0,19.8,16.8
42,42,Henry Ruggs III,WR,LV,0,0,0,0,0,2,118,1,0,0,0,0.0,19.8,18.8
43,43,Robby Anderson,WR,CAR,0,0,0,3,0,8,112,0,0,0,0,0.0,19.5,15.5
44,44,Derrick Henry,RB,TEN,0,0,0,57,2,1,6,0,0,0,0,0.0,19.3,18.8
45,45,D.J. Moore,WR,CAR,0,0,0,0,0,4,93,1,0,0,0,0.0,19.3,17.3
46,46,Allen Robinson,WR,CHI,0,0,0,0,0,10,90,0,0,0,0,0.0,19.0,14.0
47,47,David Montgomery,RB,CHI,0,0,0,29,1,7,30,0,0,0,0,0.0,18.9,15.4
48,48,Tyreek Hill,WR,KC,0,0,0,15,1,3,78,0,0,0,0,0.0,18.3,16.8
49,49,Kareem Hunt,RB,CLE,0,0,0,72,0,3,21,1,0,0,0,0.0,18.3,16.799999999999997
50,50,Mark Andrews,TE,BAL,0,0,0,0,0,6,56,1,0,0,0,0.0,17.6,14.600000000000001
51,51,Carson Wentz,QB,PHI,258,2,2,11,0,0,0,0,0,0,1,0.0,17.42,19.42
52,52,Robert Woods,WR,LA,0,0,0,0,0,4,71,1,0,0,0,0.0,17.1,15.100000000000001
53,53,Devonta Freeman,RB,NYG,0,0,0,60,1,2,27,0,0,0,0,0.0,16.7,15.7
54,54,Alexander Mattison,RB,MIN,0,0,0,112,0,3,24,0,0,0,0,0.0,16.6,15.100000000000001
55,55,Josh Allen,QB,BUF,263,2,2,18,0,0,0,0,0,0,0,0.0,16.32,18.32
56,56,Will Fuller,WR,HOU,0,0,0,0,0,4,58,1,0,0,0,0.0,15.8,13.8
57,57,Darren Waller,TE,LV,0,0,0,0,0,5,48,1,0,0,0,0.0,15.8,13.3
58,58,Baker Mayfield,QB,CLE,247,2,2,17,0,0,0,0,0,0,0,0.0,15.58,17.580000000000002
59,59,Ronald Jones,RB,TB,0,0,0,106,0,3,19,0,0,0,0,0.0,15.5,14.000000000000002
60,60,Joe Mixon,RB,CIN,0,0,0,59,0,6,35,0,0,0,0,0.0,15.4,12.4
61,61,Jonathan Taylor,RB,IND,0,0,0,57,1,2,17,0,0,0,0,0.0,15.4,14.399999999999999
62,62,James Conner,RB,PIT,0,0,0,44,1,3,19,0,0,0,0,0.0,15.3,13.8
63,63,Mike Evans,WR,TB,0,0,0,0,0,5,41,1,0,0,0,0.0,15.1,12.600000000000001
64,64,Raheem Mostert,RB,SF,0,0,0,90,0,3,29,0,0,0,0,0.0,14.9,13.4
65,65,Laviska Shenault Jr.,WR,JAX,0,0,0,0,0,7,79,0,0,0,0,0.0,14.9,11.4
66,66,Nelson Agholor,WR,LV,0,0,0,0,0,2,67,1,0,0,0,0.0,14.7,13.7
67,67,Justin Jackson,RB,LAC,0,0,0,71,0,5,23,0,0,0,0,0.0,14.4,11.900000000000002
68,68,T.J. Yeldon,RB,BUF,0,0,0,52,0,1,22,1,0,0,0,0.0,14.4,13.9
69,69,Kirk Cousins,QB,MIN,249,2,1,2,0,0,0,0,0,0,0,0.0,14.16,17.16
70,70,Tom Brady,QB,TB,253,1,0,0,0,0,0,0,0,0,0,0.0,14.12,14.120000000000001
71,71,Mike Gesicki,TE,MIA,0,0,0,0,0,5,91,0,0,0,0,0.0,14.1,11.6
72,72,Joe Flacco,QB,NYJ,195,1,0,20,0,0,0,0,0,0,0,0.0,13.8,13.8
73,73,Darren Fells,TE,HOU,0,0,0,0,0,2,57,1,0,0,0,0.0,13.7,12.7
74,74,Lamar Jackson,QB,BAL,180,2,1,3,0,0,0,0,0,0,0,0.0,13.5,14.5
75,75,Dak Prescott,QB,DAL,166,0,1,7,0,1,11,1,0,0,0,0.0,13.44,13.940000000000001
76,76,Jared Cook,TE,NO,0,0,0,0,0,2,52,1,0,0,0,0.0,13.2,12.2
77,77,Kenyan Drake,RB,ARI,0,0,0,60,1,1,2,0,0,0,0,0.0,13.2,12.7
78,78,Gerald Everett,TE,LA,0,0,0,0,0,4,90,0,0,0,0,0.0,13.0,11.0
79,79,DeVante Parker,WR,MIA,0,0,0,0,0,2,50,1,0,0,0,0.0,13.0,12.0
80,80,T.Y. Hilton,WR,IND,0,0,0,0,0,6,69,0,0,0,0,0.0,12.9,9.9
81,81,Christian Kirk,WR,ARI,0,0,0,0,0,5,78,0,0,0,0,0.0,12.8,10.3
82,82,Jarvis Landry,WR,CLE,0,0,0,0,0,4,88,0,0,0,0,0.0,12.8,10.8
83,83,Greg Ward,WR,PHI,0,0,0,0,0,4,26,1,0,0,0,0.0,12.6,10.6
84,84,Jimmy Graham,TE,CHI,0,0,0,0,0,3,33,1,0,0,0,0.0,12.3,10.8
85,85,Hunter Henry,TE,LAC,0,0,0,0,0,4,23,1,0,0,0,0.0,12.3,10.3
86,86,David Johnson,RB,HOU,0,0,0,96,0,2,7,0,0,0,0,0.0,12.3,11.3
87,87,Rashard Higgins,WR,CLE,0,0,0,0,0,3,31,1,0,0,0,0.0,12.1,10.6
88,88,Collin Johnson,WR,JAX,0,0,0,0,0,3,30,1,0,0,0,0.0,12.0,10.5
89,89,Nick Foles,QB,CHI,243,1,1,-1,0,0,0,0,0,0,0,0.0,11.62,12.620000000000001
90,90,Cooper Kupp,WR,LA,0,0,0,0,0,5,66,0,0,0,0,0.0,11.6,9.100000000000001
91,91,Odell Beckham Jr.,WR,CLE,18,0,0,-1,0,5,58,0,0,0,0,0.0,11.42,8.920000000000002
92,92,Curtis Samuel,WR,CAR,0,0,0,28,0,5,36,0,0,0,0,0.0,11.4,8.9
93,93,Cole Beasley,WR,BUF,0,0,0,0,0,6,53,0,0,0,0,0.0,11.3,8.3
94,94,Michael Gallup,WR,DAL,0,0,0,0,0,4,73,0,0,0,0,0.0,11.3,9.3
95,95,Kendrick Bourne,WR,SF,0,0,0,0,0,2,30,1,0,0,0,0.0,11.0,10.0
96,96,Clyde Edwards-Helaire,RB,KC,0,0,0,40,0,3,40,0,0,0,0,0.0,11.0,9.5
97,97,Keenan Allen,WR,LAC,0,0,0,0,0,2,29,1,0,0,0,0.0,10.9,9.9
98,98,J.D. McKissic,RB,WAS,0,0,0,3,0,6,46,0,0,0,0,0.0,10.9,7.9
99,99,Gabriel Davis,WR,BUF,0,0,0,0,0,5,58,0,0,0,0,0.0,10.8,8.3
100,100,Randall Cobb,WR,HOU,0,0,0,0,0,6,47,0,0,0,0,0.0,10.7,7.7
101,101,Keelan Cole,WR,JAX,0,0,0,2,0,2,25,1,0,0,0,0.0,10.7,9.7
102,102,Austin Hooper,TE,CLE,0,0,0,0,0,5,57,0,0,0,0,0.0,10.7,8.2
103,103,Isaiah McKenzie,WR,BUF,0,0,0,0,0,4,7,1,0,0,0,0.0,10.7,8.7
104,104,Ced Wilson,WR,DAL,11,1,0,0,0,4,22,0,0,0,0,0.0,10.64,8.64
105,105,Ray-Ray McCloud,WR,PIT,0,0,0,63,0,3,12,0,0,0,0,0.0,10.5,9.0
106,106,Irv Smith,TE,MIN,0,0,0,0,0,4,64,0,0,0,0,0.0,10.4,8.4
107,107,Sammy Watkins,WR,KC,0,0,0,0,0,2,24,1,0,0,0,0.0,10.4,9.4
108,108,Tee Higgins,WR,CIN,0,0,0,0,0,4,62,0,0,0,0,0.0,10.2,8.2
109,109,Antonio Gibson,RB,WAS,0,0,0,27,0,5,24,0,0,0,0,0.0,10.1,7.6000000000000005
110,110,Tyler Johnson,WR,TB,0,0,0,0,0,4,61,0,0,0,0,0.0,10.1,8.100000000000001
111,111,James Robinson,RB,JAX,0,0,0,48,0,5,22,0,0,0,0,0.0,10.0,9.5
112,112,Kyle Allen,QB,WAS,74,0,0,7,1,0,0,0,0,0,0,0.0,9.66,9.66
113,113,Evan Engram,TE,NYG,0,0,0,9,1,1,16,0,0,0,0,0.0,9.5,9.0
114,114,Cameron Brate,TE,TB,0,0,0,0,0,5,44,0,0,0,0,0.0,9.4,6.9
115,115,Will Dissly,TE,SEA,0,0,0,0,0,1,19,1,0,0,0,0.0,8.9,8.4
116,116,J.K. Dobbins,RB,BAL,0,0,0,34,0,3,21,0,0,0,0,0.0,8.5,7.0
117,117,George Kittle,TE,SF,0,0,0,0,0,4,44,0,0,0,0,0.0,8.4,6.4
118,118,Tyler Lockett,WR,SEA,0,0,0,0,0,4,44,0,0,0,0,0.0,8.4,6.4
119,119,Trey Burton,TE,IND,0,0,0,0,0,5,33,0,0,0,0,0.0,8.3,5.800000000000001
120,120,Marcus Johnson,WR,IND,0,0,0,0,0,3,53,0,0,0,0,0.0,8.3,6.800000000000001
121,121,Tyler Boyd,WR,CIN,0,0,0,0,0,4,42,0,0,0,0,0.0,8.2,6.2
122,122,Rob Gronkowski,TE,TB,0,0,0,0,0,3,52,0,0,0,0,0.0,8.2,6.7
123,123,Golden Tate,WR,NYG,0,0,0,0,0,4,42,0,0,0,0,0.0,8.2,6.2
124,124,Daniel Jones,QB,NYG,222,0,0,-7,0,0,0,0,0,0,1,0.0,8.18,10.180000000000001
125,125,Devin Duvernay,WR,BAL,0,0,0,42,0,2,17,0,0,0,0,0.0,7.9,6.9
126,126,Chris Conley,WR,JAX,0,0,0,0,0,2,58,0,0,0,0,0.0,7.8,6.800000000000001
127,127,Le'Veon Bell,RB,KC,0,0,0,60,0,1,7,0,0,0,0,0.0,7.7,7.2
128,128,Devontae Booker,RB,LV,0,0,0,62,0,1,5,0,0,0,0,0.0,7.7,7.2
129,129,Latavius Murray,RB,NO,0,0,0,34,0,2,23,0,0,0,0,0.0,7.7,6.700000000000001
130,130,Larry Fitzgerald,WR,ARI,0,0,0,0,0,4,35,0,0,0,0,0.0,7.5,5.5
131,131,Cordarrelle Patterson,WR,CHI,0,0,0,7,0,3,38,0,0,0,0,0.0,7.5,6.0
132,132,Brandon Aiyuk,WR,SF,0,0,0,0,0,3,44,0,0,0,0,0.0,7.4,5.9
133,133,Marquez Callaway,WR,NO,0,0,0,0,0,4,34,0,0,0,0,0.0,7.4,5.4
134,134,Brian Hill,RB,ATL,0,0,0,39,0,2,15,0,0,0,0,0.0,7.4,6.4
135,135,Eric Ebron,TE,PIT,0,0,0,0,0,5,43,0,0,0,0,0.0,7.3,6.8
136,136,Taysom Hill,QB,NO,0,0,0,13,1,0,0,0,0,0,0,0.0,7.3,7.3
137,137,Adam Shaheen,TE,MIA,0,0,0,0,0,1,3,1,0,0,0,0.0,7.3,6.8
138,138,Chris Thompson,RB,JAX,0,0,0,7,0,3,35,0,0,0,0,0.0,7.2,5.7
139,139,Kyle Juszczyk,RB,SF,0,0,0,11,1,0,0,0,0,0,0,0.0,7.1,7.1
140,140,Mecole Hardman,WR,KC,0,0,0,0,0,2,50,0,0,0,0,0.0,7.0,6.0
141,141,Jalen Richard,RB,LV,0,0,0,4,0,4,26,0,0,0,0,0.0,7.0,5.0
142,142,Matt Ryan,QB,ATL,226,0,1,-1,0,0,0,0,0,0,0,0.0,6.94,7.940000000000001
143,143,Matt Breida,RB,MIA,0,0,0,28,0,1,31,0,0,0,0,0.0,6.9,6.4
144,144,Anthony Miller,WR,CHI,0,0,0,0,0,4,28,0,0,0,0,0.0,6.8,4.800000000000001
145,145,JuJu Smith-Schuster,WR,PIT,0,0,0,0,0,4,28,0,0,0,0,0.0,6.8,4.800000000000001
146,146,Josh Reynolds,WR,LA,0,0,0,0,0,2,46,0,0,0,0,0.0,6.6,5.6000000000000005
147,147,Cam Akers,RB,LA,0,0,0,61,0,0,0,0,0,0,0,0.0,6.1,6.1000000000000005
148,148,John Hightower,WR,PHI,0,0,0,0,0,2,18,0,0,0,1,0.0,5.8,4.8
149,149,C.J. Beathard,QB,SF,94,1,0,0,0,0,0,0,0,0,0,0.0,5.76,7.76
150,150,Darrell Daniels,TE,ARI,0,0,0,0,0,2,37,0,0,0,0,0.0,5.7,4.7
151,151,Mark Ingram,RB,BAL,0,0,0,57,0,0,0,0,0,0,0,0.0,5.7,5.7
152,152,Philip Rivers,QB,IND,243,0,2,-1,0,0,0,0,0,0,0,0.0,5.62,7.620000000000001
153,153,Terry McLaurin,WR,WAS,0,0,0,0,0,3,26,0,0,0,0,0.0,5.6,4.1
154,154,Jalen Guyton,WR,LAC,0,0,0,-4,0,1,49,0,0,0,0,0.0,5.5,5.0
155,155,James Washington,WR,PIT,0,0,0,0,0,3,25,0,0,0,0,0.0,5.5,4.0
156,156,Justin Jefferson,WR,MIN,0,0,0,0,0,3,23,0,0,0,0,0.0,5.3,3.8000000000000003
157,157,Jeff Smith,WR,NYJ,0,0,0,0,0,3,23,0,0,0,0,0.0,5.3,3.8000000000000003
158,158,Tony Pollard,RB,DAL,0,0,0,30,0,2,2,0,0,0,0,0.0,5.2,4.2
159,159,Hunter Renfrow,WR,LV,0,0,0,0,0,1,42,0,0,0,0,0.0,5.2,4.7
160,160,Nyheim Hines,RB,IND,0,0,0,8,0,2,22,0,0,0,0,0.0,5.0,4.0
161,161,Chris Hogan,WR,NYJ,0,0,0,0,0,3,20,0,0,0,0,0.0,5.0,3.5
162,162,Andy Isabella,WR,ARI,0,0,0,0,0,2,30,0,0,0,0,0.0,5.0,4.0
163,163,James O'Shaughnessy,TE,JAX,0,0,0,0,0,3,20,0,0,0,0,0.0,5.0,3.5
164,164,Anthony Firkser,TE,TEN,0,0,0,0,0,3,19,0,0,0,0,0.0,4.9,3.4000000000000004
165,165,Darrel Williams,RB,KC,0,0,0,4,0,1,15,0,0,0,1,0.0,4.9,4.4
166,166,Joshua Kelley,RB,LAC,0,0,0,29,0,1,9,0,0,0,0,0.0,4.8,4.300000000000001
167,167,J.J. Arcega-Whiteside,WR,PHI,0,0,0,0,0,1,37,0,0,0,0,0.0,4.7,4.2
168,168,Ashton Dulin,WR,IND,0,0,0,3,0,1,34,0,0,0,0,0.0,4.7,4.2
169,169,D.J. Chark,WR,JAX,0,0,0,0,0,3,16,0,0,0,0,0.0,4.6,3.1
170,170,Tyler Eifert,TE,JAX,0,0,0,0,0,3,16,0,0,0,0,0.0,4.6,3.1
171,171,D'Ernest Johnson,RB,CLE,0,0,0,32,0,1,4,0,0,0,0,0.0,4.6,4.1000000000000005
172,172,Kalif Raymond,WR,TEN,0,0,0,0,0,2,26,0,0,0,0,0.0,4.6,3.6
173,173,Alec Ingold,RB,LV,0,0,0,0,0,2,25,0,0,0,0,0.0,4.5,3.5
174,174,Wayne Gallman,RB,NYG,0,0,0,24,0,2,0,0,0,0,0,0.0,4.4,3.4000000000000004
175,175,Chris Herndon,TE,NYJ,0,0,0,0,0,2,24,0,0,0,0,0.0,4.4,3.4000000000000004
176,176,Joe Burrow,QB,CIN,183,0,1,10,0,0,0,0,0,0,0,0.0,4.32,7.32
177,177,Isaiah Ford,WR,MIA,0,0,0,0,0,2,23,0,0,0,0,0.0,4.3,3.3000000000000003
178,178,Devin Singletary,RB,BUF,0,0,0,25,0,1,8,0,0,0,0,0.0,4.3,3.8
179,179,Jaydon Mickens,WR,TB,0,0,0,0,0,2,22,0,0,0,0,0.0,4.2,3.2
180,180,Drew Sample,TE,CIN,0,0,0,0,0,2,22,0,0,0,0,0.0,4.2,3.2
181,181,Deebo Samuel,WR,SF,0,0,0,3,0,2,19,0,0,0,0,0.0,4.2,3.2
182,182,Amari Cooper,WR,DAL,0,0,0,-2,0,2,23,0,0,0,0,0.0,4.1,3.1000000000000005
183,183,Jeremy McNichols,RB,TEN,0,0,0,28,0,1,3,0,0,0,0,0.0,4.1,3.6000000000000005
184,184,Russell Gage,WR,ATL,0,0,0,0,0,2,16,0,0,0,0,0.0,3.6,2.6
185,185,Darnell Mooney,WR,CHI,0,0,0,0,0,2,15,0,0,0,0,0.0,3.5,2.5
186,186,Zach Pascal,WR,IND,0,0,0,0,0,2,15,0,0,0,0,0.0,3.5,2.5
187,187,Malcolm Brown,RB,LA,0,0,0,30,0,1,-6,0,0,0,0,0.0,3.4,2.9
188,188,Freddie Swain,WR,SEA,0,0,0,0,0,2,14,0,0,0,0,0.0,3.4,2.4000000000000004
189,189,Byron Pringle,WR,KC,0,0,0,0,0,1,23,0,0,0,0,0.0,3.3,2.8000000000000003
190,190,Tyler Higbee,TE,LA,0,0,0,0,0,2,12,0,0,0,0,0.0,3.2,2.2
191,191,Bennie Fowler,WR,NO,0,0,0,0,0,2,11,0,0,0,0,0.0,3.1,2.1
192,192,Frank Gore,RB,NYJ,0,0,0,30,0,0,0,0,0,0,0,0.0,3.0,3.0
193,193,Greg Olsen,TE,SEA,0,0,0,0,0,1,20,0,0,0,0,0.0,3.0,2.5
194,194,Duke Johnson,RB,HOU,0,0,0,8,0,1,11,0,0,0,0,0.0,2.9,2.4000000000000004
195,195,Hayden Hurst,TE,ATL,0,0,0,0,0,2,8,0,0,0,0,0.0,2.8,1.8
196,196,Richard Rodgers,TE,PHI,0,0,0,0,0,1,18,0,0,0,0,0.0,2.8,2.3
197,197,Tre'Quan Smith,WR,NO,0,0,0,0,0,2,8,0,0,0,0,0.0,2.8,1.8
198,198,Jeff Wilson,RB,SF,0,0,0,27,0,0,0,0,0,0,0,0.0,2.7,2.7
199,199,Jason Witten,TE,LV,0,0,0,0,0,2,6,0,0,0,0,0.0,2.6,1.6
200,200,Gus Edwards,RB,BAL,0,0,0,25,0,0,0,0,0,0,0,0.0,2.5,2.5
201,201,Dawson Knox,TE,BUF,0,0,0,0,0,1,15,0,0,0,0,0.0,2.5,2.0
202,202,Jerick McKinnon,RB,SF,0,0,0,0,0,2,5,0,0,0,0,0.0,2.5,1.5
203,203,Andy Dalton,QB,DAL,111,0,0,0,0,0,0,0,0,0,0,0.0,2.44,4.44
204,204,Virgil Green,TE,LAC,0,0,0,0,0,1,14,0,0,0,0,0.0,2.4,1.9000000000000001
205,205,Kenny Stills,WR,HOU,0,0,0,0,0,1,14,0,0,0,0,0.0,2.4,1.9000000000000001
206,206,Blake Bell,TE,DAL,0,0,0,0,0,1,13,0,0,0,0,0.0,2.3,1.8
207,207,Bisi Johnson,WR,MIN,0,0,0,0,0,1,13,0,0,0,0,0.0,2.3,1.8
208,208,Olamide Zaccheaus,WR,ATL,0,0,0,0,0,1,13,0,0,0,0,0.0,2.3,1.8
209,209,Pharoh Cooper,WR,CAR,0,0,0,0,0,1,12,0,0,0,0,0.0,2.2,1.7000000000000002
210,210,Cody Hollister,WR,0,0,0,0,0,0,1,12,0,0,0,0,0.0,2.2,1.7000000000000002
211,211,Demarcus Robinson,WR,KC,0,0,0,0,0,2,2,0,0,0,0,0.0,2.2,1.2
212,212,Auden Tate,WR,CIN,0,0,0,0,0,1,12,0,0,0,0,0.0,2.2,1.7000000000000002
213,213,Chad Beebe,WR,MIN,0,0,0,0,0,1,11,0,0,0,0,0.0,2.1,1.6
214,214,Dion Lewis,RB,NYG,0,0,0,0,0,2,1,0,0,0,0,0.0,2.1,1.1
215,215,Temarrick Hemingway,TE,WAS,0,0,0,0,0,1,10,0,0,0,0,0.0,2.0,1.5
216,216,Kyle Rudolph,TE,MIN,0,0,0,0,0,1,10,0,0,0,0,0.0,2.0,1.5
217,217,Mike Boone,RB,MIN,0,0,0,19,0,0,0,0,0,0,0,0.0,1.9,1.9000000000000001
218,218,Demetrius Harris,TE,CHI,0,0,0,0,0,1,9,0,0,0,0,0.0,1.9,1.4
219,219,Tanner Hudson,TE,TB,0,0,0,0,0,1,9,0,0,0,0,0.0,1.9,1.4
220,220,Benny Snell,RB,PIT,0,0,0,19,0,0,0,0,0,0,0,0.0,1.9,1.9000000000000001
221,221,K.J. Hill,WR,LAC,0,0,0,0,0,1,8,0,0,0,0,0.0,1.8,1.3
222,222,Jaeden Graham,TE,ATL,0,0,0,0,0,1,7,0,0,0,0,0.0,1.7,1.2000000000000002
223,223,Patrick Ricard,RB,BAL,0,0,0,0,0,1,7,0,0,0,0,0.0,1.7,1.2000000000000002
224,224,Kaden Smith,TE,NYG,0,0,0,0,0,1,7,0,0,0,0,0.0,1.7,1.2000000000000002
225,225,Nick Westbrook,WR,TEN,0,0,0,0,0,1,7,0,0,0,0,0.0,1.7,1.2000000000000002
226,226,Chandler Cox,RB,MIA,0,0,0,0,0,1,6,0,0,0,0,0.0,1.6,1.1
227,227,Zach Ertz,TE,PHI,0,0,0,0,0,1,6,0,0,0,0,0.0,1.6,1.1
228,228,David Njoku,TE,CLE,0,0,0,0,0,1,6,0,0,0,0,0.0,1.6,1.1
229,229,Dalton Schultz,TE,DAL,0,0,0,0,0,1,6,0,0,0,0,0.0,1.6,1.1
230,230,Trent Sherfield,WR,ARI,0,0,0,0,0,1,6,0,0,0,0,0.0,1.6,1.1
231,231,Alex Smith,QB,WAS,37,0,0,1,0,0,0,0,0,0,0,0.0,1.58,1.58
232,232,KeeSean Johnson,WR,ARI,0,0,0,0,0,1,5,0,0,0,0,0.0,1.5,1.0
233,233,Trevon Wesco,TE,NYJ,0,0,0,0,0,1,5,0,0,0,0,0.0,1.5,1.0
234,234,Giovani Bernard,RB,CIN,0,0,0,0,0,1,4,0,0,0,0,0.0,1.4,0.9
235,235,Pharaoh Brown,TE,HOU,0,0,0,0,0,1,4,0,0,0,0,0.0,1.4,0.9
236,236,Travis Homer,RB,SEA,0,0,0,14,0,0,0,0,0,0,0,0.0,1.4,1.4000000000000001
237,237,Vance McDonald,TE,PIT,0,0,0,0,0,1,4,0,0,0,0,0.0,1.4,0.9
238,238,Logan Thomas,TE,WAS,0,0,0,0,0,1,4,0,0,0,0,0.0,1.4,0.9
239,239,Braxton Berrios,WR,NYJ,0,0,0,13,0,0,0,0,0,0,0,0.0,1.3,1.3
240,240,Isaiah Wright,WR,WAS,0,0,0,0,0,1,3,0,0,0,0,0.0,1.3,0.8
241,241,Nick Boyle,TE,BAL,0,0,0,0,0,1,2,0,0,0,0,0.0,1.2,0.7
242,242,Darrynton Evans,RB,TEN,0,0,0,12,0,0,0,0,0,0,0,0.0,1.2,1.2000000000000002
243,243,Zay Jones,WR,LV,0,0,0,0,0,1,2,0,0,0,0,0.0,1.2,0.7
244,244,Luke Stocker,TE,ATL,0,0,0,0,0,1,2,0,0,0,0,0.0,1.2,0.7
245,245,Josh Hill,TE,NO,0,0,0,0,0,1,1,0,0,0,0,0.0,1.1,0.6
246,246,Matt Barkley,QB,BUF,22,0,0,0,0,0,0,0,0,0,0,0.0,0.88,0.88
247,247,Dontrelle Inman,WR,WAS,0,0,0,0,0,1,-2,0,0,0,0,0.0,0.8,0.3
248,248,Diontae Johnson,WR,PIT,0,0,0,0,0,1,-2,0,0,0,0,0.0,0.8,0.3
249,249,Jalen Hurts,QB,PHI,18,0,0,0,0,0,0,0,0,0,0,0.0,0.72,0.72
250,250,Tyron Johnson,WR,LAC,0,0,0,7,0,0,0,0,0,0,0,0.0,0.7,0.7000000000000001
251,251,Anthony McFarland,RB,PIT,0,0,0,6,0,0,0,0,0,0,0,0.0,0.6,0.6000000000000001
252,252,Andre Roberts,WR,BUF,0,0,0,0,0,1,16,0,0,0,0,0.0,0.6,2.1
253,253,Ito Smith,RB,ATL,0,0,0,6,0,0,0,0,0,0,0,0.0,0.6,0.6000000000000001
254,254,Ke'Shawn Vaughn,RB,TB,0,0,0,0,0,2,5,0,0,0,0,0.0,0.5,1.5
255,255,Lynn Bowden,RB,MIA,0,0,0,4,0,0,0,0,0,0,0,0.0,0.4,0.4
256,256,Jakeem Grant,WR,MIA,0,0,0,-12,0,1,6,0,0,0,0,0.0,0.4,-0.10000000000000009
257,257,Andy Janovich,RB,CLE,0,0,0,4,0,0,0,0,0,0,0,0.0,0.4,0.4
258,258,Elijhaa Penny,RB,NYG,0,0,0,3,0,0,0,0,0,0,0,0.0,0.3,0.30000000000000004
259,259,Boston Scott,RB,PHI,0,0,0,3,0,0,0,0,0,0,0,0.0,0.3,0.30000000000000004
260,260,Alex Armah,RB,CAR,0,0,0,2,0,0,0,0,0,0,0,0.0,0.2,0.2
261,261,Michael Burton,RB,NO,0,0,0,2,0,0,0,0,0,0,0,0.0,0.2,0.2
262,262,Keith Smith,RB,ATL,0,0,0,1,0,0,0,0,0,0,0,0.0,0.1,0.1
263,263,Jordan Wilkins,RB,IND,0,0,0,1,0,0,0,0,0,0,0,0.0,0.1,0.1
264,264,Ameer Abdullah,RB,MIN,0,0,0,0,0,0,0,0,0,0,0,0.0,0.0,0.0
265,265,Mo Alie-Cox,TE,IND,0,0,0,0,0,0,0,0,0,0,0,0.0,0.0,0.0
266,266,Stephen Anderson,TE,LAC,0,0,0,0,0,0,0,0,0,0,0,0.0,0.0,0.0
267,267,Christian Blake,WR,ATL,0,0,0,0,0,0,0,0,0,0,0,0.0,0.0,0.0
268,268,C.J. Board,WR,NYG,0,0,0,0,0,0,0,0,0,0,0,0.0,0.0,0.0
269,269,Miles Boykin,WR,BAL,0,0,0,0,0,0,0,0,0,0,0,0.0,0.0,0.0
270,270,Harrison Bryant,TE,CLE,0,0,0,0,0,0,0,0,0,0,0,0.0,0.0,0.0
271,271,Stephen Carlson,TE,CLE,0,0,0,0,0,0,0,0,0,0,0,0.0,0.0,0.0
272,272,Cethan Carter,TE,CIN,0,0,0,0,0,0,0,0,0,0,0,0.0,0.0,0.0
273,273,DeAndre Carter,WR,HOU,0,0,0,0,0,0,0,0,0,0,0,0.0,0.0,0.0
274,274,DeeJay Dallas,RB,SEA,0,0,0,0,0,0,0,0,0,0,0,0.0,0.0,0.0
275,275,Tyler Davis,TE,JAX,0,0,0,0,0,0,0,0,0,0,0,0.0,0.0,0.0
276,276,Jack Doyle,TE,IND,0,0,0,0,0,0,0,0,0,0,0,0.0,0.0,0.0
277,277,Ross Dwelley,TE,SF,0,0,0,0,0,0,0,0,0,0,0,0.0,0.0,0.0
278,278,Alex Erickson,WR,CIN,0,0,0,0,0,0,0,0,0,0,0,0.0,0.0,0.0
279,279,Rico Gafford,WR,LV,0,0,0,0,0,0,0,0,0,0,0,0.0,0.0,0.0
280,280,Ted Ginn,WR,CHI,0,0,0,0,0,0,0,0,0,0,0,0.0,0.0,0.0
281,281,A.J. Green,WR,CIN,0,0,0,0,0,0,0,0,0,0,0,0.0,0.0,0.0
282,282,C.J. Ham,RB,MIN,0,0,0,0,0,0,0,0,0,0,0,0.0,0.0,0.0
283,283,Penny Hart,WR,SEA,0,0,0,0,0,0,0,0,0,0,0,0.0,0.0,0.0
284,284,Mack Hollins,WR,MIA,0,0,0,0,0,0,0,0,0,0,0,0.0,0.0,0.0
285,285,Taiwan Jones,RB,BUF,0,0,0,0,0,0,0,0,0,0,0,0.0,0.0,0.0
286,286,Nick Keizer,TE,KC,0,0,0,0,0,0,0,0,0,0,0,0.0,0.0,0.0
287,287,David Moore,WR,SEA,0,0,0,0,0,0,0,0,0,0,0,0.0,0.0,0.0
288,288,Dare Ogunbowale,RB,JAX,0,0,0,0,0,0,0,0,0,0,0,0.0,0.0,0.0
289,289,Donald Parham,TE,LAC,0,0,0,0,0,0,0,0,0,0,0,0.0,0.0,0.0
290,290,Donovan Peoples-Jones,WR,CLE,0,0,0,0,0,0,0,0,0,0,0,0.0,0.0,0.0
291,291,La'Mical Perine,RB,NYJ,0,0,0,0,0,0,0,0,0,0,0,0.0,0.0,0.0
292,292,Brandon Powell,WR,ATL,0,0,0,0,0,0,0,0,0,0,0,0.0,0.0,0.0
293,293,James Proche,WR,BAL,0,0,0,0,0,0,0,0,0,0,0,0.0,0.0,0.0
294,294,Damion Ratley,WR,0,0,0,0,0,0,0,0,0,0,0,0,0.0,0.0,0.0
295,295,Anthony Sherman,RB,KC,0,0,0,0,0,0,0,0,0,0,0,0.0,0.0,0.0
296,296,Cam Sims,WR,WAS,0,0,0,0,0,0,0,0,0,0,0,0.0,0.0,0.0
297,297,Willie Snead,WR,BAL,0,0,0,0,0,0,0,0,0,0,0,0.0,0.0,0.0
298,298,Jeremy Sprinkle,TE,WAS,0,0,0,0,0,0,0,0,0,0,0,0.0,0.0,0.0
299,299,Easton Stick,QB,LAC,0,0,0,0,0,0,0,0,0,0,0,0.0,0.0,0.0
300,300,Trent Taylor,WR,SF,0,0,0,0,0,0,0,0,0,0,0,0.0,0.0,0.0
301,301,Ian Thomas,TE,CAR,0,0,0,0,0,0,0,0,0,0,0,0.0,0.0,0.0
302,302,Jonathan Ward,RB,ARI,0,0,0,0,0,0,0,0,0,0,0,0.0,0.0,0.0
303,303,Dwayne Washington,RB,NO,0,0,0,0,0,0,0,0,0,0,0,0.0,0.0,0.0
304,304,Nsimba Webster,WR,LA,0,0,0,0,0,0,0,0,0,0,0,0.0,0.0,0.0
305,305,Kevin White,WR,0,0,0,0,0,0,0,0,0,0,0,0,0.0,0.0,0.0
306,306,Javon Wims,WR,CHI,0,0,0,0,0,0,0,0,0,0,0,0.0,0.0,0.0
307,307,Trenton Cannon,RB,CAR,0,0,0,-1,0,0,0,0,0,0,0,0.0,-0.1,-0.1
308,308,Robert Griffin III,QB,BAL,0,0,0,-1,0,0,0,0,0,0,0,0.0,-0.1,-0.1
309,309,Mike Thomas,WR,CIN,0,0,0,1,0,1,6,0,0,0,0,0.0,-0.3,1.2000000000000002
310,310,Jimmy Garoppolo,QB,SF,77,0,2,0,0,0,0,0,0,0,0,0.0,-0.92,1.08
311,311,Davante Adams,WR,GB,0,0,0,0,0,0,0,0,0,0,0,0.0,0.0,0.0
312,312,Jerell Adams,TE,0,0,0,0,0,0,0,0,0,0,0,0,0.0,0.0,0.0
313,313,Josh Adams,RB,0,0,0,0,0,0,0,0,0,0,0,0,0.0,0.0,0.0
314,314,Rodney Adams,WR,0,0,0,0,0,0,0,0,0,0,0,0,0.0,0.0,0.0
315,315,Bralon Addison,WR,0,0,0,0,0,0,0,0,0,0,0,0,0.0,0.0,0.0
316,316,Quincy Adeboyejo,WR,NE,0,0,0,0,0,0,0,0,0,0,0,0.0,0.0,0.0
317,317,Jamal Agnew,WR,DET,0,0,0,0,0,0,0,0,0,0,0,0.0,0.0,0.0
318,318,Salvon Ahmed,RB,MIA,0,0,0,0,0,0,0,0,0,0,0,0.0,0.0,0.0
319,319,Jordan Akins,TE,HOU,0,0,0,0,0,0,0,0,0,0,0,0.0,0.0,0.0
320,320,Brandon Allen,QB,0,0,0,0,0,0,0,0,0,0,0,0,0.0,0.0,0.0
321,321,Geronimo Allison,WR,0,0,0,0,0,0,0,0,0,0,0,0,0.0,0.0,0.0
322,322,Danny Amendola,WR,DET,0,0,0,0,0,0,0,0,0,0,0,0.0,0.0,0.0
323,323,Bruce Anderson,RB,0,0,0,0,0,0,0,0,0,0,0,0,0.0,0.0,0.0
324,324,Darius Anderson,RB,0,0,0,0,0,0,0,0,0,0,0,0,0.0,0.0,0.0
325,325,Drew Anderson,QB,0,0,0,0,0,0,0,0,0,0,0,0,0.0,0.0,0.0
326,326,Rodney Anderson,RB,0,0,0,0,0,0,0,0,0,0,0,0,0.0,0.0,0.0
327,327,Ryquell Armstead,RB,JAX,0,0,0,0,0,0,0,0,0,0,0,0.0,0.0,0.0
328,328,Dan Arnold,TE,ARI,0,0,0,0,0,0,0,0,0,0,0,0.0,0.0,0.0
329,329,Devin Asiasi,TE,NE,0,0,0,0,0,0,0,0,0,0,0,0.0,0.0,0.0
330,330,George Aston,RB,0,0,0,0,0,0,0,0,0,0,0,0,0.0,0.0,0.0
331,331,Marcell Ateman,WR,0,0,0,0,0,0,0,0,0,0,0,0,0.0,0.0,0.0
332,332,Antony Auclair,TE,TB,0,0,0,0,0,0,0,0,0,0,0,0.0,0.0,0.0
333,333,Tavon Austin,WR,0,0,0,0,0,0,0,0,0,0,0,0,0.0,0.0,0.0
334,334,Andre Baccellia,WR,0,0,0,0,0,0,0,0,0,0,0,0,0.0,0.0,0.0
335,335,Alex Bachman,WR,0,0,0,0,0,0,0,0,0,0,0,0,0.0,0.0,0.0
336,336,Manasseh Bailey,WR,0,0,0,0,0,0,0,0,0,0,0,0,0.0,0.0,0.0
337,337,Kalen Ballage,RB,0,0,0,0,0,0,0,0,0,0,0,0,0.0,0.0,0.0
338,338,Peyton Barber,RB,WAS,0,0,0,0,0,0,0,0,0,0,0,0.0,0.0,0.0
339,339,Jake Bargas,RB,0,0,0,0,0,0,0,0,0,0,0,0,0.0,0.0,0.0
340,340,Saquon Barkley,RB,NYG,0,0,0,0,0,0,0,0,0,0,0,0.0,0.0,0.0
341,341,J.T. Barrett,QB,0,0,0,0,0,0,0,0,0,0,0,0,0.0,0.0,0.0
342,342,Cameron Batson,WR,0,0,0,0,0,0,0,0,0,0,0,0,0.0,0.0,0.0
343,343,Marcus Baugh,TE,0,0,0,0,0,0,0,0,0,0,0,0,0.0,0.0,0.0
344,344,Nick Bawden,RB,DET,0,0,0,0,0,0,0,0,0,0,0,0.0,0.0,0.0
345,345,Omar Bayless,WR,CAR,0,0,0,0,0,0,0,0,0,0,0,0.0,0.0,0.0
346,346,Evan Baylis,TE,0,0,0,0,0,0,0,0,0,0,0,0,0.0,0.0,0.0
347,347,Andrew Beck,TE,DEN,0,0,0,0,0,0,0,0,0,0,0,0.0,0.0,0.0
348,348,Nate Becker,TE,0,0,0,0,0,0,0,0,0,0,0,0,0.0,0.0,0.0
349,349,Ryan Becker,TE,0,0,0,0,0,0,0,0,0,0,0,0,0.0,0.0,0.0
350,350,Reggie Begelton,WR,0,0,0,0,0,0,0,0,0,0,0,0,0.0,0.0,0.0
351,351,Josh Bellamy,WR,0,0,0,0,0,0,0,0,0,0,0,0,0.0,0.0,0.0
352,352,Levante Bellamy,RB,DEN,0,0,0,0,0,0,0,0,0,0,0,0.0,0.0,0.0
353,353,Nick Bellore,RB,SEA,0,0,0,0,0,0,0,0,0,0,0,0.0,0.0,0.0
354,354,Eno Benjamin,RB,ARI,0,0,0,0,0,0,0,0,0,0,0,0.0,0.0,0.0
355,355,Travis Benjamin,WR,0,0,0,0,0,0,0,0,0,0,0,0,0.0,0.0,0.0
356,356,Kurt Benkert,QB,0,0,0,0,0,0,0,0,0,0,0,0,0.0,0.0,0.0
357,357,Trinity Benson,WR,0,0,0,0,0,0,0,0,0,0,0,0,0.0,0.0,0.0
358,358,Rashod Berry,TE,0,0,0,0,0,0,0,0,0,0,0,0,0.0,0.0,0.0
359,359,Justin Blackmon,WR,JAX,0,0,0,0,0,0,0,0,0,0,0,0.0,0.0,0.0
360,360,Saeed Blacknall,WR,0,0,0,0,0,0,0,0,0,0,0,0,0.0,0.0,0.0
361,361,Kendall Blanton,TE,0,0,0,0,0,0,0,0,0,0,0,0,0.0,0.0,0.0
362,362,Khari Blasingame,RB,TEN,0,0,0,0,0,0,0,0,0,0,0,0.0,0.0,0.0
363,363,David Blough,QB,DET,0,0,0,0,0,0,0,0,0,0,0,0.0,0.0,0.0
364,364,Moritz Boehringer,TE,0,0,0,0,0,0,0,0,0,0,0,0,0.0,0.0,0.0
365,365,Brandon Bolden,RB,0,0,0,0,0,0,0,0,0,0,0,0,0.0,0.0,0.0
366,366,Victor Bolden,WR,0,0,0,0,0,0,0,0,0,0,0,0,0.0,0.0,0.0
367,367,Reggie Bonnafon,RB,0,0,0,0,0,0,0,0,0,0,0,0,0.0,0.0,0.0
368,368,Blake Bortles,QB,0,0,0,0,0,0,0,0,0,0,0,0,0.0,0.0,0.0
369,369,Nick Bowers,TE,0,0,0,0,0,0,0,0,0,0,0,0,0.0,0.0,0.0
370,370,Tim Boyle,QB,GB,0,0,0,0,0,0,0,0,0,0,0,0.0,0.0,0.0
371,371,Ja'Marcus Bradley,WR,0,0,0,0,0,0,0,0,0,0,0,0,0.0,0.0,0.0
372,372,Darius Bradwell,RB,0,0,0,0,0,0,0,0,0,0,0,0,0.0,0.0,0.0
373,373,Jermiah Braswell,WR,0,0,0,0,0,0,0,0,0,0,0,0,0.0,0.0,0.0
374,374,Ben Braunecker,TE,0,0,0,0,0,0,0,0,0,0,0,0,0.0,0.0,0.0
375,375,Tyler Bray,QB,0,0,0,0,0,0,0,0,0,0,0,0,0.0,0.0,0.0
376,376,Jacob Breeland,TE,BAL,0,0,0,0,0,0,0,0,0,0,0,0.0,0.0,0.0
377,377,Jacoby Brissett,QB,IND,0,0,0,0,0,0,0,0,0,0,0,0.0,0.0,0.0
378,378,Tony Brooks-James,RB,0,0,0,0,0,0,0,0,0,0,0,0,0.0,0.0,0.0
379,379,Antonio Brown,WR,TB,0,0,0,0,0,0,0,0,0,0,0,0.0,0.0,0.0
380,380,Billy Brown,TE,0,0,0,0,0,0,0,0,0,0,0,0,0.0,0.0,0.0
381,381,Daniel Brown,TE,NYJ,0,0,0,0,0,0,0,0,0,0,0,0.0,0.0,0.0
382,382,Fred Brown,WR,0,0,0,0,0,0,0,0,0,0,0,0,0.0,0.0,0.0
383,383,Jaron Brown,WR,0,0,0,0,0,0,0,0,0,0,0,0,0.0,0.0,0.0
384,384,John Brown,WR,BUF,0,0,0,0,0,0,0,0,0,0,0,0.0,0.0,0.0
385,385,Noah Brown,WR,DAL,0,0,0,0,0,0,0,0,0,0,0,0.0,0.0,0.0
386,386,Tony Brown,WR,WAS,0,0,0,0,0,0,0,0,0,0,0,0.0,0.0,0.0
387,387,Jake Browning,QB,0,0,0,0,0,0,0,0,0,0,0,0,0.0,0.0,0.0
388,388,Dez Bryant,WR,0,0,0,0,0,0,0,0,0,0,0,0,0.0,0.0,0.0
389,389,Hunter Bryant,TE,DET,0,0,0,0,0,0,0,0,0,0,0,0.0,0.0,0.0
390,390,Ventell Bryant,WR,0,0,0,0,0,0,0,0,0,0,0,0,0.0,0.0,0.0
391,391,Ian Bunting,TE,0,0,0,0,0,0,0,0,0,0,0,0,0.0,0.0,0.0
392,392,Rex Burkhead,RB,NE,0,0,0,0,0,0,0,0,0,0,0,0.0,0.0,0.0
393,393,Deontay Burnett,WR,0,0,0,0,0,0,0,0,0,0,0,0,0.0,0.0,0.0
394,394,Jake Burt,TE,0,0,0,0,0,0,0,0,0,0,0,0,0.0,0.0,0.0
395,395,Emmanuel Butler,WR,0,0,0,0,0,0,0,0,0,0,0,0,0.0,0.0,0.0
396,396,Hakeem Butler,TE,PHI,0,0,0,0,0,0,0,0,0,0,0,0.0,0.0,0.0
397,397,Paul Butler,TE,0,0,0,0,0,0,0,0,0,0,0,0,0.0,0.0,0.0
398,398,Jake Butt,TE,DEN,0,0,0,0,0,0,0,0,0,0,0,0.0,0.0,0.0
399,399,Damiere Byrd,WR,NE,0,0,0,0,0,0,0,0,0,0,0,0.0,0.0,0.0
400,400,Lawrence Cager,WR,0,0,0,0,0,0,0,0,0,0,0,0,0.0,0.0,0.0
401,401,Deon Cain,WR,0,0,0,0,0,0,0,0,0,0,0,0,0.0,0.0,0.0
402,402,Raymond Calais,RB,LA,0,0,0,0,0,0,0,0,0,0,0,0.0,0.0,0.0
403,403,Antonio Callaway,WR,MIA,0,0,0,0,0,0,0,0,0,0,0,0.0,0.0,0.0
404,404,George Campbell,WR,0,0,0,0,0,0,0,0,0,0,0,0,0.0,0.0,0.0
405,405,Parris Campbell,WR,IND,0,0,0,0,0,0,0,0,0,0,0,0.0,0.0,0.0
406,406,Dylan Cantrell,WR,0,0,0,0,0,0,0,0,0,0,0,0,0.0,0.0,0.0
407,407,Austin Carr,WR,0,0,0,0,0,0,0,0,0,0,0,0,0.0,0.0,0.0
408,408,Patrick Carr,RB,SEA,0,0,0,0,0,0,0,0,0,0,0,0.0,0.0,0.0
409,409,Derek Carrier,TE,LV,0,0,0,0,0,0,0,0,0,0,0,0.0,0.0,0.0
410,410,Tra Carson,RB,0,0,0,0,0,0,0,0,0,0,0,0,0.0,0.0,0.0
411,411,Garrett Celek,TE,0,0,0,0,0,0,0,0,0,0,0,0,0.0,0.0,0.0
412,412,Quintez Cephus,WR,DET,0,0,0,0,0,0,0,0,0,0,0,0.0,0.0,0.0
413,413,Jehu Chesson,WR,0,0,0,0,0,0,0,0,0,0,0,0,0.0,0.0,0.0
414,414,Dan Chisena,WR,MIN,0,0,0,0,0,0,0,0,0,0,0,0.0,0.0,0.0
415,415,Adam Choice,RB,0,0,0,0,0,0,0,0,0,0,0,0,0.0,0.0,0.0
416,416,Nick Chubb,RB,CLE,0,0,0,0,0,0,0,0,0,0,0,0.0,0.0,0.0
417,417,Jordan Chunn,RB,0,0,0,0,0,0,0,0,0,0,0,0,0.0,0.0,0.0
418,418,Darion Clark,TE,CHI,0,0,0,0,0,0,0,0,0,0,0,0.0,0.0,0.0
419,419,Charles Clay,TE,0,0,0,0,0,0,0,0,0,0,0,0,0.0,0.0,0.0
420,420,Corey Clement,RB,PHI,0,0,0,0,0,0,0,0,0,0,0,0.0,0.0,0.0
421,421,Tyrie Cleveland,WR,DEN,0,0,0,0,0,0,0,0,0,0,0,0.0,0.0,0.0
422,422,Tarik Cohen,RB,CHI,0,0,0,0,0,0,0,0,0,0,0,0.0,0.0,0.0
423,423,Matt Cole,WR,0,0,0,0,0,0,0,0,0,0,0,0,0.0,0.0,0.0
424,424,Corey Coleman,WR,0,0,0,0,0,0,0,0,0,0,0,0,0.0,0.0,0.0
425,425,Tevin Coleman,RB,SF,0,0,0,0,0,0,0,0,0,0,0,0.0,0.0,0.0
426,426,Tyler Conklin,TE,MIN,0,0,0,0,0,0,0,0,0,0,0,0.0,0.0,0.0
427,427,C.J. Conrad,TE,0,0,0,0,0,0,0,0,0,0,0,0,0.0,0.0,0.0
428,428,Case Cookus,QB,0,0,0,0,0,0,0,0,0,0,0,0,0.0,0.0,0.0
429,429,Cody Core,WR,NYG,0,0,0,0,0,0,0,0,0,0,0,0.0,0.0,0.0
430,430,Jeff Cotton,WR,0,0,0,0,0,0,0,0,0,0,0,0,0.0,0.0,0.0
431,431,Nathan Cottrell,RB,0,0,0,0,0,0,0,0,0,0,0,0,0.0,0.0,0.0
432,432,Isaiah Coulter,WR,HOU,0,0,0,0,0,0,0,0,0,0,0,0.0,0.0,0.0
433,433,Keke Coutee,WR,HOU,0,0,0,0,0,0,0,0,0,0,0,0.0,0.0,0.0
434,434,Jeremy Cox,RB,0,0,0,0,0,0,0,0,0,0,0,0,0.0,0.0,0.0
435,435,River Cracraft,WR,0,0,0,0,0,0,0,0,0,0,0,0,0.0,0.0,0.0
436,436,Damarea Crockett,RB,0,0,0,0,0,0,0,0,0,0,0,0,0.0,0.0,0.0
437,437,Jason Croom,TE,PHI,0,0,0,0,0,0,0,0,0,0,0,0.0,0.0,0.0
438,438,Sean Culkin,TE,0,0,0,0,0,0,0,0,0,0,0,0,0.0,0.0,0.0
439,439,Jerome Cunningham,TE,0,0,0,0,0,0,0,0,0,0,0,0,0.0,0.0,0.0
440,440,Jamal Custis,WR,0,0,0,0,0,0,0,0,0,0,0,0,0.0,0.0,0.0
441,441,Dominique Dafney,TE,0,0,0,0,0,0,0,0,0,0,0,0,0.0,0.0,0.0
442,442,Chase Daniel,QB,DET,0,0,0,0,0,0,0,0,0,0,0,0.0,0.0,0.0
443,443,Mikey Daniel,RB,0,0,0,0,0,0,0,0,0,0,0,0,0.0,0.0,0.0
444,444,Amara Darboh,WR,0,0,0,0,0,0,0,0,0,0,0,0,0.0,0.0,0.0
445,445,Sam Darnold,QB,NYJ,0,0,0,0,0,0,0,0,0,0,0,0.0,0.0,0.0
446,446,Kevin Davidson,QB,0,0,0,0,0,0,0,0,0,0,0,0,0.0,0.0,0.0
447,447,Corey Davis,WR,TEN,0,0,0,0,0,0,0,0,0,0,0,0.0,0.0,0.0
448,448,Davion Davis,WR,0,0,0,0,0,0,0,0,0,0,0,0,0.0,0.0,0.0
449,449,Felton Davis,WR,0,0,0,0,0,0,0,0,0,0,0,0,0.0,0.0,0.0
450,450,Geremy Davis,WR,0,0,0,0,0,0,0,0,0,0,0,0,0.0,0.0,0.0
451,451,Quartney Davis,WR,0,0,0,0,0,0,0,0,0,0,0,0,0.0,0.0,0.0
452,452,Rashard Davis,WR,0,0,0,0,0,0,0,0,0,0,0,0,0.0,0.0,0.0
453,453,Reggie Davis,WR,0,0,0,0,0,0,0,0,0,0,0,0,0.0,0.0,0.0
454,454,Robert Davis,WR,0,0,0,0,0,0,0,0,0,0,0,0,0.0,0.0,0.0
455,455,Trevor Davis,WR,0,0,0,0,0,0,0,0,0,0,0,0,0.0,0.0,0.0
456,456,Dalyn Dawkins,RB,0,0,0,0,0,0,0,0,0,0,0,0,0.0,0.0,0.0
457,457,Seth Dawkins,WR,0,0,0,0,0,0,0,0,0,0,0,0,0.0,0.0,0.0
458,458,Josiah Deguara,TE,GB,0,0,0,0,0,0,0,0,0,0,0,0.0,0.0,0.0
459,459,Seth DeValve,TE,0,0,0,0,0,0,0,0,0,0,0,0,0.0,0.0,0.0
460,460,James Develin,RB,0,0,0,0,0,0,0,0,0,0,0,0,0.0,0.0,0.0
461,461,Garrett Dickerson,TE,0,0,0,0,0,0,0,0,0,0,0,0,0.0,0.0,0.0
462,462,Ed Dickson,TE,0,0,0,0,0,0,0,0,0,0,0,0,0.0,0.0,0.0
463,463,Gehrig Dieter,WR,0,0,0,0,0,0,0,0,0,0,0,0,0.0,0.0,0.0
464,464,A.J. Dillon,RB,GB,0,0,0,0,0,0,0,0,0,0,0,0.0,0.0,0.0
465,465,Brandon Dillon,TE,0,0,0,0,0,0,0,0,0,0,0,0,0.0,0.0,0.0
466,466,Derrick Dillon,WR,0,0,0,0,0,0,0,0,0,0,0,0,0.0,0.0,0.0
467,467,Patrick DiMarco,RB,0,0,0,0,0,0,0,0,0,0,0,0,0.0,0.0,0.0
468,468,Ben DiNucci,QB,DAL,0,0,0,0,0,0,0,0,0,0,0,0.0,0.0,0.0
469,469,Johnnie Dixon,WR,0,0,0,0,0,0,0,0,0,0,0,0,0.0,0.0,0.0
470,470,Kenneth Dixon,RB,0,0,0,0,0,0,0,0,0,0,0,0,0.0,0.0,0.0
471,471,Joshua Dobbs,QB,PIT,0,0,0,0,0,0,0,0,0,0,0,0.0,0.0,0.0
472,472,Josh Doctson,WR,0,0,0,0,0,0,0,0,0,0,0,0,0.0,0.0,0.0
473,473,Jake Dolegala,QB,0,0,0,0,0,0,0,0,0,0,0,0,0.0,0.0,0.0
474,474,Phillip Dorsett,WR,SEA,0,0,0,0,0,0,0,0,0,0,0,0.0,0.0,0.0
475,475,Greg Dortch,WR,0,0,0,0,0,0,0,0,0,0,0,0,0.0,0.0,0.0
476,476,Keelan Doss,WR,0,0,0,0,0,0,0,0,0,0,0,0,0.0,0.0,0.0
477,477,Rico Dowdle,RB,DAL,0,0,0,0,0,0,0,0,0,0,0,0.0,0.0,0.0
478,478,Jeff Driskel,QB,DEN,0,0,0,0,0,0,0,0,0,0,0,0.0,0.0,0.0
479,479,Nick Easley,WR,0,0,0,0,0,0,0,0,0,0,0,0,0.0,0.0,0.0
480,480,Jacob Eason,QB,IND,0,0,0,0,0,0,0,0,0,0,0,0.0,0.0,0.0
481,481,Julian Edelman,WR,NE,0,0,0,0,0,0,0,0,0,0,0,0.0,0.0,0.0
482,482,Trey Edmunds,RB,0,0,0,0,0,0,0,0,0,0,0,0,0.0,0.0,0.0
483,483,Bryan Edwards,WR,LV,0,0,0,0,0,0,0,0,0,0,0,0.0,0.0,0.0
484,484,Earnest Edwards,WR,0,0,0,0,0,0,0,0,0,0,0,0,0.0,0.0,0.0
485,485,Austin Ekeler,RB,LAC,0,0,0,0,0,0,0,0,0,0,0,0.0,0.0,0.0
486,486,Ben Ellefson,TE,JAX,0,0,0,0,0,0,0,0,0,0,0,0.0,0.0,0.0
487,487,Alex Ellis,TE,0,0,0,0,0,0,0,0,0,0,0,0,0.0,0.0,0.0
488,488,Quincy Enunwa,WR,0,0,0,0,0,0,0,0,0,0,0,0,0.0,0.0,0.0
489,489,Tyler Ervin,RB,GB,0,0,0,0,0,0,0,0,0,0,0,0.0,0.0,0.0
490,490,Danny Etling,QB,0,0,0,0,0,0,0,0,0,0,0,0,0.0,0.0,0.0
491,491,Amba Etta-Tawo,WR,0,0,0,0,0,0,0,0,0,0,0,0,0.0,0.0,0.0
492,492,David Fales,QB,0,0,0,0,0,0,0,0,0,0,0,0,0.0,0.0,0.0
493,493,Noah Fant,TE,DEN,0,0,0,0,0,0,0,0,0,0,0,0.0,0.0,0.0
494,494,Tavien Feaster,RB,0,0,0,0,0,0,0,0,0,0,0,0,0.0,0.0,0.0
495,495,Josh Ferguson,RB,0,0,0,0,0,0,0,0,0,0,0,0,0.0,0.0,0.0
496,496,Maurice French,WR,0,0,0,0,0,0,0,0,0,0,0,0,0.0,0.0,0.0
497,497,Chris Finke,WR,0,0,0,0,0,0,0,0,0,0,0,0,0.0,0.0,0.0
498,498,Ryan Finley,QB,CIN,0,0,0,0,0,0,0,0,0,0,0,0.0,0.0,0.0
499,499,Jake Fisher,TE,0,0,0,0,0,0,0,0,0,0,0,0,0.0,0.0,0.0
500,500,Matt Flanagan,TE,0,0,0,0,0,0,0,0,0,0,0,0,0.0,0.0,0.0
501,501,D'Onta Foreman,RB,0,0,0,0,0,0,0,0,0,0,0,0,0.0,0.0,0.0
502,502,Austin Fort,TE,DEN,0,0,0,0,0,0,0,0,0,0,0,0.0,0.0,0.0
503,503,Jody Fortson,WR,0,0,0,0,0,0,0,0,0,0,0,0,0.0,0.0,0.0
504,504,D.J. Foster,RB,0,0,0,0,0,0,0,0,0,0,0,0,0.0,0.0,0.0
505,505,Robert Foster,WR,WAS,0,0,0,0,0,0,0,0,0,0,0,0.0,0.0,0.0
506,506,Daurice Fountain,WR,IND,0,0,0,0,0,0,0,0,0,0,0,0.0,0.0,0.0
507,507,Leonard Fournette,RB,TB,0,0,0,0,0,0,0,0,0,0,0,0.0,0.0,0.0
508,508,Jordan Franks,TE,0,0,0,0,0,0,0,0,0,0,0,0,0.0,0.0,0.0
509,509,Royce Freeman,RB,DEN,0,0,0,0,0,0,0,0,0,0,0,0.0,0.0,0.0
510,510,Jake Fromm,QB,BUF,0,0,0,0,0,0,0,0,0,0,0,0.0,0.0,0.0
511,511,Aaron Fuller,WR,0,0,0,0,0,0,0,0,0,0,0,0,0.0,0.0,0.0
512,512,Troy Fumagalli,TE,0,0,0,0,0,0,0,0,0,0,0,0,0.0,0.0,0.0
513,513,Devin Funchess,WR,0,0,0,0,0,0,0,0,0,0,0,0,0.0,0.0,0.0
514,514,Blaine Gabbert,QB,TB,0,0,0,0,0,0,0,0,0,0,0,0.0,0.0,0.0
515,515,Taylor Gabriel,WR,0,0,0,0,0,0,0,0,0,0,0,0,0.0,0.0,0.0
516,516,Antonio Gandy-Golden,WR,WAS,0,0,0,0,0,0,0,0,0,0,0,0.0,0.0,0.0
517,517,Zach Gentry,TE,PIT,0,0,0,0,0,0,0,0,0,0,0,0.0,0.0,0.0
518,518,Shelton Gibson,WR,0,0,0,0,0,0,0,0,0,0,0,0,0.0,0.0,0.0
519,519,Garrett Gilbert,QB,DAL,0,0,0,0,0,0,0,0,0,0,0,0.0,0.0,0.0
520,520,James Gilbert,RB,0,0,0,0,0,0,0,0,0,0,0,0,0.0,0.0,0.0
521,521,Cullen Gillaspia,RB,HOU,0,0,0,0,0,0,0,0,0,0,0,0.0,0.0,0.0
522,522,Reggie Gilliam,TE,BUF,0,0,0,0,0,0,0,0,0,0,0,0.0,0.0,0.0
523,523,Mike Glennon,QB,JAX,0,0,0,0,0,0,0,0,0,0,0,0.0,0.0,0.0
524,524,Chris Godwin,WR,TB,0,0,0,0,0,0,0,0,0,0,0,0.0,0.0,0.0
525,525,Terry Godwin,WR,0,0,0,0,0,0,0,0,0,0,0,0,0.0,0.0,0.0
526,526,Dallas Goedert,TE,PHI,0,0,0,0,0,0,0,0,0,0,0,0.0,0.0,0.0
527,527,Kenny Golladay,WR,DET,0,0,0,0,0,0,0,0,0,0,0,0.0,0.0,0.0
528,528,Marquise Goodwin,WR,0,0,0,0,0,0,0,0,0,0,0,0,0.0,0.0,0.0
529,529,Anthony Gordon,QB,0,0,0,0,0,0,0,0,0,0,0,0,0.0,0.0,0.0
530,530,Josh Gordon,WR,SEA,0,0,0,0,0,0,0,0,0,0,0,0.0,0.0,0.0
531,531,Melvin Gordon,RB,DEN,0,0,0,0,0,0,0,0,0,0,0,0.0,0.0,0.0
532,532,Derrick Gore,RB,0,0,0,0,0,0,0,0,0,0,0,0,0.0,0.0,0.0
533,533,Ryan Grant,WR,0,0,0,0,0,0,0,0,0,0,0,0,0.0,0.0,0.0
534,534,Devin Gray,WR,0,0,0,0,0,0,0,0,0,0,0,0,0.0,0.0,0.0
535,535,MarQueis Gray,TE,0,0,0,0,0,0,0,0,0,0,0,0,0.0,0.0,0.0
536,536,Cyril Grayson,WR,TB,0,0,0,0,0,0,0,0,0,0,0,0.0,0.0,0.0
537,537,Farrod Green,TE,0,0,0,0,0,0,0,0,0,0,0,0,0.0,0.0,0.0
538,538,Juwan Green,WR,0,0,0,0,0,0,0,0,0,0,0,0,0.0,0.0,0.0
539,539,Marcus Green,WR,0,0,0,0,0,0,0,0,0,0,0,0,0.0,0.0,0.0
540,540,Brandon Greene,TE,0,0,0,0,0,0,0,0,0,0,0,0,0.0,0.0,0.0
541,541,Jermaine Gresham,TE,0,0,0,0,0,0,0,0,0,0,0,0,0.0,0.0,0.0
542,542,Will Grier,QB,CAR,0,0,0,0,0,0,0,0,0,0,0,0.0,0.0,0.0
543,543,Garrett Griffin,TE,0,0,0,0,0,0,0,0,0,0,0,0,0.0,0.0,0.0
544,544,Ryan Griffin,QB,TB,0,0,0,0,0,0,0,0,0,0,0,0.0,0.0,0.0
545,545,Ryan Griffin,TE,NYJ,0,0,0,0,0,0,0,0,0,0,0,0.0,0.0,0.0
546,546,Nakie Griffin-Stewart,TE,0,0,0,0,0,0,0,0,0,0,0,0,0.0,0.0,0.0
547,547,Xavier Grimble,TE,0,0,0,0,0,0,0,0,0,0,0,0,0.0,0.0,0.0
548,548,Derrius Guice,RB,0,0,0,0,0,0,0,0,0,0,0,0,0.0,0.0,0.0
549,549,Stephen Guidry,WR,0,0,0,0,0,0,0,0,0,0,0,0,0.0,0.0,0.0
550,550,Darrin Hall,RB,0,0,0,0,0,0,0,0,0,0,0,0,0.0,0.0,0.0
551,551,Emanuel Hall,WR,WAS,0,0,0,0,0,0,0,0,0,0,0,0.0,0.0,0.0
552,552,Marvin Hall,WR,DET,0,0,0,0,0,0,0,0,0,0,0,0.0,0.0,0.0
553,553,DaeSean Hamilton,WR,DEN,0,0,0,0,0,0,0,0,0,0,0,0.0,0.0,0.0
554,554,K.J. Hamler,WR,DEN,0,0,0,0,0,0,0,0,0,0,0,0.0,0.0,0.0
555,555,Josh Hammond,WR,0,0,0,0,0,0,0,0,0,0,0,0,0.0,0.0,0.0
556,556,Chad Hansen,WR,0,0,0,0,0,0,0,0,0,0,0,0,0.0,0.0,0.0
557,557,Justin Hardy,WR,0,0,0,0,0,0,0,0,0,0,0,0,0.0,0.0,0.0
558,558,Kelvin Harmon,WR,WAS,0,0,0,0,0,0,0,0,0,0,0,0.0,0.0,0.0
559,559,Chase Harrell,TE,SF,0,0,0,0,0,0,0,0,0,0,0,0.0,0.0,0.0
560,560,Damien Harris,RB,NE,0,0,0,0,0,0,0,0,0,0,0,0.0,0.0,0.0
561,561,De'Michael Harris,WR,0,0,0,0,0,0,0,0,0,0,0,0,0.0,0.0,0.0
562,562,Deonte Harris,WR,NO,0,0,0,0,0,0,0,0,0,0,0,0.0,0.0,0.0
563,563,Dwayne Harris,WR,0,0,0,0,0,0,0,0,0,0,0,0,0.0,0.0,0.0
564,564,Maurice Harris,WR,0,0,0,0,0,0,0,0,0,0,0,0,0.0,0.0,0.0
565,565,N'Keal Harry,WR,NE,0,0,0,0,0,0,0,0,0,0,0,0.0,0.0,0.0
566,566,Dwayne Haskins,QB,WAS,0,0,0,0,0,0,0,0,0,0,0,0.0,0.0,0.0
567,567,Will Hastings,WR,0,0,0,0,0,0,0,0,0,0,0,0,0.0,0.0,0.0
568,568,JaMycal Hasty,RB,SF,0,0,0,0,0,0,0,0,0,0,0,0.0,0.0,0.0
569,569,Keon Hatcher,WR,0,0,0,0,0,0,0,0,0,0,0,0,0.0,0.0,0.0
570,570,Daniel Helm,TE,0,0,0,0,0,0,0,0,0,0,0,0,0.0,0.0,0.0
571,571,Quadree Henderson,WR,0,0,0,0,0,0,0,0,0,0,0,0,0.0,0.0,0.0
572,572,Chad Henne,QB,KC,0,0,0,0,0,0,0,0,0,0,0,0.0,0.0,0.0
573,573,Malik Henry,WR,0,0,0,0,0,0,0,0,0,0,0,0,0.0,0.0,0.0
574,574,Hale Hentges,TE,0,0,0,0,0,0,0,0,0,0,0,0,0.0,0.0,0.0
575,575,Cole Herdman,WR,0,0,0,0,0,0,0,0,0,0,0,0,0.0,0.0,0.0
576,576,Brian Herrien,RB,0,0,0,0,0,0,0,0,0,0,0,0,0.0,0.0,0.0
577,577,Parker Hesse,TE,0,0,0,0,0,0,0,0,0,0,0,0,0.0,0.0,0.0
578,578,Jeff Heuerman,TE,0,0,0,0,0,0,0,0,0,0,0,0,0.0,0.0,0.0
579,579,Aleva Hifo,WR,0,0,0,0,0,0,0,0,0,0,0,0,0.0,0.0,0.0
580,580,Karan Higdon,RB,0,0,0,0,0,0,0,0,0,0,0,0,0.0,0.0,0.0
581,581,TreVontae Hights,WR,0,0,0,0,0,0,0,0,0,0,0,0,0.0,0.0,0.0
582,582,Cole Hikutini,TE,0,0,0,0,0,0,0,0,0,0,0,0,0.0,0.0,0.0
583,583,Justice Hill,RB,BAL,0,0,0,0,0,0,0,0,0,0,0,0.0,0.0,0.0
584,584,Dontrell Hilliard,RB,CLE,0,0,0,0,0,0,0,0,0,0,0,0.0,0.0,0.0
585,585,Jon Hilliman,RB,0,0,0,0,0,0,0,0,0,0,0,0,0.0,0.0,0.0
586,586,Wes Hills,RB,0,0,0,0,0,0,0,0,0,0,0,0,0.0,0.0,0.0
587,587,Kendall Hinton,WR,0,0,0,0,0,0,0,0,0,0,0,0,0.0,0.0,0.0
588,588,T.J. Hockenson,TE,DET,0,0,0,0,0,0,0,0,0,0,0,0.0,0.0,0.0
589,589,KhaDarel Hodge,WR,CLE,0,0,0,0,0,0,0,0,0,0,0,0.0,0.0,0.0
590,590,Devlin Hodges,QB,0,0,0,0,0,0,0,0,0,0,0,0,0.0,0.0,0.0
591,591,Isaiah Hodgins,WR,BUF,0,0,0,0,0,0,0,0,0,0,0,0.0,0.0,0.0
592,592,Krishawn Hogan,WR,0,0,0,0,0,0,0,0,0,0,0,0,0.0,0.0,0.0
593,593,Josh Hokit,RB,0,0,0,0,0,0,0,0,0,0,0,0,0.0,0.0,0.0
594,594,Alexander Hollins,WR,0,0,0,0,0,0,0,0,0,0,0,0,0.0,0.0,0.0
595,595,Jacob Hollister,TE,SEA,0,0,0,0,0,0,0,0,0,0,0,0.0,0.0,0.0
596,596,Bobby Holly,RB,0,0,0,0,0,0,0,0,0,0,0,0,0.0,0.0,0.0
597,597,Johnny Holton,WR,0,0,0,0,0,0,0,0,0,0,0,0,0.0,0.0,0.0
598,598,J.P. Holtz,TE,CHI,0,0,0,0,0,0,0,0,0,0,0,0.0,0.0,0.0
599,599,Elijah Holyfield,RB,0,0,0,0,0,0,0,0,0,0,0,0,0.0,0.0,0.0
600,600,Michael Hoomanawanui,TE,0,0,0,0,0,0,0,0,0,0,0,0,0.0,0.0,0.0
601,601,Brycen Hopkins,TE,LA,0,0,0,0,0,0,0,0,0,0,0,0.0,0.0,0.0
602,602,Jesper Horsted,TE,0,0,0,0,0,0,0,0,0,0,0,0,0.0,0.0,0.0
603,603,Parker Houston,RB,0,0,0,0,0,0,0,0,0,0,0,0,0.0,0.0,0.0
604,604,Bug Howard,WR,0,0,0,0,0,0,0,0,0,0,0,0,0.0,0.0,0.0
605,605,Jordan Howard,RB,MIA,0,0,0,0,0,0,0,0,0,0,0,0.0,0.0,0.0
606,606,O.J. Howard,TE,TB,0,0,0,0,0,0,0,0,0,0,0,0.0,0.0,0.0
607,607,Buddy Howell,RB,HOU,0,0,0,0,0,0,0,0,0,0,0,0.0,0.0,0.0
608,608,Brian Hoyer,QB,NE,0,0,0,0,0,0,0,0,0,0,0,0.0,0.0,0.0
609,609,Tommy Hudson,TE,TEN,0,0,0,0,0,0,0,0,0,0,0,0.0,0.0,0.0
610,610,Lil'Jordan Humphrey,WR,0,0,0,0,0,0,0,0,0,0,0,0,0.0,0.0,0.0
611,611,Adam Humphries,WR,TEN,0,0,0,0,0,0,0,0,0,0,0,0.0,0.0,0.0
612,612,Brett Hundley,QB,ARI,0,0,0,0,0,0,0,0,0,0,0,0.0,0.0,0.0
613,613,Jason Huntley,RB,PHI,0,0,0,0,0,0,0,0,0,0,0,0.0,0.0,0.0
614,614,Tyler Huntley,QB,0,0,0,0,0,0,0,0,0,0,0,0,0.0,0.0,0.0
615,615,Jalen Hurd,WR,SF,0,0,0,0,0,0,0,0,0,0,0,0.0,0.0,0.0
616,616,Allen Hurns,WR,0,0,0,0,0,0,0,0,0,0,0,0,0.0,0.0,0.0
617,617,John Hurst,WR,0,0,0,0,0,0,0,0,0,0,0,0,0.0,0.0,0.0
618,618,Carlos Hyde,RB,SEA,0,0,0,0,0,0,0,0,0,0,0,0.0,0.0,0.0
619,619,Ishmael Hyman,WR,0,0,0,0,0,0,0,0,0,0,0,0,0.0,0.0,0.0
620,620,Trenton Irwin,WR,0,0,0,0,0,0,0,0,0,0,0,0,0.0,0.0,0.0
621,621,Steve Ishmael,WR,0,0,0,0,0,0,0,0,0,0,0,0,0.0,0.0,0.0
622,622,Thomas Ives,WR,0,0,0,0,0,0,0,0,0,0,0,0,0.0,0.0,0.0
623,623,Ryan Izzo,TE,NE,0,0,0,0,0,0,0,0,0,0,0,0.0,0.0,0.0
624,624,Darius Jackson,RB,0,0,0,0,0,0,0,0,0,0,0,0,0.0,0.0,0.0
625,625,DeSean Jackson,WR,PHI,0,0,0,0,0,0,0,0,0,0,0,0.0,0.0,0.0
626,626,Trishton Jackson,WR,LA,0,0,0,0,0,0,0,0,0,0,0,0.0,0.0,0.0
627,627,Jesse James,TE,DET,0,0,0,0,0,0,0,0,0,0,0,0.0,0.0,0.0
628,628,Richie James,WR,SF,0,0,0,0,0,0,0,0,0,0,0,0.0,0.0,0.0
629,629,Blake Jarwin,TE,DAL,0,0,0,0,0,0,0,0,0,0,0,0.0,0.0,0.0
630,630,Damion Jeanpiere,WR,0,0,0,0,0,0,0,0,0,0,0,0,0.0,0.0,0.0
631,631,Van Jefferson,WR,LA,0,0,0,0,0,0,0,0,0,0,0,0.0,0.0,0.0
632,632,Alshon Jeffery,WR,PHI,0,0,0,0,0,0,0,0,0,0,0,0.0,0.0,0.0
633,633,Darius Jennings,WR,0,0,0,0,0,0,0,0,0,0,0,0,0.0,0.0,0.0
634,634,Gary Jennings,WR,0,0,0,0,0,0,0,0,0,0,0,0,0.0,0.0,0.0
635,635,Jauan Jennings,WR,0,0,0,0,0,0,0,0,0,0,0,0,0.0,0.0,0.0
636,636,Jerry Jeudy,WR,DEN,0,0,0,0,0,0,0,0,0,0,0,0.0,0.0,0.0
637,637,Rysen John,TE,0,0,0,0,0,0,0,0,0,0,0,0,0.0,0.0,0.0
638,638,Anthony Johnson,WR,0,0,0,0,0,0,0,0,0,0,0,0,0.0,0.0,0.0
639,639,Jakob Johnson,TE,NE,0,0,0,0,0,0,0,0,0,0,0,0.0,0.0,0.0
640,640,Johnathon Johnson,WR,0,0,0,0,0,0,0,0,0,0,0,0,0.0,0.0,0.0
641,641,Jon'Vea Johnson,WR,0,0,0,0,0,0,0,0,0,0,0,0,0.0,0.0,0.0
642,642,Josh Johnson,QB,0,0,0,0,0,0,0,0,0,0,0,0,0.0,0.0,0.0
643,643,Justin Johnson,TE,0,0,0,0,0,0,0,0,0,0,0,0,0.0,0.0,0.0
644,644,Juwan Johnson,WR,0,0,0,0,0,0,0,0,0,0,0,0,0.0,0.0,0.0
645,645,Kerryon Johnson,RB,DET,0,0,0,0,0,0,0,0,0,0,0,0.0,0.0,0.0
646,646,Malcolm Johnson,TE,0,0,0,0,0,0,0,0,0,0,0,0,0.0,0.0,0.0
647,647,Ty Johnson,RB,NYJ,0,0,0,0,0,0,0,0,0,0,0,0.0,0.0,0.0
648,648,Aaron Jones,RB,GB,0,0,0,0,0,0,0,0,0,0,0,0.0,0.0,0.0
649,649,Andy Jones,WR,0,0,0,0,0,0,0,0,0,0,0,0,0.0,0.0,0.0
650,650,Anthony Jones,RB,0,0,0,0,0,0,0,0,0,0,0,0,0.0,0.0,0.0
651,651,Charles Jones,TE,0,0,0,0,0,0,0,0,0,0,0,0,0.0,0.0,0.0
652,652,Jordan Jones,TE,0,0,0,0,0,0,0,0,0,0,0,0,0.0,0.0,0.0
653,653,Julio Jones,WR,ATL,0,0,0,0,0,0,0,0,0,0,0,0.0,0.0,0.0
654,654,Marvin Jones,WR,DET,0,0,0,0,0,0,0,0,0,0,0,0.0,0.0,0.0
655,655,Tevin Jones,WR,0,0,0,0,0,0,0,0,0,0,0,0,0.0,0.0,0.0
656,656,Tony Jones,RB,0,0,0,0,0,0,0,0,0,0,0,0,0.0,0.0,0.0
657,657,Xavier Jones,RB,LA,0,0,0,0,0,0,0,0,0,0,0,0.0,0.0,0.0
658,658,Travis Jonsen,WR,0,0,0,0,0,0,0,0,0,0,0,0,0.0,0.0,0.0
659,659,Colin Kaepernick,QB,0,0,0,0,0,0,0,0,0,0,0,0,0.0,0.0,0.0
660,660,Jermaine Kearse,WR,0,0,0,0,0,0,0,0,0,0,0,0,0.0,0.0,0.0
661,661,Dalton Keene,TE,NE,0,0,0,0,0,0,0,0,0,0,0,0.0,0.0,0.0
662,662,Case Keenum,QB,CLE,0,0,0,0,0,0,0,0,0,0,0,0.0,0.0,0.0
663,663,Chad Kelly,QB,0,0,0,0,0,0,0,0,0,0,0,0,0.0,0.0,0.0
664,664,John Kelly,RB,0,0,0,0,0,0,0,0,0,0,0,0,0.0,0.0,0.0
665,665,Marcus Kemp,WR,0,0,0,0,0,0,0,0,0,0,0,0,0.0,0.0,0.0
666,666,Lance Kendricks,TE,0,0,0,0,0,0,0,0,0,0,0,0,0.0,0.0,0.0
667,667,Tom Kennedy,WR,0,0,0,0,0,0,0,0,0,0,0,0,0.0,0.0,0.0
668,668,Cody Kessler,QB,0,0,0,0,0,0,0,0,0,0,0,0,0.0,0.0,0.0
669,669,Darvin Kidsy,WR,0,0,0,0,0,0,0,0,0,0,0,0,0.0,0.0,0.0
670,670,Adrian Killins Jr.,RB,0,0,0,0,0,0,0,0,0,0,0,0,0.0,0.0,0.0
671,671,Mason Kinsey,WR,0,0,0,0,0,0,0,0,0,0,0,0,0.0,0.0,0.0
672,672,Keith Kirkwood,WR,CAR,0,0,0,0,0,0,0,0,0,0,0,0.0,0.0,0.0
673,673,DeShone Kizer,QB,0,0,0,0,0,0,0,0,0,0,0,0,0.0,0.0,0.0
674,674,Cole Kmet,TE,CHI,0,0,0,0,0,0,0,0,0,0,0,0.0,0.0,0.0
675,675,J.J. Koski,WR,0,0,0,0,0,0,0,0,0,0,0,0,0.0,0.0,0.0
676,676,Ben Koyack,TE,0,0,0,0,0,0,0,0,0,0,0,0,0.0,0.0,0.0
677,677,Tyler Kroft,TE,BUF,0,0,0,0,0,0,0,0,0,0,0,0.0,0.0,0.0
678,678,Jake Kumerow,WR,0,0,0,0,0,0,0,0,0,0,0,0,0.0,0.0,0.0
679,679,Matt LaCosse,TE,0,0,0,0,0,0,0,0,0,0,0,0,0.0,0.0,0.0
680,680,Chris Lacy,WR,0,0,0,0,0,0,0,0,0,0,0,0,0.0,0.0,0.0
681,681,Patrick Laird,RB,MIA,0,0,0,0,0,0,0,0,0,0,0,0.0,0.0,0.0
682,682,Cody Latimer,WR,0,0,0,0,0,0,0,0,0,0,0,0,0.0,0.0,0.0
683,683,Kyle Lauletta,QB,0,0,0,0,0,0,0,0,0,0,0,0,0.0,0.0,0.0
684,684,Allen Lazard,WR,GB,0,0,0,0,0,0,0,0,0,0,0,0.0,0.0,0.0
685,685,Javon Leake,RB,0,0,0,0,0,0,0,0,0,0,0,0,0.0,0.0,0.0
686,686,Shane Leatherbury,WR,0,0,0,0,0,0,0,0,0,0,0,0,0.0,0.0,0.0
687,687,Khari Lee,TE,0,0,0,0,0,0,0,0,0,0,0,0,0.0,0.0,0.0
688,688,Marqise Lee,WR,0,0,0,0,0,0,0,0,0,0,0,0,0.0,0.0,0.0
689,689,Jordan Leggett,TE,0,0,0,0,0,0,0,0,0,0,0,0,0.0,0.0,0.0
690,690,Benny LeMay,RB,0,0,0,0,0,0,0,0,0,0,0,0,0.0,0.0,0.0
691,691,Matt Lengel,TE,0,0,0,0,0,0,0,0,0,0,0,0,0.0,0.0,0.0
692,692,Lance Lenoir,WR,0,0,0,0,0,0,0,0,0,0,0,0,0.0,0.0,0.0
693,693,Brian Lewerke,QB,0,0,0,0,0,0,0,0,0,0,0,0,0.0,0.0,0.0
694,694,Marcedes Lewis,TE,GB,0,0,0,0,0,0,0,0,0,0,0,0.0,0.0,0.0
695,695,Tommylee Lewis,WR,0,0,0,0,0,0,0,0,0,0,0,0,0.0,0.0,0.0
696,696,Phillip Lindsay,RB,DEN,0,0,0,0,0,0,0,0,0,0,0,0.0,0.0,0.0
697,697,Kalija Lipscomb,WR,0,0,0,0,0,0,0,0,0,0,0,0,0.0,0.0,0.0
698,698,Drew Lock,QB,DEN,0,0,0,0,0,0,0,0,0,0,0,0.0,0.0,0.0
699,699,DaMarkus Lodge,WR,0,0,0,0,0,0,0,0,0,0,0,0,0.0,0.0,0.0
700,700,T.J. Logan,RB,TB,0,0,0,0,0,0,0,0,0,0,0,0.0,0.0,0.0
701,701,Ricardo Louis,WR,0,0,0,0,0,0,0,0,0,0,0,0,0.0,0.0,0.0
702,702,Bryce Love,RB,WAS,0,0,0,0,0,0,0,0,0,0,0,0.0,0.0,0.0
703,703,Jordan Love,QB,GB,0,0,0,0,0,0,0,0,0,0,0,0.0,0.0,0.0
704,704,Josh Love,QB,0,0,0,0,0,0,0,0,0,0,0,0,0.0,0.0,0.0
705,705,John Lovett,RB,GB,0,0,0,0,0,0,0,0,0,0,0,0.0,0.0,0.0
706,706,Jake Luton,QB,JAX,0,0,0,0,0,0,0,0,0,0,0,0.0,0.0,0.0
707,707,Marshawn Lynch,RB,0,0,0,0,0,0,0,0,0,0,0,0,0.0,0.0,0.0
708,708,Paxton Lynch,QB,0,0,0,0,0,0,0,0,0,0,0,0,0.0,0.0,0.0
709,709,Tyler Mabry,TE,0,0,0,0,0,0,0,0,0,0,0,0,0.0,0.0,0.0
710,710,Alize Mack,TE,0,0,0,0,0,0,0,0,0,0,0,0,0.0,0.0,0.0
711,711,Austin Mack,WR,NYG,0,0,0,0,0,0,0,0,0,0,0,0.0,0.0,0.0
712,712,Marlon Mack,RB,IND,0,0,0,0,0,0,0,0,0,0,0,0.0,0.0,0.0
713,713,Josh Malone,WR,0,0,0,0,0,0,0,0,0,0,0,0,0.0,0.0,0.0
714,714,Chris Manhertz,TE,CAR,0,0,0,0,0,0,0,0,0,0,0,0.0,0.0,0.0
715,715,Zimari Manning,WR,0,0,0,0,0,0,0,0,0,0,0,0,0.0,0.0,0.0
716,716,Sean Mannion,QB,MIN,0,0,0,0,0,0,0,0,0,0,0,0.0,0.0,0.0
717,717,Marcus Mariota,QB,LV,0,0,0,0,0,0,0,0,0,0,0,0.0,0.0,0.0
718,718,Kyle Markway,TE,0,0,0,0,0,0,0,0,0,0,0,0,0.0,0.0,0.0
719,719,Marcus Marshall,RB,0,0,0,0,0,0,0,0,0,0,0,0,0.0,0.0,0.0
720,720,Jordan Matthews,WR,0,0,0,0,0,0,0,0,0,0,0,0,0.0,0.0,0.0
721,721,Napoleon Maxwell,RB,0,0,0,0,0,0,0,0,0,0,0,0,0.0,0.0,0.0
722,722,Devante Mays,RB,0,0,0,0,0,0,0,0,0,0,0,0,0.0,0.0,0.0
723,723,Christian McCaffrey,RB,CAR,0,0,0,0,0,0,0,0,0,0,0,0.0,0.0,0.0
724,724,AJ McCarron,QB,HOU,0,0,0,0,0,0,0,0,0,0,0,0.0,0.0,0.0
725,725,Jalen McCleskey,WR,0,0,0,0,0,0,0,0,0,0,0,0,0.0,0.0,0.0
726,726,Josh McCown,QB,0,0,0,0,0,0,0,0,0,0,0,0,0.0,0.0,0.0
727,727,Colt McCoy,QB,NYG,0,0,0,0,0,0,0,0,0,0,0,0.0,0.0,0.0
728,728,LeSean McCoy,RB,TB,0,0,0,0,0,0,0,0,0,0,0,0.0,0.0,0.0
729,729,Cole McDonald,QB,0,0,0,0,0,0,0,0,0,0,0,0,0.0,0.0,0.0
730,730,Codey McElroy,TE,0,0,0,0,0,0,0,0,0,0,0,0,0.0,0.0,0.0
731,731,Alex McGough,QB,0,0,0,0,0,0,0,0,0,0,0,0,0.0,0.0,0.0
732,732,Taj McGowan,RB,0,0,0,0,0,0,0,0,0,0,0,0,0.0,0.0,0.0
733,733,Elijah McGuire,RB,0,0,0,0,0,0,0,0,0,0,0,0,0.0,0.0,0.0
734,734,Sean McKeon,TE,DAL,0,0,0,0,0,0,0,0,0,0,0,0.0,0.0,0.0
735,735,Kelvin McKnight,WR,0,0,0,0,0,0,0,0,0,0,0,0,0.0,0.0,0.0
736,736,Trace McSorley,QB,BAL,0,0,0,0,0,0,0,0,0,0,0,0.0,0.0,0.0
737,737,Rashad Medaris,WR,0,0,0,0,0,0,0,0,0,0,0,0,0.0,0.0,0.0
738,738,Carson Meier,TE,0,0,0,0,0,0,0,0,0,0,0,0,0.0,0.0,0.0
739,739,Kirk Merritt,WR,0,0,0,0,0,0,0,0,0,0,0,0,0.0,0.0,0.0
740,740,Jakobi Meyers,WR,NE,0,0,0,0,0,0,0,0,0,0,0,0.0,0.0,0.0
741,741,Marken Michel,WR,0,0,0,0,0,0,0,0,0,0,0,0,0.0,0.0,0.0
742,742,Sony Michel,RB,NE,0,0,0,0,0,0,0,0,0,0,0,0.0,0.0,0.0
743,743,Bruce Miller,RB,JAX,0,0,0,0,0,0,0,0,0,0,0,0.0,0.0,0.0
744,744,Lamar Miller,RB,0,0,0,0,0,0,0,0,0,0,0,0,0.0,0.0,0.0
745,745,Scott Miller,WR,TB,0,0,0,0,0,0,0,0,0,0,0,0.0,0.0,0.0
746,746,Denzel Mims,WR,NYJ,0,0,0,0,0,0,0,0,0,0,0,0.0,0.0,0.0
747,747,Bryant Mitchell,WR,0,0,0,0,0,0,0,0,0,0,0,0,0.0,0.0,0.0
748,748,Dillon Mitchell,WR,0,0,0,0,0,0,0,0,0,0,0,0,0.0,0.0,0.0
749,749,Steven Mitchell,WR,0,0,0,0,0,0,0,0,0,0,0,0,0.0,0.0,0.0
750,750,Taquan Mizzell,RB,0,0,0,0,0,0,0,0,0,0,0,0,0.0,0.0,0.0
751,751,Sean Modster,WR,0,0,0,0,0,0,0,0,0,0,0,0,0.0,0.0,0.0
752,752,Steven Montez,QB,0,0,0,0,0,0,0,0,0,0,0,0,0.0,0.0,0.0
753,753,D.J. Montgomery,WR,0,0,0,0,0,0,0,0,0,0,0,0,0.0,0.0,0.0
754,754,Ty Montgomery,RB,NO,0,0,0,0,0,0,0,0,0,0,0,0.0,0.0,0.0
755,755,Chris Moore,WR,BAL,0,0,0,0,0,0,0,0,0,0,0,0.0,0.0,0.0
756,756,J'Mon Moore,WR,0,0,0,0,0,0,0,0,0,0,0,0,0.0,0.0,0.0
757,757,Jalin Moore,RB,0,0,0,0,0,0,0,0,0,0,0,0,0.0,0.0,0.0
758,758,Jason Moore,WR,0,0,0,0,0,0,0,0,0,0,0,0,0.0,0.0,0.0
759,759,Jaylon Moore,WR,0,0,0,0,0,0,0,0,0,0,0,0,0.0,0.0,0.0
760,760,Matt Moore,QB,0,0,0,0,0,0,0,0,0,0,0,0,0.0,0.0,0.0
761,761,Foster Moreau,TE,LV,0,0,0,0,0,0,0,0,0,0,0,0.0,0.0,0.0
762,762,David Morgan,TE,0,0,0,0,0,0,0,0,0,0,0,0,0.0,0.0,0.0
763,763,James Morgan,QB,NYJ,0,0,0,0,0,0,0,0,0,0,0,0.0,0.0,0.0
764,764,Stanley Morgan,WR,0,0,0,0,0,0,0,0,0,0,0,0,0.0,0.0,0.0
765,765,Jalen Morton,QB,0,0,0,0,0,0,0,0,0,0,0,0,0.0,0.0,0.0
766,766,Thaddeus Moss,TE,WAS,0,0,0,0,0,0,0,0,0,0,0,0.0,0.0,0.0
767,767,Zack Moss,RB,BUF,0,0,0,0,0,0,0,0,0,0,0,0.0,0.0,0.0
768,768,Khalfani Muhammad,RB,0,0,0,0,0,0,0,0,0,0,0,0,0.0,0.0,0.0
769,769,Nick Mullens,QB,SF,0,0,0,0,0,0,0,0,0,0,0,0.0,0.0,0.0
770,770,Johnny Mundt,TE,LA,0,0,0,0,0,0,0,0,0,0,0,0.0,0.0,0.0
771,771,Marcus Murphy,RB,0,0,0,0,0,0,0,0,0,0,0,0,0.0,0.0,0.0
772,772,Chris Myarick,TE,0,0,0,0,0,0,0,0,0,0,0,0,0.0,0.0,0.0
773,773,Gabe Nabers,RB,LAC,0,0,0,0,0,0,0,0,0,0,0,0.0,0.0,0.0
774,774,Ryan Nall,RB,CHI,0,0,0,0,0,0,0,0,0,0,0,0.0,0.0,0.0
775,775,JoJo Natson,WR,CLE,0,0,0,0,0,0,0,0,0,0,0,0.0,0.0,0.0
776,776,Isaac Nauta,TE,0,0,0,0,0,0,0,0,0,0,0,0,0.0,0.0,0.0
777,777,Riley Neal,QB,0,0,0,0,0,0,0,0,0,0,0,0,0.0,0.0,0.0
778,778,Cam Newton,QB,NE,0,0,0,0,0,0,0,0,0,0,0,0.0,0.0,0.0
779,779,Spencer Nigh,RB,0,0,0,0,0,0,0,0,0,0,0,0,0.0,0.0,0.0
780,780,Roosevelt Nix,RB,0,0,0,0,0,0,0,0,0,0,0,0,0.0,0.0,0.0
781,781,Nick O'Leary,TE,LV,0,0,0,0,0,0,0,0,0,0,0,0.0,0.0,0.0
782,782,Albert Okwuegbunam,TE,DEN,0,0,0,0,0,0,0,0,0,0,0,0.0,0.0,0.0
783,783,Jamize Olawale,RB,0,0,0,0,0,0,0,0,0,0,0,0,0.0,0.0,0.0
784,784,Josh Oliver,TE,JAX,0,0,0,0,0,0,0,0,0,0,0,0.0,0.0,0.0
785,785,Qadree Ollison,RB,ATL,0,0,0,0,0,0,0,0,0,0,0,0.0,0.0,0.0
786,786,Sewo Olonilua,RB,0,0,0,0,0,0,0,0,0,0,0,0,0.0,0.0,0.0
787,787,Gunner Olszewski,WR,NE,0,0,0,0,0,0,0,0,0,0,0,0.0,0.0,0.0
788,788,Ricky Ortiz,RB,0,0,0,0,0,0,0,0,0,0,0,0,0.0,0.0,0.0
789,789,K.J. Osborn,WR,MIN,0,0,0,0,0,0,0,0,0,0,0,0.0,0.0,0.0
790,790,Devine Ozigbo,RB,JAX,0,0,0,0,0,0,0,0,0,0,0,0.0,0.0,0.0
791,791,Aaron Parker,WR,0,0,0,0,0,0,0,0,0,0,0,0,0.0,0.0,0.0
792,792,Colby Parkinson,TE,SEA,0,0,0,0,0,0,0,0,0,0,0,0.0,0.0,0.0
793,793,Dezmon Patmon,WR,IND,0,0,0,0,0,0,0,0,0,0,0,0.0,0.0,0.0
794,794,Jacques Patrick,RB,0,0,0,0,0,0,0,0,0,0,0,0,0.0,0.0,0.0
795,795,Tim Patrick,WR,DEN,0,0,0,0,0,0,0,0,0,0,0,0.0,0.0,0.0
796,796,Andre Patton,WR,0,0,0,0,0,0,0,0,0,0,0,0,0.0,0.0,0.0
797,797,Charone Peake,WR,0,0,0,0,0,0,0,0,0,0,0,0,0.0,0.0,0.0
798,798,Josh Pearson,WR,0,0,0,0,0,0,0,0,0,0,0,0,0.0,0.0,0.0
799,799,Rashaad Penny,RB,SEA,0,0,0,0,0,0,0,0,0,0,0,0.0,0.0,0.0
800,800,Samaje Perine,RB,CIN,0,0,0,0,0,0,0,0,0,0,0,0.0,0.0,0.0
801,801,Bryce Perkins,QB,0,0,0,0,0,0,0,0,0,0,0,0,0.0,0.0,0.0
802,802,Josh Perkins,TE,PHI,0,0,0,0,0,0,0,0,0,0,0,0.0,0.0,0.0
803,803,Breshad Perriman,WR,NYJ,0,0,0,0,0,0,0,0,0,0,0,0.0,0.0,0.0
804,804,Malcolm Perry,WR,MIA,0,0,0,0,0,0,0,0,0,0,0,0.0,0.0,0.0
805,805,Nathan Peterman,QB,LV,0,0,0,0,0,0,0,0,0,0,0,0.0,0.0,0.0
806,806,Adrian Peterson,RB,DET,0,0,0,0,0,0,0,0,0,0,0,0.0,0.0,0.0
807,807,Dante Pettis,WR,SF,0,0,0,0,0,0,0,0,0,0,0,0.0,0.0,0.0
808,808,Devin Phelps,WR,0,0,0,0,0,0,0,0,0,0,0,0,0.0,0.0,0.0
809,809,Cam Phillips,WR,0,0,0,0,0,0,0,0,0,0,0,0,0.0,0.0,0.0
810,810,John Phillips,TE,0,0,0,0,0,0,0,0,0,0,0,0,0.0,0.0,0.0
811,811,Scottie Phillips,RB,0,0,0,0,0,0,0,0,0,0,0,0,0.0,0.0,0.0
812,812,Artavis Pierce,RB,CHI,0,0,0,0,0,0,0,0,0,0,0,0.0,0.0,0.0
813,813,De'Mornay Pierson-El,WR,0,0,0,0,0,0,0,0,0,0,0,0,0.0,0.0,0.0
814,814,Jared Pinkney,TE,0,0,0,0,0,0,0,0,0,0,0,0,0.0,0.0,0.0
815,815,Michael Pittman,WR,IND,0,0,0,0,0,0,0,0,0,0,0,0.0,0.0,0.0
816,816,Sandro Platzgummer,RB,0,0,0,0,0,0,0,0,0,0,0,0,0.0,0.0,0.0
817,817,Shawn Poindexter,WR,0,0,0,0,0,0,0,0,0,0,0,0,0.0,0.0,0.0
818,818,Brandon Polk,WR,0,0,0,0,0,0,0,0,0,0,0,0,0.0,0.0,0.0
819,819,C.J. Prosise,RB,0,0,0,0,0,0,0,0,0,0,0,0,0.0,0.0,0.0
820,820,MyCole Pruitt,TE,TEN,0,0,0,0,0,0,0,0,0,0,0,0.0,0.0,0.0
821,821,Trey Quinn,WR,0,0,0,0,0,0,0,0,0,0,0,0,0.0,0.0,0.0
822,822,Kevin Rader,TE,0,0,0,0,0,0,0,0,0,0,0,0,0.0,0.0,0.0
823,823,Anthony Ratliff-Williams,WR,0,0,0,0,0,0,0,0,0,0,0,0,0.0,0.0,0.0
824,824,Dax Raymond,TE,0,0,0,0,0,0,0,0,0,0,0,0,0.0,0.0,0.0
825,825,Jalen Reagor,WR,PHI,0,0,0,0,0,0,0,0,0,0,0,0.0,0.0,0.0
826,826,Bronson Rechsteiner,RB,0,0,0,0,0,0,0,0,0,0,0,0,0.0,0.0,0.0
827,827,Joe Reed,WR,LAC,0,0,0,0,0,0,0,0,0,0,0,0.0,0.0,0.0
828,828,Jordan Reed,TE,SF,0,0,0,0,0,0,0,0,0,0,0,0.0,0.0,0.0
829,829,Caleb Repp,TE,0,0,0,0,0,0,0,0,0,0,0,0,0.0,0.0,0.0
830,830,Craig Reynolds,RB,0,0,0,0,0,0,0,0,0,0,0,0,0.0,0.0,0.0
831,831,Giovanni Ricci,TE,0,0,0,0,0,0,0,0,0,0,0,0,0.0,0.0,0.0
832,832,Jared Rice,TE,0,0,0,0,0,0,0,0,0,0,0,0,0.0,0.0,0.0
833,833,A.J. Richardson,WR,0,0,0,0,0,0,0,0,0,0,0,0,0.0,0.0,0.0
834,834,Paul Richardson,WR,0,0,0,0,0,0,0,0,0,0,0,0,0.0,0.0,0.0
835,835,Riley Ridley,WR,CHI,0,0,0,0,0,0,0,0,0,0,0,0.0,0.0,0.0
836,836,Sean Riley,WR,0,0,0,0,0,0,0,0,0,0,0,0,0.0,0.0,0.0
837,837,Michael Roberts,TE,0,0,0,0,0,0,0,0,0,0,0,0,0.0,0.0,0.0
838,838,Seth Roberts,WR,0,0,0,0,0,0,0,0,0,0,0,0,0.0,0.0,0.0
839,839,Aaron Rodgers,QB,GB,0,0,0,0,0,0,0,0,0,0,0,0.0,0.0,0.0
840,840,Chester Rogers,WR,0,0,0,0,0,0,0,0,0,0,0,0,0.0,0.0,0.0
841,841,Kendrick Rogers,WR,0,0,0,0,0,0,0,0,0,0,0,0,0.0,0.0,0.0
842,842,Josh Rosen,QB,0,0,0,0,0,0,0,0,0,0,0,0,0.0,0.0,0.0
843,843,Devin Ross,WR,0,0,0,0,0,0,0,0,0,0,0,0,0.0,0.0,0.0
844,844,John Ross,WR,CIN,0,0,0,0,0,0,0,0,0,0,0,0.0,0.0,0.0
845,845,Marvelle Ross,WR,0,0,0,0,0,0,0,0,0,0,0,0,0.0,0.0,0.0
846,846,Chris Rowland,WR,0,0,0,0,0,0,0,0,0,0,0,0,0.0,0.0,0.0
847,847,Jake Rudock,QB,0,0,0,0,0,0,0,0,0,0,0,0,0.0,0.0,0.0
848,848,Mason Rudolph,QB,PIT,0,0,0,0,0,0,0,0,0,0,0,0.0,0.0,0.0
849,849,Cooper Rush,QB,0,0,0,0,0,0,0,0,0,0,0,0,0.0,0.0,0.0
850,850,Broc Rutter,QB,0,0,0,0,0,0,0,0,0,0,0,0,0.0,0.0,0.0
851,851,Brett Rypien,QB,DEN,0,0,0,0,0,0,0,0,0,0,0,0.0,0.0,0.0
852,852,Jaylen Samuels,RB,PIT,0,0,0,0,0,0,0,0,0,0,0,0.0,0.0,0.0
853,853,Mohamed Sanu,WR,0,0,0,0,0,0,0,0,0,0,0,0,0.0,0.0,0.0
854,854,Eric Saubert,TE,0,0,0,0,0,0,0,0,0,0,0,0,0.0,0.0,0.0
855,855,Bo Scarbrough,RB,DET,0,0,0,0,0,0,0,0,0,0,0,0.0,0.0,0.0
856,856,Charles Scarff,TE,0,0,0,0,0,0,0,0,0,0,0,0,0.0,0.0,0.0
857,857,Jordan Scarlett,RB,0,0,0,0,0,0,0,0,0,0,0,0,0.0,0.0,0.0
858,858,Matt Schaub,QB,ATL,0,0,0,0,0,0,0,0,0,0,0,0.0,0.0,0.0
859,859,Spencer Schnell,WR,0,0,0,0,0,0,0,0,0,0,0,0,0.0,0.0,0.0
860,860,Dalton Schoen,WR,0,0,0,0,0,0,0,0,0,0,0,0,0.0,0.0,0.0
861,861,Mason Schreck,TE,CIN,0,0,0,0,0,0,0,0,0,0,0,0.0,0.0,0.0
862,862,Christian Scotland-Williamson,TE,0,0,0,0,0,0,0,0,0,0,0,0,0.0,0.0,0.0
863,863,Artavis Scott,WR,0,0,0,0,0,0,0,0,0,0,0,0,0.0,0.0,0.0
864,864,Da'Mari Scott,WR,0,0,0,0,0,0,0,0,0,0,0,0,0.0,0.0,0.0
865,865,Jaleel Scott,WR,0,0,0,0,0,0,0,0,0,0,0,0,0.0,0.0,0.0
866,866,Ricky Seals-Jones,TE,KC,0,0,0,0,0,0,0,0,0,0,0,0.0,0.0,0.0
867,867,Luke Sellers,TE,0,0,0,0,0,0,0,0,0,0,0,0,0.0,0.0,0.0
868,868,Tajae Sharpe,WR,MIN,0,0,0,0,0,0,0,0,0,0,0,0.0,0.0,0.0
869,869,Justice Shelton-Mosley,WR,0,0,0,0,0,0,0,0,0,0,0,0,0.0,0.0,0.0
870,870,Russell Shepard,WR,0,0,0,0,0,0,0,0,0,0,0,0,0.0,0.0,0.0
871,871,Sterling Shepard,WR,NYG,0,0,0,0,0,0,0,0,0,0,0,0.0,0.0,0.0
872,872,Darrius Shepherd,WR,GB,0,0,0,0,0,0,0,0,0,0,0,0.0,0.0,0.0
873,873,Kyle Shurmur,QB,0,0,0,0,0,0,0,0,0,0,0,0,0.0,0.0,0.0
874,874,Trevor Siemian,QB,0,0,0,0,0,0,0,0,0,0,0,0,0.0,0.0,0.0
875,875,David Sills,WR,NYG,0,0,0,0,0,0,0,0,0,0,0,0.0,0.0,0.0
876,876,Tyler Simmons,WR,0,0,0,0,0,0,0,0,0,0,0,0,0.0,0.0,0.0
877,877,Matt Simms,QB,0,0,0,0,0,0,0,0,0,0,0,0,0.0,0.0,0.0
878,878,Scott Simonson,TE,0,0,0,0,0,0,0,0,0,0,0,0,0.0,0.0,0.0
879,879,Steven Sims,WR,WAS,0,0,0,0,0,0,0,0,0,0,0,0.0,0.0,0.0
880,880,Reid Sinnett,QB,0,0,0,0,0,0,0,0,0,0,0,0,0.0,0.0,0.0
881,881,Matthew Slater,WR,NE,0,0,0,0,0,0,0,0,0,0,0,0.0,0.0,0.0
882,882,Connor Slomka,RB,0,0,0,0,0,0,0,0,0,0,0,0,0.0,0.0,0.0
883,883,Wendell Smallwood,RB,0,0,0,0,0,0,0,0,0,0,0,0,0.0,0.0,0.0
884,884,Devin Smith,WR,0,0,0,0,0,0,0,0,0,0,0,0,0.0,0.0,0.0
885,885,Geno Smith,QB,SEA,0,0,0,0,0,0,0,0,0,0,0,0.0,0.0,0.0
886,886,J'Mar Smith,QB,0,0,0,0,0,0,0,0,0,0,0,0,0.0,0.0,0.0
887,887,Lee Smith,TE,BUF,0,0,0,0,0,0,0,0,0,0,0,0.0,0.0,0.0
888,888,Rod Smith,RB,0,0,0,0,0,0,0,0,0,0,0,0,0.0,0.0,0.0
889,889,Rodney Smith,RB,0,0,0,0,0,0,0,0,0,0,0,0,0.0,0.0,0.0
890,890,Vyncint Smith,WR,NYJ,0,0,0,0,0,0,0,0,0,0,0,0.0,0.0,0.0
891,891,Durham Smythe,TE,MIA,0,0,0,0,0,0,0,0,0,0,0,0.0,0.0,0.0
892,892,Matt Sokol,TE,0,0,0,0,0,0,0,0,0,0,0,0,0.0,0.0,0.0
893,893,Diontae Spencer,WR,DEN,0,0,0,0,0,0,0,0,0,0,0,0.0,0.0,0.0
894,894,Darren Sproles,RB,0,0,0,0,0,0,0,0,0,0,0,0,0.0,0.0,0.0
895,895,Equanimeous St. Brown,WR,GB,0,0,0,0,0,0,0,0,0,0,0,0.0,0.0,0.0
896,896,Matthew Stafford,QB,DET,0,0,0,0,0,0,0,0,0,0,0,0.0,0.0,0.0
897,897,William Stanback,RB,0,0,0,0,0,0,0,0,0,0,0,0,0.0,0.0,0.0
898,898,Nate Stanley,QB,0,0,0,0,0,0,0,0,0,0,0,0,0.0,0.0,0.0
899,899,Drew Stanton,QB,0,0,0,0,0,0,0,0,0,0,0,0,0.0,0.0,0.0
900,900,Johnny Stanton,RB,0,0,0,0,0,0,0,0,0,0,0,0,0.0,0.0,0.0
901,901,Dylan Stapleton,TE,0,0,0,0,0,0,0,0,0,0,0,0,0.0,0.0,0.0
902,902,Jace Sternberger,TE,GB,0,0,0,0,0,0,0,0,0,0,0,0.0,0.0,0.0
903,903,Tommy Stevens,QB,0,0,0,0,0,0,0,0,0,0,0,0,0.0,0.0,0.0
904,904,Darrell Stewart,WR,0,0,0,0,0,0,0,0,0,0,0,0,0.0,0.0,0.0
905,905,Jarrett Stidham,QB,NE,0,0,0,0,0,0,0,0,0,0,0,0.0,0.0,0.0
906,906,Chris Streveler,QB,ARI,0,0,0,0,0,0,0,0,0,0,0,0.0,0.0,0.0
907,907,Nate Sudfeld,QB,PHI,0,0,0,0,0,0,0,0,0,0,0,0.0,0.0,0.0
908,908,Stephen Sullivan,TE,0,0,0,0,0,0,0,0,0,0,0,0,0.0,0.0,0.0
909,909,Cam Sutton,TE,0,0,0,0,0,0,0,0,0,0,0,0,0.0,0.0,0.0
910,910,Courtland Sutton,WR,DEN,0,0,0,0,0,0,0,0,0,0,0,0.0,0.0,0.0
911,911,Geoff Swaim,TE,TEN,0,0,0,0,0,0,0,0,0,0,0,0.0,0.0,0.0
912,912,Tommy Sweeney,TE,BUF,0,0,0,0,0,0,0,0,0,0,0,0.0,0.0,0.0
913,913,D'Andre Swift,RB,DET,0,0,0,0,0,0,0,0,0,0,0,0.0,0.0,0.0
914,914,Ryan Switzer,WR,0,0,0,0,0,0,0,0,0,0,0,0,0.0,0.0,0.0
915,915,Tyrone Swoopes,TE,0,0,0,0,0,0,0,0,0,0,0,0,0.0,0.0,0.0
916,916,Jordan Ta'amu,QB,0,0,0,0,0,0,0,0,0,0,0,0,0.0,0.0,0.0
917,917,Tua Tagovailoa,QB,MIA,0,0,0,0,0,0,0,0,0,0,0,0.0,0.0,0.0
918,918,Alex Tanney,QB,0,0,0,0,0,0,0,0,0,0,0,0,0.0,0.0,0.0
919,919,Khalil Tate,WR,0,0,0,0,0,0,0,0,0,0,0,0,0.0,0.0,0.0
920,920,Charlie Taumoepeau,TE,0,0,0,0,0,0,0,0,0,0,0,0,0.0,0.0,0.0
921,921,J.J. Taylor,RB,NE,0,0,0,0,0,0,0,0,0,0,0,0.0,0.0,0.0
922,922,Malik Taylor,WR,GB,0,0,0,0,0,0,0,0,0,0,0,0.0,0.0,0.0
923,923,Patrick Taylor,RB,GB,0,0,0,0,0,0,0,0,0,0,0,0.0,0.0,0.0
924,924,Taywan Taylor,WR,CLE,0,0,0,0,0,0,0,0,0,0,0,0.0,0.0,0.0
925,925,Tyrod Taylor,QB,LAC,0,0,0,0,0,0,0,0,0,0,0,0.0,0.0,0.0
926,926,De'Anthony Thomas,WR,0,0,0,0,0,0,0,0,0,0,0,0,0.0,0.0,0.0
927,927,Demaryius Thomas,WR,0,0,0,0,0,0,0,0,0,0,0,0,0.0,0.0,0.0
928,928,Jeff Thomas,WR,0,0,0,0,0,0,0,0,0,0,0,0,0.0,0.0,0.0
929,929,Jordan Thomas,TE,ARI,0,0,0,0,0,0,0,0,0,0,0,0.0,0.0,0.0
930,930,Michael Thomas,WR,NO,0,0,0,0,0,0,0,0,0,0,0,0.0,0.0,0.0
931,931,DeAndre Thompkins,WR,0,0,0,0,0,0,0,0,0,0,0,0,0.0,0.0,0.0
932,932,Chris Thompson,WR,SF,0,0,0,0,0,0,0,0,0,0,0,0.0,0.0,0.0
933,933,Cody Thompson,WR,0,0,0,0,0,0,0,0,0,0,0,0,0.0,0.0,0.0
934,934,Colin Thompson,TE,CAR,0,0,0,0,0,0,0,0,0,0,0,0.0,0.0,0.0
935,935,Darwin Thompson,RB,KC,0,0,0,0,0,0,0,0,0,0,0,0.0,0.0,0.0
936,936,Mark Thompson,RB,0,0,0,0,0,0,0,0,0,0,0,0,0.0,0.0,0.0
937,937,Trevion Thompson,WR,0,0,0,0,0,0,0,0,0,0,0,0,0.0,0.0,0.0
938,938,Clayton Thorson,QB,0,0,0,0,0,0,0,0,0,0,0,0,0.0,0.0,0.0
939,939,Nick Tiano,QB,0,0,0,0,0,0,0,0,0,0,0,0,0.0,0.0,0.0
940,940,Noah Togiai,TE,IND,0,0,0,0,0,0,0,0,0,0,0,0.0,0.0,0.0
941,941,Levine Toilolo,TE,NYG,0,0,0,0,0,0,0,0,0,0,0,0.0,0.0,0.0
942,942,Eric Tomlinson,TE,NYG,0,0,0,0,0,0,0,0,0,0,0,0.0,0.0,0.0
943,943,Robert Tonyan,TE,GB,0,0,0,0,0,0,0,0,0,0,0,0.0,0.0,0.0
944,944,Adam Trautman,TE,NO,0,0,0,0,0,0,0,0,0,0,0,0.0,0.0,0.0
945,945,Ross Travis,TE,0,0,0,0,0,0,0,0,0,0,0,0,0.0,0.0,0.0
946,946,Laquon Treadwell,WR,0,0,0,0,0,0,0,0,0,0,0,0,0.0,0.0,0.0
947,947,Mitchell Trubisky,QB,CHI,0,0,0,0,0,0,0,0,0,0,0,0.0,0.0,0.0
948,948,De'Lance Turner,RB,0,0,0,0,0,0,0,0,0,0,0,0,0.0,0.0,0.0
949,949,Malik Turner,WR,DAL,0,0,0,0,0,0,0,0,0,0,0,0.0,0.0,0.0
950,950,John Ursua,WR,0,0,0,0,0,0,0,0,0,0,0,0,0.0,0.0,0.0
951,951,C.J. Uzomah,TE,CIN,0,0,0,0,0,0,0,0,0,0,0,0.0,0.0,0.0
952,952,Marquez Valdes-Scantling,WR,GB,0,0,0,0,0,0,0,0,0,0,0,0.0,0.0,0.0
953,953,Jason Vander Laan,TE,0,0,0,0,0,0,0,0,0,0,0,0,0.0,0.0,0.0
954,954,Nick Vannett,TE,DEN,0,0,0,0,0,0,0,0,0,0,0,0.0,0.0,0.0
955,955,Jordan Veasy,WR,0,0,0,0,0,0,0,0,0,0,0,0,0.0,0.0,0.0
956,956,Ben Victor,WR,0,0,0,0,0,0,0,0,0,0,0,0,0.0,0.0,0.0
957,957,Danny Vitale,RB,0,0,0,0,0,0,0,0,0,0,0,0,0.0,0.0,0.0
958,958,Andrew Vollert,TE,0,0,0,0,0,0,0,0,0,0,0,0,0.0,0.0,0.0
959,959,Christian Wade,RB,0,0,0,0,0,0,0,0,0,0,0,0,0.0,0.0,0.0
960,960,Ahmad Wagner,WR,0,0,0,0,0,0,0,0,0,0,0,0,0.0,0.0,0.0
961,961,Clive Walford,TE,0,0,0,0,0,0,0,0,0,0,0,0,0.0,0.0,0.0
962,962,Delanie Walker,TE,0,0,0,0,0,0,0,0,0,0,0,0,0.0,0.0,0.0
963,963,Michael Walker,WR,0,0,0,0,0,0,0,0,0,0,0,0,0.0,0.0,0.0
964,964,P.J. Walker,QB,CAR,0,0,0,0,0,0,0,0,0,0,0,0.0,0.0,0.0
965,965,JoJo Ward,WR,0,0,0,0,0,0,0,0,0,0,0,0,0.0,0.0,0.0
966,966,Aca'Cedric Ware,RB,0,0,0,0,0,0,0,0,0,0,0,0,0.0,0.0,0.0
967,967,Mike Warren,RB,0,0,0,0,0,0,0,0,0,0,0,0,0.0,0.0,0.0
968,968,Kahale Warring,TE,HOU,0,0,0,0,0,0,0,0,0,0,0,0.0,0.0,0.0
969,969,DeAndre Washington,RB,KC,0,0,0,0,0,0,0,0,0,0,0,0.0,0.0,0.0
970,970,Scotty Washington,WR,0,0,0,0,0,0,0,0,0,0,0,0,0.0,0.0,0.0
971,971,Quez Watkins,WR,PHI,0,0,0,0,0,0,0,0,0,0,0,0.0,0.0,0.0
972,972,Benjamin Watson,TE,0,0,0,0,0,0,0,0,0,0,0,0,0.0,0.0,0.0
973,973,Justin Watson,WR,TB,0,0,0,0,0,0,0,0,0,0,0,0.0,0.0,0.0
974,974,Derek Watt,RB,PIT,0,0,0,0,0,0,0,0,0,0,0,0.0,0.0,0.0
975,975,Jester Weah,WR,0,0,0,0,0,0,0,0,0,0,0,0,0.0,0.0,0.0
976,976,Davis Webb,QB,0,0,0,0,0,0,0,0,0,0,0,0,0.0,0.0,0.0
977,977,Joe Webb,QB,0,0,0,0,0,0,0,0,0,0,0,0,0.0,0.0,0.0
978,978,Ralph Webb,RB,0,0,0,0,0,0,0,0,0,0,0,0,0.0,0.0,0.0
979,979,Mike Weber,RB,0,0,0,0,0,0,0,0,0,0,0,0,0.0,0.0,0.0
980,980,Elijah Wellman,RB,0,0,0,0,0,0,0,0,0,0,0,0,0.0,0.0,0.0
981,981,David Wells,TE,0,0,0,0,0,0,0,0,0,0,0,0,0.0,0.0,0.0
982,982,Alex Wesley,WR,0,0,0,0,0,0,0,0,0,0,0,0,0.0,0.0,0.0
983,983,Antoine Wesley,WR,BAL,0,0,0,0,0,0,0,0,0,0,0,0.0,0.0,0.0
984,984,Dede Westbrook,WR,JAX,0,0,0,0,0,0,0,0,0,0,0,0.0,0.0,0.0
985,985,Devwah Whaley,RB,0,0,0,0,0,0,0,0,0,0,0,0,0.0,0.0,0.0
986,986,Cody White,WR,0,0,0,0,0,0,0,0,0,0,0,0,0.0,0.0,0.0
987,987,DeAndrew White,WR,BAL,0,0,0,0,0,0,0,0,0,0,0,0.0,0.0,0.0
988,988,James White,RB,NE,0,0,0,0,0,0,0,0,0,0,0,0.0,0.0,0.0
989,989,Mike White,QB,0,0,0,0,0,0,0,0,0,0,0,0,0.0,0.0,0.0
990,990,Reggie White Jr.,WR,0,0,0,0,0,0,0,0,0,0,0,0,0.0,0.0,0.0
991,991,Tim White,WR,0,0,0,0,0,0,0,0,0,0,0,0,0.0,0.0,0.0
992,992,Isaac Whitney,WR,0,0,0,0,0,0,0,0,0,0,0,0,0.0,0.0,0.0
993,993,Kerrith Whyte,RB,0,0,0,0,0,0,0,0,0,0,0,0,0.0,0.0,0.0
994,994,Cole Wick,TE,0,0,0,0,0,0,0,0,0,0,0,0,0.0,0.0,0.0
995,995,Nate Wieting,TE,0,0,0,0,0,0,0,0,0,0,0,0,0.0,0.0,0.0
996,996,Mitchell Wilcox,TE,0,0,0,0,0,0,0,0,0,0,0,0,0.0,0.0,0.0
997,997,Kristian Wilkerson,WR,0,0,0,0,0,0,0,0,0,0,0,0,0.0,0.0,0.0
998,998,Manny Wilkins,QB,0,0,0,0,0,0,0,0,0,0,0,0,0.0,0.0,0.0
999,999,Chad Williams,WR,0,0,0,0,0,0,0,0,0,0,0,0,0.0,0.0,0.0
1000,1000,Damien Williams,RB,0,0,0,0,0,0,0,0,0,0,0,0,0.0,0.0,0.0
1001,1001,Dexter Williams,RB,0,0,0,0,0,0,0,0,0,0,0,0,0.0,0.0,0.0
1002,1002,Duke Williams,WR,0,0,0,0,0,0,0,0,0,0,0,0,0.0,0.0,0.0
1003,1003,Jamaal Williams,RB,GB,0,0,0,0,0,0,0,0,0,0,0,0.0,0.0,0.0
1004,1004,Jonathan Williams,RB,0,0,0,0,0,0,0,0,0,0,0,0,0.0,0.0,0.0
1005,1005,Maxx Williams,TE,ARI,0,0,0,0,0,0,0,0,0,0,0,0.0,0.0,0.0
1006,1006,Trayveon Williams,RB,CIN,0,0,0,0,0,0,0,0,0,0,0,0.0,0.0,0.0
1007,1007,Ty'Son Williams,RB,0,0,0,0,0,0,0,0,0,0,0,0,0.0,0.0,0.0
1008,1008,Tyrell Williams,WR,LV,0,0,0,0,0,0,0,0,0,0,0,0.0,0.0,0.0
1009,1009,Damion Willis,WR,0,0,0,0,0,0,0,0,0,0,0,0,0.0,0.0,0.0
1010,1010,Luke Willson,TE,SEA,0,0,0,0,0,0,0,0,0,0,0,0.0,0.0,0.0
1011,1011,Albert Wilson,WR,0,0,0,0,0,0,0,0,0,0,0,0,0.0,0.0,0.0
1012,1012,Caleb Wilson,TE,0,0,0,0,0,0,0,0,0,0,0,0,0.0,0.0,0.0
1013,1013,Shaun Wilson,RB,0,0,0,0,0,0,0,0,0,0,0,0,0.0,0.0,0.0
1014,1014,Juwann Winfree,WR,0,0,0,0,0,0,0,0,0,0,0,0,0.0,0.0,0.0
1015,1015,Easop Winston,WR,0,0,0,0,0,0,0,0,0,0,0,0,0.0,0.0,0.0
1016,1016,Jameis Winston,QB,NO,0,0,0,0,0,0,0,0,0,0,0,0.0,0.0,0.0
1017,1017,Charlie Woerner,TE,SF,0,0,0,0,0,0,0,0,0,0,0,0.0,0.0,0.0
1018,1018,Eli Wolf,TE,0,0,0,0,0,0,0,0,0,0,0,0,0.0,0.0,0.0
1019,1019,Ethan Wolf,TE,0,0,0,0,0,0,0,0,0,0,0,0,0.0,0.0,0.0
1020,1020,John Wolford,QB,LA,0,0,0,0,0,0,0,0,0,0,0,0.0,0.0,0.0
1021,1021,Dom Wood-Anderson,TE,0,0,0,0,0,0,0,0,0,0,0,0,0.0,0.0,0.0
1022,1022,Josh Woodrum,QB,0,0,0,0,0,0,0,0,0,0,0,0,0.0,0.0,0.0
1023,1023,Logan Woodside,QB,TEN,0,0,0,0,0,0,0,0,0,0,0,0.0,0.0,0.0
1024,1024,Jarius Wright,WR,0,0,0,0,0,0,0,0,0,0,0,0,0.0,0.0,0.0
1025,1025,Terry Wright,WR,0,0,0,0,0,0,0,0,0,0,0,0,0.0,0.0,0.0
1026,1026,Deon Yelder,TE,KC,0,0,0,0,0,0,0,0,0,0,0,0.0,0.0,0.0
1027,1027,Isaiah Zuber,WR,0,0,0,0,0,0,0,0,0,0,0,0,0.0,0.0,0.0
1028,1028,Brandon Zylstra,WR,CAR,0,0,0,0,0,0,0,0,0,0,0,0.0,0.0,0.0
