,Unnamed: 0,Name,Team,Position,WK,Game Date,OPP,RESULT,PASS COMP,PASS ATT,PASS YDS,PASS AVG,PASS TD,PASS INT,SCK,SCKY,PASS RATE,RUSH ATT,RUSH YDS,RUSH AVG,RUSH LONG,RUSH TD,REC,REC YDS,REC AVG,REC LONG,REC TD,FUM,FUM LOST,2PT,RET TD,Paddy
0,27,A.J. Brown,TEN,WR,0.0,10/18/2020,Texans,W 42 - 36,0.0,0.0,0.0,0.0,0.0,0.0,0.0,0.0,0.0,0.0,0.0,0.0,0.0,0.0,5.0,58.0,11.6,18.0,2.0,0.0,0.0,0.0,0.0,20.3
1,97,A.J. Dillon,GB,RB,0.0,10/18/2020,@Buccaneers,L 10 - 38,0.0,0.0,0.0,0.0,0.0,0.0,0.0,0.0,0.0,5.0,31.0,6.2,20.0,0.0,0.0,0.0,0.0,0.0,0.0,0.0,0.0,0.0,0.0,3.1
2,142,A.J. Green,CIN,WR,0.0,10/18/2020,@Colts,L 27 - 31,0.0,0.0,0.0,0.0,0.0,0.0,0.0,0.0,0.0,0.0,0.0,0.0,0.0,0.0,8.0,96.0,12.0,19.0,0.0,0.0,0.0,0.0,0.0,13.600000000000001
4,219,Aaron Jones,GB,RB,0.0,10/18/2020,@Buccaneers,L 10 - 38,0.0,0.0,0.0,0.0,0.0,0.0,0.0,0.0,0.0,10.0,15.0,1.5,7.0,1.0,3.0,26.0,8.7,20.0,0.0,0.0,0.0,0.0,0.0,11.6
5,335,Aaron Rodgers,GB,QB,0.0,10/18/2020,@Buccaneers,L 10 - 38,16.0,35.0,160.0,4.6,0.0,2.0,4.0,42.0,35.4,2.0,14.0,7.0,0.0,0.0,0.0,0.0,0.0,0.0,0.0,0.0,0.0,0.0,0.0,5.800000000000001
6,172,Adam Humphries,TEN,WR,0.0,10/18/2020,Texans,W 42 - 36,0.0,0.0,0.0,0.0,0.0,0.0,0.0,0.0,0.0,0.0,0.0,0.0,0.0,0.0,6.0,64.0,10.7,22.0,1.0,0.0,0.0,0.0,0.0,15.4
7,378,Adam Shaheen,MIA,TE,0.0,10/18/2020,Jets,W 24 - 0,0.0,0.0,0.0,0.0,0.0,0.0,0.0,0.0,0.0,0.0,0.0,0.0,0.0,0.0,3.0,51.0,17.0,43.0,1.0,0.0,0.0,0.0,0.0,12.600000000000001
8,402,Adam Thielen,MIN,WR,0.0,10/18/2020,Falcons,L 23 - 40,0.0,0.0,0.0,0.0,0.0,0.0,0.0,0.0,0.0,0.0,0.0,0.0,0.0,0.0,3.0,51.0,17.0,35.0,1.0,0.0,0.0,0.0,0.0,12.600000000000001
9,316,Adrian Peterson,DET,RB,0.0,10/18/2020,@Jaguars,W 34 - 16,0.0,0.0,0.0,0.0,0.0,0.0,0.0,0.0,0.0,15.0,40.0,2.7,8.0,1.0,1.0,18.0,18.0,18.0,0.0,0.0,0.0,0.0,0.0,12.3
10,307,Albert Okwuegbunam,DEN,TE,0.0,10/18/2020,@Patriots,W 18 - 12,0.0,0.0,0.0,0.0,0.0,0.0,0.0,0.0,0.0,0.0,0.0,0.0,0.0,0.0,2.0,45.0,22.5,27.0,0.0,0.0,0.0,0.0,0.0,5.5
11,110,Alex Erickson,CIN,WR,0.0,10/18/2020,@Colts,L 27 - 31,0.0,0.0,0.0,0.0,0.0,0.0,0.0,0.0,0.0,0.0,0.0,0.0,0.0,0.0,0.0,0.0,0.0,0.0,0.0,0.0,0.0,0.0,0.0,0.0
13,294,Alexander Mattison,MIN,RB,0.0,10/18/2020,Falcons,L 23 - 40,0.0,0.0,0.0,0.0,0.0,0.0,0.0,0.0,0.0,10.0,26.0,2.6,16.0,0.0,1.0,4.0,4.0,4.0,0.0,0.0,0.0,0.0,0.0,3.5
14,338,Allen Robinson,CHI,WR,0.0,10/18/2020,@Panthers,W 23 - 16,0.0,0.0,0.0,0.0,0.0,0.0,0.0,0.0,0.0,0.0,0.0,0.0,0.0,0.0,5.0,53.0,10.6,23.0,0.0,0.0,0.0,0.0,0.0,7.800000000000001
16,67,Amari Cooper,DAL,WR,0.0,10/20/2020,Cardinals,L 10 - 38,0.0,0.0,0.0,0.0,0.0,0.0,0.0,0.0,0.0,0.0,0.0,0.0,0.0,0.0,7.0,79.0,11.3,26.0,1.0,0.0,0.0,0.0,0.0,17.4
17,15,Ameer Abdullah,MIN,RB,0.0,10/18/2020,Falcons,L 23 - 40,0.0,0.0,0.0,0.0,0.0,0.0,0.0,0.0,0.0,2.0,7.0,3.5,4.0,0.0,1.0,1.0,1.0,1.0,0.0,0.0,0.0,0.0,0.0,1.3000000000000003
20,105,Andy Dalton,DAL,QB,0.0,10/20/2020,Cardinals,L 10 - 38,34.0,54.0,266.0,4.9,1.0,2.0,3.0,19.0,65.8,2.0,4.0,2.0,0.0,0.0,0.0,0.0,0.0,0.0,0.0,0.0,0.0,0.0,0.0,13.040000000000001
21,210,Andy Isabella,ARI,WR,0.0,10/20/2020,@Cowboys,W 38 - 10,0.0,0.0,0.0,0.0,0.0,0.0,0.0,0.0,0.0,0.0,0.0,0.0,0.0,0.0,0.0,0.0,0.0,0.0,0.0,0.0,0.0,0.0,0.0,0.0
23,132,Anthony Firkser,TEN,TE,0.0,10/18/2020,Texans,W 42 - 36,0.0,0.0,0.0,0.0,0.0,0.0,0.0,0.0,0.0,0.0,0.0,0.0,0.0,0.0,8.0,113.0,14.1,45.0,1.0,0.0,0.0,0.0,0.0,21.3
24,287,Anthony McFarland,PIT,RB,0.0,10/18/2020,Browns,W 38 - 7,0.0,0.0,0.0,0.0,0.0,0.0,0.0,0.0,0.0,3.0,2.0,0.7,3.0,0.0,1.0,6.0,6.0,6.0,0.0,0.0,0.0,0.0,0.0,1.3
25,277,Anthony Miller,CHI,WR,0.0,10/18/2020,@Panthers,W 23 - 16,0.0,0.0,0.0,0.0,0.0,0.0,0.0,0.0,0.0,0.0,0.0,0.0,0.0,0.0,3.0,8.0,2.7,4.0,0.0,0.0,0.0,0.0,0.0,2.3
26,162,Antonio Gandy-Golden,WSH,WR,0.0,10/18/2020,@Giants,L 19 - 20,0.0,0.0,0.0,0.0,0.0,0.0,0.0,0.0,0.0,0.0,0.0,0.0,0.0,0.0,0.0,0.0,0.0,0.0,0.0,0.0,0.0,0.0,0.0,0.0
27,157,Antonio Gibson,WSH,RB,0.0,10/18/2020,@Giants,L 19 - 20,0.0,0.0,0.0,0.0,0.0,0.0,0.0,0.0,0.0,9.0,30.0,3.3,8.0,0.0,4.0,25.0,6.3,10.0,0.0,0.0,0.0,0.0,0.0,7.5
31,179,Austin Hooper,CLE,TE,0.0,10/18/2020,@Steelers,L 7 - 38,0.0,0.0,0.0,0.0,0.0,0.0,0.0,0.0,0.0,0.0,0.0,0.0,0.0,0.0,5.0,52.0,10.4,36.0,0.0,0.0,0.0,0.0,0.0,7.7
32,298,Austin Mack,NYG,WR,0.0,10/18/2020,Football Team,W 20 - 19,0.0,0.0,0.0,0.0,0.0,0.0,0.0,0.0,0.0,0.0,0.0,0.0,0.0,0.0,1.0,1.0,1.0,1.0,0.0,0.0,0.0,0.0,0.0,0.6
33,293,Baker Mayfield,CLE,QB,0.0,10/18/2020,@Steelers,L 7 - 38,10.0,18.0,119.0,6.6,1.0,2.0,4.0,20.0,54.9,1.0,5.0,5.0,0.0,0.0,0.0,0.0,0.0,0.0,0.0,0.0,0.0,0.0,0.0,7.26
35,333,Ben Roethlisberger,PIT,QB,0.0,10/18/2020,Browns,W 38 - 7,14.0,22.0,162.0,7.4,1.0,0.0,2.0,20.0,100.9,3.0,5.0,1.7,0.0,0.0,0.0,0.0,0.0,0.0,0.0,0.0,0.0,0.0,0.0,10.98
36,358,Benny Snell,PIT,RB,0.0,10/18/2020,Browns,W 38 - 7,0.0,0.0,0.0,0.0,0.0,0.0,0.0,0.0,0.0,6.0,17.0,2.8,5.0,1.0,1.0,4.0,4.0,4.0,0.0,0.0,0.0,0.0,0.0,8.6
38,166,Blaine Gabbert,TB,QB,0.0,10/18/2020,Packers,W 38 - 10,0.0,1.0,0.0,0.0,0.0,0.0,0.0,0.0,39.6,3.0,2.0,0.7,0.0,0.0,0.0,0.0,0.0,0.0,0.0,0.0,0.0,0.0,0.0,0.2
39,50,Blake Bell,DAL,TE,0.0,10/20/2020,Cardinals,L 10 - 38,0.0,0.0,0.0,0.0,0.0,0.0,0.0,0.0,0.0,0.0,0.0,0.0,0.0,0.0,0.0,0.0,0.0,0.0,0.0,0.0,0.0,0.0,0.0,0.0
40,380,Boston Scott,PHI,RB,0.0,10/18/2020,Ravens,L 28 - 30,0.0,0.0,0.0,0.0,0.0,0.0,0.0,0.0,0.0,2.0,4.0,2.0,5.0,0.0,2.0,5.0,2.5,4.0,0.0,0.0,0.0,0.0,0.0,1.9
41,68,Brandin Cooks,HOU,WR,0.0,10/18/2020,@Titans,L 36 - 42,0.0,0.0,0.0,0.0,0.0,0.0,0.0,0.0,0.0,0.0,0.0,0.0,0.0,0.0,9.0,68.0,7.6,19.0,1.0,0.0,0.0,0.0,0.0,17.3
42,11,Brandon Aiyuk,SF,WR,0.0,10/19/2020,Rams,W 24 - 16,0.0,0.0,0.0,0.0,0.0,0.0,0.0,0.0,0.0,0.0,0.0,0.0,0.0,0.0,2.0,12.0,6.0,10.0,1.0,0.0,0.0,0.0,0.0,8.2
43,312,Brandon Powell,ATL,WR,0.0,10/18/2020,@Vikings,W 40 - 23,0.0,0.0,0.0,0.0,0.0,0.0,0.0,0.0,0.0,0.0,0.0,0.0,0.0,0.0,0.0,0.0,0.0,0.0,0.0,1.0,0.0,0.0,0.0,0.0
45,46,Braxton Berrios,NYJ,WR,0.0,10/18/2020,@Dolphins,L 0 - 24,0.0,0.0,0.0,0.0,0.0,0.0,0.0,0.0,0.0,0.0,0.0,0.0,0.0,0.0,1.0,18.0,18.0,18.0,0.0,0.0,0.0,0.0,0.0,2.3
46,318,Breshad Perriman,NYJ,WR,0.0,10/18/2020,@Dolphins,L 0 - 24,0.0,0.0,0.0,0.0,0.0,0.0,0.0,0.0,0.0,0.0,0.0,0.0,0.0,0.0,4.0,62.0,15.5,22.0,0.0,0.0,0.0,0.0,0.0,8.2
49,188,Brian Hill,ATL,RB,0.0,10/18/2020,@Vikings,W 40 - 23,0.0,0.0,0.0,0.0,0.0,0.0,0.0,0.0,0.0,10.0,28.0,2.8,9.0,0.0,2.0,6.0,3.0,3.0,0.0,1.0,1.0,0.0,0.0,2.4000000000000004
54,311,Byron Pringle,KC,WR,0.0,10/19/2020,@Bills,W 26 - 17,0.0,0.0,0.0,0.0,0.0,0.0,0.0,0.0,0.0,0.0,0.0,0.0,0.0,0.0,2.0,46.0,23.0,37.0,0.0,0.0,0.0,0.0,0.0,5.6000000000000005
56,42,C.J. Board,NYG,WR,0.0,10/18/2020,Football Team,W 20 - 19,0.0,0.0,0.0,0.0,0.0,0.0,0.0,0.0,0.0,0.0,0.0,0.0,0.0,0.0,1.0,8.0,8.0,8.0,0.0,0.0,0.0,0.0,0.0,1.3
58,343,Calvin Ridley,ATL,WR,0.0,10/18/2020,@Vikings,W 40 - 23,0.0,0.0,0.0,0.0,0.0,0.0,0.0,0.0,0.0,1.0,8.0,8.0,8.0,0.0,6.0,61.0,10.2,18.0,1.0,0.0,0.0,0.0,0.0,15.9
60,300,Cam Newton,NE,QB,0.0,10/18/2020,Broncos,L 12 - 18,17.0,25.0,157.0,6.3,0.0,2.0,4.0,24.0,51.6,10.0,76.0,7.6,0.0,1.0,0.0,0.0,0.0,0.0,0.0,2.0,0.0,0.0,0.0,17.880000000000003
61,373,Cam Sims,WSH,WR,0.0,10/18/2020,@Giants,L 19 - 20,0.0,0.0,0.0,0.0,0.0,0.0,0.0,0.0,0.0,0.0,0.0,0.0,0.0,0.0,1.0,22.0,22.0,22.0,1.0,0.0,0.0,0.0,0.0,8.7
62,58,Cameron Batson,TEN,WR,0.0,10/18/2020,Texans,W 42 - 36,0.0,0.0,0.0,0.0,0.0,0.0,0.0,0.0,0.0,0.0,0.0,0.0,0.0,0.0,1.0,13.0,13.0,13.0,0.0,0.0,0.0,0.0,0.0,1.8
63,33,Cameron Brate,TB,TE,0.0,10/18/2020,Packers,W 38 - 10,0.0,0.0,0.0,0.0,0.0,0.0,0.0,0.0,0.0,0.0,0.0,0.0,0.0,0.0,1.0,3.0,3.0,3.0,0.0,0.0,0.0,0.0,0.0,0.8
64,434,Carson Wentz,PHI,QB,0.0,10/18/2020,Ravens,L 28 - 30,21.0,40.0,213.0,5.3,2.0,0.0,6.0,43.0,84.7,5.0,49.0,9.8,0.0,1.0,0.0,0.0,0.0,0.0,0.0,1.0,1.0,0.0,0.0,25.42
65,251,Case Keenum,CLE,QB,0.0,10/18/2020,@Steelers,L 7 - 38,5.0,10.0,46.0,4.6,0.0,0.0,0.0,0.0,62.9,0.0,0.0,0.0,0.0,0.0,0.0,0.0,0.0,0.0,0.0,0.0,0.0,0.0,0.0,1.84
66,422,Ced Wilson,DAL,WR,0.0,10/20/2020,Cardinals,L 10 - 38,0.0,0.0,0.0,0.0,0.0,0.0,0.0,0.0,0.0,0.0,0.0,0.0,0.0,0.0,2.0,10.0,5.0,5.0,0.0,0.0,0.0,0.0,0.0,2.0
67,261,CeeDee Lamb,DAL,WR,0.0,10/20/2020,Cardinals,L 10 - 38,0.0,0.0,0.0,0.0,0.0,0.0,0.0,0.0,0.0,0.0,0.0,0.0,0.0,0.0,7.0,64.0,9.1,27.0,0.0,1.0,0.0,0.0,0.0,9.9
68,82,Cethan Carter,CIN,TE,0.0,10/18/2020,@Colts,L 27 - 31,0.0,0.0,0.0,0.0,0.0,0.0,0.0,0.0,0.0,0.0,0.0,0.0,0.0,0.0,0.0,0.0,0.0,0.0,0.0,0.0,0.0,0.0,0.0,0.0
69,51,Chad Beebe,MIN,WR,0.0,10/18/2020,Falcons,L 23 - 40,0.0,0.0,0.0,0.0,0.0,0.0,0.0,0.0,0.0,0.0,0.0,0.0,0.0,0.0,2.0,13.0,6.5,9.0,0.0,0.0,0.0,0.0,0.0,2.3
72,77,Chase Claypool,PIT,WR,0.0,10/18/2020,Browns,W 38 - 7,0.0,0.0,0.0,0.0,0.0,0.0,0.0,0.0,0.0,2.0,7.0,3.5,4.0,1.0,4.0,74.0,18.5,36.0,0.0,0.0,0.0,0.0,0.0,16.1
74,116,Chase Edmonds,ARI,RB,0.0,10/20/2020,@Cowboys,W 38 - 10,0.0,0.0,0.0,0.0,0.0,0.0,0.0,0.0,0.0,5.0,23.0,4.6,9.0,0.0,1.0,6.0,6.0,6.0,0.0,0.0,0.0,0.0,0.0,3.4000000000000004
75,71,Chris Conley,JAX,WR,0.0,10/18/2020,Lions,L 16 - 34,0.0,0.0,0.0,0.0,0.0,0.0,0.0,0.0,0.0,0.0,0.0,0.0,0.0,0.0,1.0,6.0,6.0,6.0,0.0,0.0,0.0,0.0,0.0,1.1
76,151,Chris Godwin,TB,WR,0.0,10/18/2020,Packers,W 38 - 10,0.0,0.0,0.0,0.0,0.0,0.0,0.0,0.0,0.0,0.0,0.0,0.0,0.0,0.0,5.0,48.0,9.6,25.0,0.0,0.0,0.0,0.0,0.0,7.300000000000001
78,296,Chris Manhertz,CAR,TE,0.0,10/18/2020,Bears,L 16 - 23,0.0,0.0,0.0,0.0,0.0,0.0,0.0,0.0,0.0,0.0,0.0,0.0,0.0,0.0,1.0,6.0,6.0,6.0,0.0,0.0,0.0,0.0,0.0,1.1
81,397,Chris Thompson,SF,RB,0.0,10/18/2020,Lions,L 16 - 34,0.0,0.0,0.0,0.0,0.0,0.0,0.0,0.0,0.0,0.0,0.0,0.0,0.0,0.0,3.0,15.0,5.0,8.0,0.0,0.0,0.0,0.0,0.0,3.0
82,45,Christian Blake,ATL,WR,0.0,10/18/2020,@Vikings,W 40 - 23,0.0,0.0,0.0,0.0,0.0,0.0,0.0,0.0,0.0,0.0,0.0,0.0,0.0,0.0,1.0,5.0,5.0,5.0,0.0,0.0,0.0,0.0,0.0,1.0
83,247,Christian Kirk,ARI,WR,0.0,10/20/2020,@Cowboys,W 38 - 10,0.0,0.0,0.0,0.0,0.0,0.0,0.0,0.0,0.0,0.0,0.0,0.0,0.0,0.0,2.0,86.0,43.0,80.0,2.0,0.0,0.0,0.0,0.0,21.6
84,114,Clyde Edwards-Helaire,KC,RB,0.0,10/19/2020,@Bills,W 26 - 17,0.0,0.0,0.0,0.0,0.0,0.0,0.0,0.0,0.0,26.0,161.0,6.2,31.0,0.0,4.0,8.0,2.0,8.0,0.0,0.0,0.0,0.0,0.0,18.900000000000002
85,54,Cole Beasley,BUF,WR,0.0,10/19/2020,Chiefs,L 17 - 26,0.0,0.0,0.0,0.0,0.0,0.0,0.0,0.0,0.0,0.0,0.0,0.0,0.0,0.0,4.0,45.0,11.3,22.0,1.0,0.0,0.0,0.0,0.0,12.5
86,244,Cole Kmet,CHI,TE,0.0,10/18/2020,@Panthers,W 23 - 16,0.0,0.0,0.0,0.0,0.0,0.0,0.0,0.0,0.0,0.0,0.0,0.0,0.0,0.0,2.0,20.0,10.0,11.0,1.0,0.0,0.0,0.0,0.0,9.0
90,241,Cooper Kupp,LAR,WR,0.0,10/19/2020,@49ers,L 16 - 24,0.0,0.0,0.0,0.0,0.0,0.0,0.0,0.0,0.0,0.0,0.0,0.0,0.0,0.0,3.0,11.0,3.7,7.0,0.0,0.0,0.0,0.0,0.0,2.6
91,323,Cordarrelle Patterson,CHI,WR,0.0,10/18/2020,@Panthers,W 23 - 16,0.0,0.0,0.0,0.0,0.0,0.0,0.0,0.0,0.0,1.0,1.0,1.0,1.0,0.0,1.0,8.0,8.0,8.0,0.0,0.0,0.0,0.0,0.0,1.4
95,143,Cyril Grayson,0,WR,0.0,10/18/2020,Packers,W 38 - 10,0.0,0.0,0.0,0.0,0.0,0.0,0.0,0.0,0.0,0.0,0.0,0.0,0.0,0.0,0.0,0.0,0.0,0.0,0.0,0.0,0.0,0.0,0.0,0.0
96,346,D'Andre Swift,DET,RB,0.0,10/18/2020,@Jaguars,W 34 - 16,0.0,0.0,0.0,0.0,0.0,0.0,0.0,0.0,0.0,14.0,116.0,8.3,54.0,2.0,3.0,7.0,2.3,3.0,0.0,0.0,0.0,0.0,0.0,25.8
97,223,D'Ernest Johnson,CLE,RB,0.0,10/18/2020,@Steelers,L 7 - 38,0.0,0.0,0.0,0.0,0.0,0.0,0.0,0.0,0.0,4.0,1.0,0.3,6.0,0.0,0.0,0.0,0.0,0.0,0.0,1.0,0.0,0.0,0.0,0.1
98,79,D.J. Chark,JAX,WR,0.0,10/18/2020,Lions,L 16 - 34,0.0,0.0,0.0,0.0,0.0,0.0,0.0,0.0,0.0,0.0,0.0,0.0,0.0,0.0,7.0,45.0,6.4,14.0,0.0,0.0,0.0,0.0,0.0,8.0
99,269,D.J. Moore,CAR,WR,0.0,10/18/2020,Bears,L 16 - 23,0.0,0.0,0.0,0.0,0.0,0.0,0.0,0.0,0.0,0.0,0.0,0.0,0.0,0.0,5.0,93.0,18.6,38.0,0.0,0.0,0.0,0.0,0.0,11.8
100,207,DaeSean Hamilton,DEN,WR,0.0,10/18/2020,@Patriots,W 18 - 12,0.0,0.0,0.0,0.0,0.0,0.0,0.0,0.0,0.0,0.0,0.0,0.0,0.0,0.0,0.0,0.0,0.0,0.0,0.0,0.0,0.0,0.0,0.0,0.0
102,381,Dalton Schultz,DAL,TE,0.0,10/20/2020,Cardinals,L 10 - 38,0.0,0.0,0.0,0.0,0.0,0.0,0.0,0.0,0.0,0.0,0.0,0.0,0.0,0.0,4.0,35.0,8.8,13.0,0.0,0.0,0.0,0.0,0.0,5.5
104,204,Damien Harris,NE,RB,0.0,10/18/2020,Broncos,L 12 - 18,0.0,0.0,0.0,0.0,0.0,0.0,0.0,0.0,0.0,6.0,19.0,3.2,6.0,0.0,1.0,14.0,14.0,14.0,0.0,0.0,0.0,0.0,0.0,3.8000000000000007
105,16,Damiere Byrd,NE,WR,0.0,10/18/2020,Broncos,L 12 - 18,0.0,0.0,0.0,0.0,0.0,0.0,0.0,0.0,0.0,0.0,0.0,0.0,0.0,0.0,3.0,38.0,12.7,19.0,0.0,1.0,0.0,0.0,0.0,5.300000000000001
110,218,Daniel Jones,NYG,QB,0.0,10/18/2020,Football Team,W 20 - 19,12.0,19.0,112.0,5.9,1.0,1.0,1.0,4.0,74.9,7.0,74.0,10.6,0.0,0.0,0.0,0.0,0.0,0.0,0.0,0.0,0.0,0.0,0.0,14.88
111,5,Danny Amendola,DET,WR,0.0,10/18/2020,@Jaguars,W 34 - 16,0.0,0.0,0.0,0.0,0.0,0.0,0.0,0.0,0.0,0.0,0.0,0.0,0.0,0.0,2.0,31.0,15.5,19.0,0.0,0.0,0.0,0.0,0.0,4.1
114,370,Darius Slayton,NYG,WR,0.0,10/18/2020,Football Team,W 20 - 19,0.0,0.0,0.0,0.0,0.0,0.0,0.0,0.0,0.0,1.0,-3.0,-3.0,-3.0,0.0,2.0,41.0,20.5,23.0,1.0,0.0,0.0,0.0,0.0,10.8
115,271,Darnell Mooney,CHI,WR,0.0,10/18/2020,@Panthers,W 23 - 16,0.0,0.0,0.0,0.0,0.0,0.0,0.0,0.0,0.0,0.0,0.0,0.0,0.0,0.0,3.0,36.0,12.0,18.0,0.0,0.0,0.0,0.0,0.0,5.1
116,425,Darrel Williams,KC,RB,0.0,10/19/2020,@Bills,W 26 - 17,0.0,0.0,0.0,0.0,0.0,0.0,0.0,0.0,0.0,6.0,26.0,4.3,13.0,1.0,1.0,15.0,15.0,15.0,0.0,0.0,0.0,0.0,0.0,10.6
117,103,Darrell Daniels,ARI,TE,0.0,10/20/2020,@Cowboys,W 38 - 10,0.0,0.0,0.0,0.0,0.0,0.0,0.0,0.0,0.0,0.0,0.0,0.0,0.0,0.0,1.0,1.0,1.0,1.0,0.0,0.0,0.0,0.0,0.0,0.6
118,196,Darrell Henderson,LAR,RB,0.0,10/19/2020,@49ers,L 16 - 24,0.0,0.0,0.0,0.0,0.0,0.0,0.0,0.0,0.0,14.0,88.0,6.3,18.0,0.0,0.0,4.0,0.0,4.0,0.0,0.0,0.0,0.0,0.0,9.200000000000001
119,134,Darren Fells,HOU,TE,0.0,10/18/2020,@Titans,L 36 - 42,0.0,0.0,0.0,0.0,0.0,0.0,0.0,0.0,0.0,0.0,0.0,0.0,0.0,0.0,6.0,85.0,14.2,35.0,1.0,0.0,0.0,0.0,0.0,17.5
120,375,Darrius Shepherd,GB,WR,0.0,10/18/2020,@Buccaneers,L 10 - 38,0.0,0.0,0.0,0.0,0.0,0.0,0.0,0.0,0.0,0.0,0.0,0.0,0.0,0.0,1.0,16.0,16.0,16.0,0.0,0.0,0.0,0.0,0.0,2.1
121,395,Darwin Thompson,KC,RB,0.0,10/19/2020,@Bills,W 26 - 17,0.0,0.0,0.0,0.0,0.0,0.0,0.0,0.0,0.0,3.0,17.0,5.7,11.0,0.0,0.0,0.0,0.0,0.0,0.0,0.0,0.0,0.0,0.0,1.7000000000000002
123,14,Davante Adams,GB,WR,0.0,10/18/2020,@Buccaneers,L 10 - 38,0.0,0.0,0.0,0.0,0.0,0.0,0.0,0.0,0.0,0.0,0.0,0.0,0.0,0.0,6.0,61.0,10.2,18.0,0.0,0.0,0.0,0.0,0.0,9.100000000000001
125,224,David Johnson,HOU,RB,0.0,10/18/2020,@Titans,L 36 - 42,0.0,0.0,0.0,0.0,0.0,0.0,0.0,0.0,0.0,19.0,57.0,3.0,11.0,1.0,1.0,12.0,12.0,12.0,0.0,0.0,0.0,0.0,0.0,13.399999999999999
126,272,David Montgomery,CHI,RB,0.0,10/18/2020,@Panthers,W 23 - 16,0.0,0.0,0.0,0.0,0.0,0.0,0.0,0.0,0.0,19.0,58.0,3.1,12.0,0.0,4.0,39.0,9.8,13.0,0.0,0.0,0.0,0.0,0.0,11.700000000000001
127,299,David Njoku,CLE,TE,0.0,10/18/2020,@Steelers,L 7 - 38,0.0,0.0,0.0,0.0,0.0,0.0,0.0,0.0,0.0,0.0,0.0,0.0,0.0,0.0,1.0,7.0,7.0,7.0,0.0,0.0,0.0,0.0,0.0,1.2000000000000002
129,202,De'Michael Harris,IND,WR,0.0,10/18/2020,Bengals,W 31 - 27,0.0,0.0,0.0,0.0,0.0,0.0,0.0,0.0,0.0,0.0,0.0,0.0,0.0,0.0,3.0,29.0,9.7,13.0,0.0,0.0,0.0,0.0,0.0,4.4
131,177,DeAndre Hopkins,ARI,WR,0.0,10/20/2020,@Cowboys,W 38 - 10,0.0,0.0,0.0,0.0,0.0,0.0,0.0,0.0,0.0,0.0,0.0,0.0,0.0,0.0,2.0,73.0,36.5,60.0,0.0,0.0,0.0,0.0,0.0,8.3
134,327,DeVante Parker,MIA,WR,0.0,10/18/2020,Jets,W 24 - 0,0.0,0.0,0.0,0.0,0.0,0.0,0.0,0.0,0.0,0.0,0.0,0.0,0.0,0.0,3.0,35.0,11.7,18.0,0.0,0.0,0.0,0.0,0.0,5.0
136,386,Deebo Samuel,SF,WR,0.0,10/19/2020,Rams,W 24 - 16,0.0,0.0,0.0,0.0,0.0,0.0,0.0,0.0,0.0,1.0,-6.0,-6.0,-6.0,0.0,6.0,66.0,11.0,35.0,1.0,0.0,0.0,0.0,0.0,15.0
137,337,Demarcus Robinson,KC,WR,0.0,10/19/2020,@Bills,W 26 - 17,0.0,0.0,0.0,0.0,0.0,0.0,0.0,0.0,0.0,0.0,0.0,0.0,0.0,0.0,5.0,69.0,13.8,22.0,0.0,0.0,0.0,0.0,0.0,9.4
138,203,Demetrius Harris,CHI,TE,0.0,10/18/2020,@Panthers,W 23 - 16,0.0,0.0,0.0,0.0,0.0,0.0,0.0,0.0,0.0,0.0,0.0,0.0,0.0,0.0,0.0,0.0,0.0,0.0,0.0,0.0,0.0,0.0,0.0,0.0
141,194,Derrick Henry,TEN,RB,0.0,10/18/2020,Texans,W 42 - 36,0.0,0.0,0.0,0.0,0.0,0.0,0.0,0.0,0.0,22.0,212.0,9.6,94.0,2.0,2.0,52.0,26.0,53.0,0.0,0.0,0.0,0.0,0.0,39.400000000000006
142,437,Deshaun Watson,HOU,QB,0.0,10/18/2020,@Titans,L 36 - 42,28.0,37.0,335.0,9.1,4.0,0.0,2.0,15.0,138.9,4.0,26.0,6.5,0.0,0.0,0.0,0.0,0.0,0.0,0.0,0.0,0.0,0.0,0.0,32.0
144,88,Devin Duvernay,BAL,WR,0.0,10/18/2020,@Eagles,W 30 - 28,0.0,0.0,0.0,0.0,0.0,0.0,0.0,0.0,0.0,0.0,0.0,0.0,0.0,0.0,3.0,31.0,10.3,17.0,0.0,0.0,0.0,0.0,0.0,4.6
145,372,Devin Singletary,BUF,RB,0.0,10/19/2020,Chiefs,L 17 - 26,0.0,0.0,0.0,0.0,0.0,0.0,0.0,0.0,0.0,10.0,32.0,3.2,10.0,0.0,1.0,13.0,13.0,13.0,0.0,0.0,0.0,0.0,0.0,5.0
146,124,Devonta Freeman,NYG,RB,0.0,10/18/2020,Football Team,W 20 - 19,0.0,0.0,0.0,0.0,0.0,0.0,0.0,0.0,0.0,18.0,61.0,3.4,14.0,0.0,1.0,-4.0,-4.0,-4.0,0.0,0.0,0.0,0.0,0.0,6.2
148,259,Dion Lewis,NYG,RB,0.0,10/18/2020,Football Team,W 20 - 19,0.0,0.0,0.0,0.0,0.0,0.0,0.0,0.0,0.0,0.0,0.0,0.0,0.0,0.0,1.0,10.0,10.0,10.0,0.0,0.0,0.0,0.0,0.0,1.5
150,357,Diontae Spencer,DEN,WR,0.0,10/18/2020,@Patriots,W 18 - 12,0.0,0.0,0.0,0.0,0.0,0.0,0.0,0.0,0.0,1.0,9.0,9.0,9.0,0.0,0.0,0.0,0.0,0.0,0.0,0.0,0.0,0.0,0.0,0.9
151,321,Donovan Peoples-Jones,CLE,WR,0.0,10/18/2020,@Steelers,L 7 - 38,0.0,0.0,0.0,0.0,0.0,0.0,0.0,0.0,0.0,0.0,0.0,0.0,0.0,0.0,0.0,0.0,0.0,0.0,0.0,0.0,0.0,0.0,0.0,0.0
152,185,Dontrell Hilliard,CLE,RB,0.0,10/18/2020,@Steelers,L 7 - 38,0.0,0.0,0.0,0.0,0.0,0.0,0.0,0.0,0.0,4.0,29.0,7.3,19.0,0.0,0.0,0.0,0.0,0.0,0.0,0.0,0.0,0.0,0.0,2.9000000000000004
153,211,Dontrelle Inman,WSH,WR,0.0,10/18/2020,@Giants,L 19 - 20,0.0,0.0,0.0,0.0,0.0,0.0,0.0,0.0,0.0,0.0,0.0,0.0,0.0,0.0,5.0,45.0,9.0,15.0,0.0,0.0,0.0,0.0,0.0,7.0
154,256,Drew Lock,DEN,QB,0.0,10/18/2020,@Patriots,W 18 - 12,10.0,24.0,189.0,7.9,0.0,2.0,2.0,25.0,34.9,5.0,-1.0,-0.2,0.0,0.0,0.0,0.0,0.0,0.0,0.0,1.0,0.0,0.0,0.0,5.460000000000001
155,388,Drew Sample,CIN,TE,0.0,10/18/2020,@Colts,L 27 - 31,0.0,0.0,0.0,0.0,0.0,0.0,0.0,0.0,0.0,0.0,0.0,0.0,0.0,0.0,0.0,0.0,0.0,0.0,0.0,0.0,0.0,0.0,0.0,0.0
156,230,Duke Johnson,HOU,RB,0.0,10/18/2020,@Titans,L 36 - 42,0.0,0.0,0.0,0.0,0.0,0.0,0.0,0.0,0.0,4.0,9.0,2.3,10.0,0.0,1.0,2.0,2.0,2.0,0.0,0.0,0.0,0.0,0.0,1.5999999999999999
157,360,Durham Smythe,MIA,TE,0.0,10/18/2020,Jets,W 24 - 0,0.0,0.0,0.0,0.0,0.0,0.0,0.0,0.0,0.0,0.0,0.0,0.0,0.0,0.0,1.0,4.0,4.0,4.0,1.0,0.0,0.0,0.0,0.0,6.9
161,354,Equanimeous St. Brown,GB,WR,0.0,10/18/2020,@Buccaneers,L 10 - 38,0.0,0.0,0.0,0.0,0.0,0.0,0.0,0.0,0.0,0.0,0.0,0.0,0.0,0.0,0.0,0.0,0.0,0.0,0.0,0.0,0.0,0.0,0.0,0.0
162,118,Eric Ebron,PIT,TE,0.0,10/18/2020,Browns,W 38 - 7,0.0,0.0,0.0,0.0,0.0,0.0,0.0,0.0,0.0,0.0,0.0,0.0,0.0,0.0,2.0,9.0,4.5,7.0,0.0,0.0,0.0,0.0,0.0,1.9
165,111,Evan Engram,NYG,TE,0.0,10/18/2020,Football Team,W 20 - 19,0.0,0.0,0.0,0.0,0.0,0.0,0.0,0.0,0.0,0.0,0.0,0.0,0.0,0.0,2.0,30.0,15.0,21.0,0.0,0.0,0.0,0.0,0.0,4.0
166,112,Ezekiel Elliott,DAL,RB,0.0,10/20/2020,Cardinals,L 10 - 38,0.0,0.0,0.0,0.0,0.0,0.0,0.0,0.0,0.0,12.0,49.0,4.1,11.0,0.0,8.0,31.0,3.9,11.0,0.0,2.0,2.0,0.0,0.0,8.0
167,147,Frank Gore,NYJ,RB,0.0,10/18/2020,@Dolphins,L 0 - 24,0.0,0.0,0.0,0.0,0.0,0.0,0.0,0.0,0.0,11.0,46.0,4.2,14.0,0.0,4.0,24.0,6.0,9.0,0.0,0.0,0.0,0.0,0.0,9.0
168,101,Gabriel Davis,BUF,WR,0.0,10/19/2020,Chiefs,L 17 - 26,0.0,0.0,0.0,0.0,0.0,0.0,0.0,0.0,0.0,0.0,0.0,0.0,0.0,0.0,1.0,7.0,7.0,7.0,0.0,0.0,0.0,0.0,0.0,1.2000000000000002
169,274,Gardner Minshew,JAX,QB,0.0,10/18/2020,Lions,L 16 - 34,25.0,44.0,243.0,5.5,1.0,1.0,1.0,12.0,70.5,3.0,14.0,4.7,0.0,1.0,0.0,0.0,0.0,0.0,0.0,1.0,1.0,0.0,0.0,18.12
171,347,Geoff Swaim,TEN,TE,0.0,10/18/2020,Texans,W 42 - 36,0.0,0.0,0.0,0.0,0.0,0.0,0.0,0.0,0.0,0.0,0.0,0.0,0.0,0.0,2.0,10.0,5.0,8.0,0.0,0.0,0.0,0.0,0.0,2.0
172,245,George Kittle,SF,TE,0.0,10/19/2020,Rams,W 24 - 16,0.0,0.0,0.0,0.0,0.0,0.0,0.0,0.0,0.0,0.0,0.0,0.0,0.0,0.0,7.0,109.0,15.6,44.0,1.0,0.0,0.0,0.0,0.0,20.4
173,106,Gerald Everett,LAR,TE,0.0,10/19/2020,@49ers,L 16 - 24,0.0,0.0,0.0,0.0,0.0,0.0,0.0,0.0,0.0,0.0,0.0,0.0,0.0,0.0,3.0,27.0,9.0,17.0,0.0,0.0,0.0,0.0,0.0,4.2
174,47,Giovani Bernard,CIN,RB,0.0,10/18/2020,@Colts,L 27 - 31,0.0,0.0,0.0,0.0,0.0,0.0,0.0,0.0,0.0,8.0,15.0,1.9,9.0,1.0,3.0,13.0,4.3,7.0,0.0,0.0,0.0,0.0,0.0,10.3
175,408,Golden Tate,NYG,WR,0.0,10/18/2020,Football Team,W 20 - 19,0.0,0.0,0.0,0.0,0.0,0.0,0.0,0.0,0.0,0.0,0.0,0.0,0.0,0.0,1.0,11.0,11.0,11.0,0.0,0.0,0.0,0.0,0.0,1.6
176,443,Greg Ward,PHI,WR,0.0,10/18/2020,Ravens,L 28 - 30,0.0,0.0,0.0,0.0,0.0,0.0,0.0,0.0,0.0,0.0,0.0,0.0,0.0,0.0,2.0,19.0,9.5,13.0,0.0,2.0,0.0,0.0,0.0,2.9000000000000004
178,115,Gus Edwards,BAL,RB,0.0,10/18/2020,@Eagles,W 30 - 28,0.0,0.0,0.0,0.0,0.0,0.0,0.0,0.0,0.0,14.0,26.0,1.9,7.0,1.0,0.0,0.0,0.0,0.0,0.0,0.0,0.0,0.0,0.0,8.6
180,22,Harrison Bryant,CLE,TE,0.0,10/18/2020,@Steelers,L 7 - 38,0.0,0.0,0.0,0.0,0.0,0.0,0.0,0.0,0.0,0.0,0.0,0.0,0.0,0.0,1.0,11.0,11.0,11.0,0.0,0.0,0.0,0.0,0.0,1.6
181,168,Hayden Hurst,ATL,TE,0.0,10/18/2020,@Vikings,W 40 - 23,0.0,0.0,0.0,0.0,0.0,0.0,0.0,0.0,0.0,0.0,0.0,0.0,0.0,0.0,4.0,57.0,14.3,35.0,1.0,0.0,0.0,0.0,0.0,13.7
182,401,Ian Thomas,CAR,TE,0.0,10/18/2020,Bears,L 16 - 23,0.0,0.0,0.0,0.0,0.0,0.0,0.0,0.0,0.0,0.0,0.0,0.0,0.0,0.0,1.0,9.0,9.0,9.0,0.0,0.0,0.0,0.0,0.0,1.4
183,368,Irv Smith,MIN,TE,0.0,10/18/2020,Falcons,L 23 - 40,0.0,0.0,0.0,0.0,0.0,0.0,0.0,0.0,0.0,0.0,0.0,0.0,0.0,0.0,4.0,55.0,13.8,36.0,0.0,0.0,0.0,0.0,0.0,7.5
186,286,Isaiah McKenzie,BUF,WR,0.0,10/19/2020,Chiefs,L 17 - 26,0.0,0.0,0.0,0.0,0.0,0.0,0.0,0.0,0.0,0.0,0.0,0.0,0.0,0.0,1.0,4.0,4.0,4.0,0.0,0.0,0.0,0.0,0.0,0.9
187,415,Isaiah Wright,WSH,WR,0.0,10/18/2020,@Giants,L 19 - 20,0.0,0.0,0.0,0.0,0.0,0.0,0.0,0.0,0.0,1.0,1.0,1.0,1.0,0.0,4.0,25.0,6.3,12.0,0.0,0.0,0.0,0.0,0.0,4.6
188,448,Isaiah Zuber,0,WR,0.0,10/18/2020,Broncos,L 12 - 18,0.0,0.0,0.0,0.0,0.0,0.0,0.0,0.0,0.0,0.0,0.0,0.0,0.0,0.0,1.0,16.0,16.0,16.0,0.0,0.0,0.0,0.0,0.0,2.1
189,366,Ito Smith,ATL,RB,0.0,10/18/2020,@Vikings,W 40 - 23,0.0,0.0,0.0,0.0,0.0,0.0,0.0,0.0,0.0,2.0,8.0,4.0,4.0,0.0,1.0,17.0,17.0,17.0,0.0,0.0,0.0,0.0,0.0,3.0
190,283,J.D. McKissic,WSH,RB,0.0,10/18/2020,@Giants,L 19 - 20,0.0,0.0,0.0,0.0,0.0,0.0,0.0,0.0,0.0,8.0,41.0,5.1,14.0,0.0,6.0,43.0,7.2,13.0,0.0,0.0,0.0,0.0,0.0,11.4
191,2,J.J. Arcega-Whiteside,PHI,WR,0.0,10/18/2020,Ravens,L 28 - 30,0.0,0.0,0.0,0.0,0.0,0.0,0.0,0.0,0.0,0.0,0.0,0.0,0.0,0.0,0.0,0.0,0.0,0.0,0.0,0.0,0.0,0.0,0.0,0.0
193,95,J.K. Dobbins,BAL,RB,0.0,10/18/2020,@Eagles,W 30 - 28,0.0,0.0,0.0,0.0,0.0,0.0,0.0,0.0,0.0,9.0,28.0,3.1,16.0,0.0,2.0,1.0,0.5,2.0,0.0,0.0,0.0,0.0,0.0,3.9000000000000004
195,199,JaMycal Hasty,SF,RB,0.0,10/19/2020,Rams,W 24 - 16,0.0,0.0,0.0,0.0,0.0,0.0,0.0,0.0,0.0,9.0,37.0,4.1,10.0,0.0,0.0,0.0,0.0,0.0,0.0,0.0,0.0,0.0,0.0,3.7
197,92,Jack Doyle,IND,TE,0.0,10/18/2020,Bengals,W 31 - 27,0.0,0.0,0.0,0.0,0.0,0.0,0.0,0.0,0.0,0.0,0.0,0.0,0.0,0.0,3.0,29.0,9.7,17.0,1.0,1.0,1.0,0.0,0.0,8.4
204,144,Jakeem Grant,MIA,WR,0.0,10/18/2020,Jets,W 24 - 0,0.0,0.0,0.0,0.0,0.0,0.0,0.0,0.0,0.0,0.0,0.0,0.0,0.0,0.0,4.0,48.0,12.0,30.0,0.0,0.0,0.0,0.0,0.0,6.800000000000001
206,167,Jalen Hurts,PHI,QB,0.0,10/18/2020,Ravens,L 28 - 30,0.0,0.0,0.0,0.0,0.0,0.0,0.0,0.0,0.0,2.0,23.0,11.5,0.0,0.0,0.0,0.0,0.0,0.0,0.0,0.0,0.0,0.0,0.0,2.3000000000000003
207,424,Jamaal Williams,GB,RB,0.0,10/18/2020,@Buccaneers,L 10 - 38,0.0,0.0,0.0,0.0,0.0,0.0,0.0,0.0,0.0,4.0,34.0,8.5,25.0,0.0,0.0,0.0,0.0,0.0,0.0,0.0,0.0,0.0,0.0,3.4000000000000004
208,13,Jamal Agnew,DET,WR,0.0,10/18/2020,@Jaguars,W 34 - 16,0.0,0.0,0.0,0.0,0.0,0.0,0.0,0.0,0.0,0.0,0.0,0.0,0.0,0.0,2.0,17.0,8.5,11.0,0.0,0.0,0.0,0.0,0.0,2.7
209,70,James Conner,PIT,RB,0.0,10/18/2020,Browns,W 38 - 7,0.0,0.0,0.0,0.0,0.0,0.0,0.0,0.0,0.0,20.0,101.0,5.1,14.0,1.0,1.0,1.0,1.0,1.0,0.0,0.0,0.0,0.0,0.0,16.700000000000003
211,303,James O'Shaughnessy,JAX,TE,0.0,10/18/2020,Lions,L 16 - 34,0.0,0.0,0.0,0.0,0.0,0.0,0.0,0.0,0.0,0.0,0.0,0.0,0.0,0.0,0.0,0.0,0.0,0.0,0.0,0.0,0.0,0.0,0.0,0.0
213,336,James Robinson,JAX,RB,0.0,10/18/2020,Lions,L 16 - 34,0.0,0.0,0.0,0.0,0.0,0.0,0.0,0.0,0.0,12.0,29.0,2.4,8.0,0.0,4.0,24.0,6.0,14.0,1.0,1.0,0.0,0.0,0.0,13.3
214,440,James Washington,PIT,WR,0.0,10/18/2020,Browns,W 38 - 7,0.0,0.0,0.0,0.0,0.0,0.0,0.0,0.0,0.0,0.0,0.0,0.0,0.0,0.0,4.0,68.0,17.0,28.0,1.0,0.0,0.0,0.0,0.0,14.8
215,430,James White,NE,RB,0.0,10/18/2020,Broncos,L 12 - 18,0.0,0.0,0.0,0.0,0.0,0.0,0.0,0.0,0.0,4.0,8.0,2.0,3.0,0.0,8.0,65.0,8.1,22.0,0.0,0.0,0.0,0.0,0.0,11.3
216,61,Jamison Crowder,NYJ,WR,0.0,10/18/2020,@Dolphins,L 0 - 24,0.0,0.0,0.0,0.0,0.0,0.0,0.0,0.0,0.0,0.0,0.0,0.0,0.0,0.0,7.0,48.0,6.9,13.0,0.0,0.0,0.0,0.0,0.0,8.3
217,150,Jared Goff,LAR,QB,0.0,10/19/2020,@49ers,L 16 - 24,19.0,38.0,198.0,5.2,2.0,1.0,0.0,0.0,72.0,1.0,10.0,10.0,0.0,0.0,0.0,0.0,0.0,0.0,0.0,0.0,0.0,0.0,0.0,15.92
219,260,Jarvis Landry,CLE,WR,0.0,10/18/2020,@Steelers,L 7 - 38,0.0,0.0,0.0,0.0,0.0,0.0,0.0,0.0,0.0,0.0,0.0,0.0,0.0,0.0,3.0,40.0,13.3,24.0,0.0,0.0,0.0,0.0,0.0,5.5
220,62,Jason Croom,0,TE,0.0,10/18/2020,Ravens,L 28 - 30,0.0,0.0,0.0,0.0,0.0,0.0,0.0,0.0,0.0,0.0,0.0,0.0,0.0,0.0,1.0,3.0,3.0,3.0,1.0,0.0,0.0,0.0,0.0,6.8
226,365,Jeff Smith,NYJ,WR,0.0,10/18/2020,@Dolphins,L 0 - 24,0.0,0.0,0.0,0.0,0.0,0.0,0.0,0.0,0.0,0.0,0.0,0.0,0.0,0.0,1.0,8.0,8.0,8.0,0.0,0.0,0.0,0.0,0.0,1.3
229,281,Jeremy McNichols,TEN,RB,0.0,10/18/2020,Texans,W 42 - 36,0.0,0.0,0.0,0.0,0.0,0.0,0.0,0.0,0.0,5.0,51.0,10.2,20.0,0.0,2.0,11.0,5.5,9.0,0.0,0.0,0.0,0.0,0.0,7.200000000000001
231,284,Jerick McKinnon,SF,RB,0.0,10/19/2020,Rams,W 24 - 16,0.0,0.0,0.0,0.0,0.0,0.0,0.0,0.0,0.0,6.0,18.0,3.0,5.0,0.0,2.0,10.0,5.0,8.0,0.0,0.0,0.0,0.0,0.0,3.8
232,231,Jerry Jeudy,DEN,WR,0.0,10/18/2020,@Patriots,W 18 - 12,0.0,0.0,0.0,0.0,0.0,0.0,0.0,0.0,0.0,0.0,0.0,0.0,0.0,0.0,2.0,32.0,16.0,16.0,0.0,0.0,0.0,0.0,0.0,4.2
233,237,Jesse James,DET,TE,0.0,10/18/2020,@Jaguars,W 34 - 16,0.0,0.0,0.0,0.0,0.0,0.0,0.0,0.0,0.0,0.0,0.0,0.0,0.0,0.0,1.0,3.0,3.0,3.0,0.0,0.0,0.0,0.0,0.0,0.8
234,161,Jimmy Garoppolo,SF,QB,0.0,10/19/2020,Rams,W 24 - 16,23.0,33.0,268.0,8.1,3.0,0.0,0.0,0.0,124.3,4.0,8.0,2.0,0.0,0.0,0.0,0.0,0.0,0.0,0.0,0.0,0.0,0.0,0.0,23.52
235,145,Jimmy Graham,CHI,TE,0.0,10/18/2020,@Panthers,W 23 - 16,0.0,0.0,0.0,0.0,0.0,0.0,0.0,0.0,0.0,0.0,0.0,0.0,0.0,0.0,5.0,34.0,6.8,10.0,0.0,0.0,0.0,0.0,0.0,5.9
236,20,Joe Burrow,CIN,QB,0.0,10/18/2020,@Colts,L 27 - 31,25.0,39.0,313.0,8.0,0.0,1.0,2.0,13.0,78.3,3.0,2.0,0.7,0.0,1.0,0.0,0.0,0.0,0.0,0.0,0.0,0.0,0.0,0.0,17.72
237,129,Joe Flacco,NYJ,QB,0.0,10/18/2020,@Dolphins,L 0 - 24,21.0,44.0,186.0,4.2,0.0,1.0,3.0,38.0,50.0,1.0,0.0,0.0,0.0,0.0,0.0,0.0,0.0,0.0,0.0,1.0,0.0,0.0,0.0,6.44
238,273,Joe Mixon,CIN,RB,0.0,10/18/2020,@Colts,L 27 - 31,0.0,0.0,0.0,0.0,0.0,0.0,0.0,0.0,0.0,18.0,54.0,3.0,9.0,1.0,2.0,15.0,7.5,8.0,0.0,0.0,0.0,0.0,0.0,13.9
239,26,John Brown,BUF,WR,0.0,10/19/2020,Chiefs,L 17 - 26,0.0,0.0,0.0,0.0,0.0,0.0,0.0,0.0,0.0,0.0,0.0,0.0,0.0,0.0,0.0,0.0,0.0,0.0,0.0,0.0,0.0,0.0,0.0,0.0
240,189,John Hightower,PHI,WR,0.0,10/18/2020,Ravens,L 28 - 30,0.0,0.0,0.0,0.0,0.0,0.0,0.0,0.0,0.0,0.0,0.0,0.0,0.0,0.0,1.0,50.0,50.0,50.0,0.0,0.0,0.0,0.0,0.0,5.5
245,406,Jonathan Taylor,IND,RB,0.0,10/18/2020,Bengals,W 31 - 27,0.0,0.0,0.0,0.0,0.0,0.0,0.0,0.0,0.0,12.0,60.0,5.0,21.0,0.0,4.0,55.0,13.8,22.0,0.0,0.0,0.0,0.0,0.0,13.5
247,364,Jonnu Smith,TEN,TE,0.0,10/18/2020,Texans,W 42 - 36,0.0,0.0,0.0,0.0,0.0,0.0,0.0,0.0,0.0,0.0,0.0,0.0,0.0,0.0,1.0,13.0,13.0,13.0,0.0,0.0,0.0,0.0,0.0,1.8
252,427,Jordan Wilkins,IND,RB,0.0,10/18/2020,Bengals,W 31 - 27,0.0,0.0,0.0,0.0,0.0,0.0,0.0,0.0,0.0,1.0,-1.0,-1.0,-1.0,0.0,0.0,0.0,0.0,0.0,0.0,0.0,0.0,0.0,0.0,-0.1
253,7,Josh Allen,BUF,QB,0.0,10/19/2020,Chiefs,L 17 - 26,14.0,27.0,122.0,4.5,2.0,1.0,0.0,0.0,73.4,8.0,42.0,5.3,0.0,0.0,0.0,0.0,0.0,0.0,0.0,0.0,0.0,0.0,0.0,16.08
254,344,Josh Reynolds,LAR,WR,0.0,10/19/2020,@49ers,L 16 - 24,0.0,0.0,0.0,0.0,0.0,0.0,0.0,0.0,0.0,0.0,0.0,0.0,0.0,0.0,2.0,45.0,22.5,40.0,1.0,0.0,0.0,0.0,0.0,11.5
256,361,JuJu Smith-Schuster,PIT,WR,0.0,10/18/2020,Browns,W 38 - 7,0.0,0.0,0.0,0.0,0.0,0.0,0.0,0.0,0.0,0.0,0.0,0.0,0.0,0.0,2.0,6.0,3.0,5.0,0.0,0.0,0.0,0.0,0.0,1.6
257,117,Julian Edelman,NE,WR,0.0,10/18/2020,Broncos,L 12 - 18,0.0,0.0,0.0,0.0,0.0,0.0,0.0,0.0,0.0,0.0,0.0,0.0,0.0,0.0,2.0,8.0,4.0,10.0,0.0,0.0,0.0,0.0,0.0,1.8
258,216,Julio Jones,ATL,WR,0.0,10/18/2020,@Vikings,W 40 - 23,0.0,0.0,0.0,0.0,0.0,0.0,0.0,0.0,0.0,0.0,0.0,0.0,0.0,0.0,8.0,137.0,17.1,40.0,2.0,0.0,0.0,0.0,0.0,29.700000000000003
260,234,Justin Jefferson,MIN,WR,0.0,10/18/2020,Falcons,L 23 - 40,0.0,0.0,0.0,0.0,0.0,0.0,0.0,0.0,0.0,0.0,0.0,0.0,0.0,0.0,9.0,166.0,18.4,49.0,2.0,0.0,0.0,0.0,0.0,33.1
264,369,Kaden Smith,NYG,TE,0.0,10/18/2020,Football Team,W 20 - 19,0.0,0.0,0.0,0.0,0.0,0.0,0.0,0.0,0.0,0.0,0.0,0.0,0.0,0.0,3.0,15.0,5.0,9.0,0.0,0.0,0.0,0.0,0.0,3.0
265,345,Kalif Raymond,TEN,WR,0.0,10/18/2020,Texans,W 42 - 36,0.0,0.0,0.0,0.0,0.0,0.0,0.0,0.0,0.0,0.0,0.0,0.0,0.0,0.0,3.0,32.0,10.7,20.0,0.0,0.0,0.0,0.0,0.0,4.7
266,170,Kareem Hunt,CLE,RB,0.0,10/18/2020,@Steelers,L 7 - 38,0.0,0.0,0.0,0.0,0.0,0.0,0.0,0.0,0.0,13.0,40.0,3.1,10.0,0.0,2.0,17.0,8.5,12.0,0.0,0.0,0.0,0.0,0.0,6.7
267,412,Ke'Shawn Vaughn,TB,RB,0.0,10/18/2020,Packers,W 38 - 10,0.0,0.0,0.0,0.0,0.0,0.0,0.0,0.0,0.0,5.0,42.0,8.4,19.0,0.0,0.0,0.0,0.0,0.0,0.0,0.0,0.0,0.0,0.0,4.2
269,73,Keelan Cole,JAX,WR,0.0,10/18/2020,Lions,L 16 - 34,0.0,0.0,0.0,0.0,0.0,0.0,0.0,0.0,0.0,0.0,0.0,0.0,0.0,0.0,6.0,143.0,23.8,51.0,0.0,0.0,0.0,0.0,0.0,17.3
270,246,Keith Kirkwood,CAR,WR,0.0,10/18/2020,Bears,L 16 - 23,0.0,0.0,0.0,0.0,0.0,0.0,0.0,0.0,0.0,0.0,0.0,0.0,0.0,0.0,1.0,13.0,13.0,13.0,0.0,0.0,0.0,0.0,0.0,1.8
272,40,Kendrick Bourne,SF,WR,0.0,10/19/2020,Rams,W 24 - 16,0.0,0.0,0.0,0.0,0.0,0.0,0.0,0.0,0.0,0.0,0.0,0.0,0.0,0.0,2.0,44.0,22.0,25.0,0.0,0.0,0.0,0.0,0.0,5.4
273,149,Kenny Golladay,DET,WR,0.0,10/18/2020,@Jaguars,W 34 - 16,0.0,0.0,0.0,0.0,0.0,0.0,0.0,0.0,0.0,0.0,0.0,0.0,0.0,0.0,4.0,105.0,26.3,48.0,0.0,0.0,0.0,0.0,0.0,12.5
275,91,Kenyan Drake,ARI,RB,0.0,10/20/2020,@Cowboys,W 38 - 10,0.0,0.0,0.0,0.0,0.0,0.0,0.0,0.0,0.0,20.0,164.0,8.2,69.0,2.0,0.0,0.0,0.0,0.0,0.0,0.0,0.0,0.0,0.0,28.400000000000002
276,222,Kerryon Johnson,DET,RB,0.0,10/18/2020,@Jaguars,W 34 - 16,0.0,0.0,0.0,0.0,0.0,0.0,0.0,0.0,0.0,4.0,9.0,2.3,9.0,0.0,1.0,11.0,11.0,11.0,0.0,0.0,0.0,0.0,0.0,2.5
278,44,Khari Blasingame,TEN,RB,0.0,10/18/2020,Texans,W 42 - 36,0.0,0.0,0.0,0.0,0.0,0.0,0.0,0.0,0.0,0.0,0.0,0.0,0.0,0.0,0.0,0.0,0.0,0.0,0.0,0.0,0.0,0.0,0.0,0.0
279,65,Kirk Cousins,MIN,QB,0.0,10/18/2020,Falcons,L 23 - 40,24.0,36.0,343.0,9.5,3.0,3.0,1.0,10.0,90.4,0.0,0.0,0.0,0.0,0.0,0.0,0.0,0.0,0.0,0.0,0.0,0.0,0.0,0.0,22.72
280,6,Kyle Allen,WSH,QB,0.0,10/18/2020,@Giants,L 19 - 20,31.0,42.0,280.0,6.7,2.0,1.0,3.0,29.0,97.3,2.0,8.0,4.0,0.0,0.0,0.0,0.0,0.0,0.0,0.0,1.0,1.0,0.0,0.0,17.000000000000004
281,330,Kyle Rudolph,MIN,TE,0.0,10/18/2020,Falcons,L 23 - 40,0.0,0.0,0.0,0.0,0.0,0.0,0.0,0.0,0.0,0.0,0.0,0.0,0.0,0.0,3.0,47.0,15.7,19.0,0.0,0.0,0.0,0.0,0.0,6.2
282,263,Kyler Murray,ARI,QB,0.0,10/20/2020,@Cowboys,W 38 - 10,9.0,24.0,188.0,7.8,2.0,0.0,1.0,11.0,93.8,10.0,74.0,7.4,0.0,1.0,0.0,0.0,0.0,0.0,0.0,0.0,0.0,0.0,0.0,28.92
283,320,La'Mical Perine,NYJ,RB,0.0,10/18/2020,@Dolphins,L 0 - 24,0.0,0.0,0.0,0.0,0.0,0.0,0.0,0.0,0.0,7.0,27.0,3.9,13.0,0.0,2.0,9.0,4.5,7.0,0.0,0.0,0.0,0.0,0.0,4.6000000000000005
284,239,Lamar Jackson,BAL,QB,0.0,10/18/2020,@Eagles,W 30 - 28,16.0,27.0,186.0,6.9,1.0,0.0,3.0,13.0,92.5,9.0,108.0,12.0,0.0,1.0,0.0,0.0,0.0,0.0,0.0,0.0,0.0,0.0,0.0,28.240000000000002
285,131,Larry Fitzgerald,ARI,WR,0.0,10/20/2020,@Cowboys,W 38 - 10,0.0,0.0,0.0,0.0,0.0,0.0,0.0,0.0,0.0,0.0,0.0,0.0,0.0,0.0,3.0,22.0,7.3,11.0,0.0,0.0,0.0,0.0,0.0,3.7
286,376,Laviska Shenault Jr.,JAX,WR,0.0,10/18/2020,Lions,L 16 - 34,0.0,0.0,0.0,0.0,0.0,0.0,0.0,0.0,0.0,1.0,1.0,1.0,1.0,0.0,3.0,10.0,3.3,4.0,0.0,0.0,0.0,0.0,0.0,2.6
288,289,LeSean McCoy,TB,RB,0.0,10/18/2020,Packers,W 38 - 10,0.0,0.0,0.0,0.0,0.0,0.0,0.0,0.0,0.0,4.0,1.0,0.3,2.0,0.0,1.0,6.0,6.0,6.0,0.0,0.0,0.0,0.0,0.0,1.2000000000000002
292,399,Logan Thomas,WSH,TE,0.0,10/18/2020,@Giants,L 19 - 20,0.0,0.0,0.0,0.0,0.0,0.0,0.0,0.0,0.0,0.0,0.0,0.0,0.0,0.0,3.0,42.0,14.0,29.0,1.0,0.0,0.0,0.0,0.0,11.7
297,25,Malcolm Brown,LAR,RB,0.0,10/19/2020,@49ers,L 16 - 24,0.0,0.0,0.0,0.0,0.0,0.0,0.0,0.0,0.0,2.0,4.0,2.0,3.0,0.0,3.0,18.0,6.0,7.0,0.0,0.0,0.0,0.0,0.0,3.7
299,405,Malik Taylor,GB,WR,0.0,10/18/2020,@Buccaneers,L 10 - 38,0.0,0.0,0.0,0.0,0.0,0.0,0.0,0.0,0.0,0.0,0.0,0.0,0.0,0.0,0.0,0.0,0.0,0.0,0.0,0.0,0.0,0.0,0.0,0.0
301,258,Marcedes Lewis,GB,TE,0.0,10/18/2020,@Buccaneers,L 10 - 38,0.0,0.0,0.0,0.0,0.0,0.0,0.0,0.0,0.0,0.0,0.0,0.0,0.0,0.0,0.0,0.0,0.0,0.0,0.0,0.0,0.0,0.0,0.0,0.0
303,221,Marcus Johnson,IND,WR,0.0,10/18/2020,Bengals,W 31 - 27,0.0,0.0,0.0,0.0,0.0,0.0,0.0,0.0,0.0,0.0,0.0,0.0,0.0,0.0,5.0,108.0,21.6,55.0,0.0,0.0,0.0,0.0,0.0,13.3
305,3,Mark Andrews,BAL,TE,0.0,10/18/2020,@Eagles,W 30 - 28,0.0,0.0,0.0,0.0,0.0,0.0,0.0,0.0,0.0,0.0,0.0,0.0,0.0,0.0,2.0,21.0,10.5,11.0,0.0,0.0,0.0,0.0,0.0,3.1
306,212,Mark Ingram,BAL,RB,0.0,10/18/2020,@Eagles,W 30 - 28,0.0,0.0,0.0,0.0,0.0,0.0,0.0,0.0,0.0,5.0,20.0,4.0,9.0,0.0,0.0,0.0,0.0,0.0,0.0,0.0,0.0,0.0,0.0,2.0
307,414,Marquez Valdes-Scantling,GB,WR,0.0,10/18/2020,@Buccaneers,L 10 - 38,0.0,0.0,0.0,0.0,0.0,0.0,0.0,0.0,0.0,0.0,0.0,0.0,0.0,0.0,3.0,32.0,10.7,15.0,0.0,0.0,0.0,0.0,0.0,4.7
308,28,Marquise Brown,BAL,WR,0.0,10/18/2020,@Eagles,W 30 - 28,0.0,0.0,0.0,0.0,0.0,0.0,0.0,0.0,0.0,0.0,0.0,0.0,0.0,0.0,4.0,57.0,14.3,20.0,0.0,0.0,0.0,0.0,0.0,7.7
309,208,Marvin Hall,DET,WR,0.0,10/18/2020,@Jaguars,W 34 - 16,0.0,0.0,0.0,0.0,0.0,0.0,0.0,0.0,0.0,1.0,1.0,1.0,1.0,0.0,1.0,6.0,6.0,6.0,0.0,0.0,0.0,0.0,0.0,1.2000000000000002
310,217,Marvin Jones,DET,WR,0.0,10/18/2020,@Jaguars,W 34 - 16,0.0,0.0,0.0,0.0,0.0,0.0,0.0,0.0,0.0,0.0,0.0,0.0,0.0,0.0,2.0,8.0,4.0,6.0,0.0,0.0,0.0,0.0,0.0,1.8
311,331,Mason Rudolph,PIT,QB,0.0,10/18/2020,Browns,W 38 - 7,1.0,1.0,6.0,6.0,0.0,0.0,0.0,0.0,91.7,3.0,-3.0,-1.0,0.0,0.0,0.0,0.0,0.0,0.0,0.0,0.0,0.0,0.0,0.0,-0.06000000000000005
314,32,Matt Breida,MIA,RB,0.0,10/18/2020,Jets,W 24 - 0,0.0,0.0,0.0,0.0,0.0,0.0,0.0,0.0,0.0,6.0,15.0,2.5,5.0,0.0,2.0,7.0,3.5,10.0,0.0,0.0,0.0,0.0,0.0,3.2
315,329,Matt Ryan,ATL,QB,0.0,10/18/2020,@Vikings,W 40 - 23,30.0,40.0,371.0,9.3,4.0,0.0,2.0,8.0,136.6,4.0,8.0,2.0,0.0,0.0,0.0,0.0,0.0,0.0,0.0,0.0,0.0,0.0,0.0,31.64
318,355,Matthew Stafford,DET,QB,0.0,10/18/2020,@Jaguars,W 34 - 16,19.0,31.0,223.0,7.2,1.0,1.0,0.0,0.0,80.4,5.0,14.0,2.8,0.0,0.0,0.0,0.0,0.0,0.0,0.0,0.0,0.0,0.0,0.0,13.32
319,205,Mecole Hardman,KC,WR,0.0,10/19/2020,@Bills,W 26 - 17,0.0,0.0,0.0,0.0,0.0,0.0,0.0,0.0,0.0,0.0,0.0,0.0,0.0,0.0,0.0,0.0,0.0,0.0,0.0,0.0,0.0,0.0,0.0,0.0
321,163,Michael Gallup,DAL,WR,0.0,10/20/2020,Cardinals,L 10 - 38,0.0,0.0,0.0,0.0,0.0,0.0,0.0,0.0,0.0,0.0,0.0,0.0,0.0,0.0,2.0,23.0,11.5,17.0,0.0,0.0,0.0,0.0,0.0,3.3000000000000003
322,41,Mike Boone,MIN,RB,0.0,10/18/2020,Falcons,L 23 - 40,0.0,0.0,0.0,0.0,0.0,0.0,0.0,0.0,0.0,1.0,-1.0,-1.0,-1.0,0.0,1.0,6.0,6.0,6.0,0.0,0.0,0.0,0.0,0.0,1.0
323,100,Mike Davis,CAR,RB,0.0,10/18/2020,Bears,L 16 - 23,0.0,0.0,0.0,0.0,0.0,0.0,0.0,0.0,0.0,18.0,52.0,2.9,12.0,1.0,2.0,3.0,1.5,2.0,0.0,1.0,1.0,0.0,0.0,10.5
324,107,Mike Evans,TB,WR,0.0,10/18/2020,Packers,W 38 - 10,0.0,0.0,0.0,0.0,0.0,0.0,0.0,0.0,0.0,0.0,0.0,0.0,0.0,0.0,1.0,10.0,10.0,10.0,0.0,0.0,0.0,0.0,0.0,1.5
325,158,Mike Gesicki,MIA,TE,0.0,10/18/2020,Jets,W 24 - 0,0.0,0.0,0.0,0.0,0.0,0.0,0.0,0.0,0.0,0.0,0.0,0.0,0.0,0.0,0.0,0.0,0.0,0.0,0.0,0.0,0.0,0.0,0.0,0.0
327,398,Mike Thomas,CIN,WR,0.0,10/18/2020,@Colts,L 27 - 31,0.0,0.0,0.0,0.0,0.0,0.0,0.0,0.0,0.0,0.0,0.0,0.0,0.0,0.0,1.0,10.0,10.0,10.0,0.0,0.0,0.0,0.0,0.0,1.5
329,37,Miles Boykin,BAL,WR,0.0,10/18/2020,@Eagles,W 30 - 28,0.0,0.0,0.0,0.0,0.0,0.0,0.0,0.0,0.0,0.0,0.0,0.0,0.0,0.0,1.0,11.0,11.0,11.0,0.0,0.0,0.0,0.0,0.0,1.6
330,384,Miles Sanders,PHI,RB,0.0,10/18/2020,Ravens,L 28 - 30,0.0,0.0,0.0,0.0,0.0,0.0,0.0,0.0,0.0,9.0,118.0,13.1,74.0,0.0,1.0,-6.0,-6.0,-6.0,0.0,1.0,0.0,0.0,0.0,11.700000000000001
333,160,Myles Gaskin,MIA,RB,0.0,10/18/2020,Jets,W 24 - 0,0.0,0.0,0.0,0.0,0.0,0.0,0.0,0.0,0.0,18.0,91.0,5.1,15.0,0.0,4.0,35.0,8.8,16.0,0.0,0.0,0.0,0.0,0.0,14.6
334,201,N'Keal Harry,NE,WR,0.0,10/18/2020,Broncos,L 12 - 18,0.0,0.0,0.0,0.0,0.0,0.0,0.0,0.0,0.0,0.0,0.0,0.0,0.0,0.0,0.0,0.0,0.0,0.0,0.0,0.0,0.0,0.0,0.0,0.0
336,36,Nick Boyle,BAL,TE,0.0,10/18/2020,@Eagles,W 30 - 28,0.0,0.0,0.0,0.0,0.0,0.0,0.0,0.0,0.0,0.0,0.0,0.0,0.0,0.0,3.0,33.0,11.0,17.0,1.0,0.0,0.0,0.0,0.0,10.8
337,128,Nick Foles,CHI,QB,0.0,10/18/2020,@Panthers,W 23 - 16,23.0,39.0,198.0,5.1,1.0,1.0,0.0,0.0,70.2,5.0,4.0,0.8,0.0,1.0,0.0,0.0,0.0,0.0,0.0,0.0,0.0,0.0,0.0,17.32
338,250,Nick Keizer,KC,TE,0.0,10/19/2020,@Bills,W 26 - 17,0.0,0.0,0.0,0.0,0.0,0.0,0.0,0.0,0.0,0.0,0.0,0.0,0.0,0.0,1.0,2.0,2.0,2.0,0.0,0.0,0.0,0.0,0.0,0.7
340,413,Nick Vannett,DEN,TE,0.0,10/18/2020,@Patriots,W 18 - 12,0.0,0.0,0.0,0.0,0.0,0.0,0.0,0.0,0.0,0.0,0.0,0.0,0.0,0.0,1.0,7.0,7.0,7.0,0.0,0.0,0.0,0.0,0.0,1.2000000000000002
342,24,Noah Brown,DAL,WR,0.0,10/20/2020,Cardinals,L 10 - 38,0.0,0.0,0.0,0.0,0.0,0.0,0.0,0.0,0.0,0.0,0.0,0.0,0.0,0.0,2.0,15.0,7.5,14.0,0.0,0.0,0.0,0.0,0.0,2.5
346,183,Nyheim Hines,IND,RB,0.0,10/18/2020,Bengals,W 31 - 27,0.0,0.0,0.0,0.0,0.0,0.0,0.0,0.0,0.0,0.0,0.0,0.0,0.0,0.0,5.0,27.0,5.4,11.0,0.0,0.0,0.0,0.0,0.0,5.2
347,52,Odell Beckham Jr.,CLE,WR,0.0,10/18/2020,@Steelers,L 7 - 38,0.0,0.0,0.0,0.0,0.0,0.0,0.0,0.0,0.0,0.0,0.0,0.0,0.0,0.0,2.0,25.0,12.5,13.0,0.0,0.0,0.0,0.0,0.0,3.5
348,449,Olamide Zaccheaus,ATL,WR,0.0,10/18/2020,@Vikings,W 40 - 23,0.0,0.0,0.0,0.0,0.0,0.0,0.0,0.0,0.0,0.0,0.0,0.0,0.0,0.0,0.0,0.0,0.0,0.0,0.0,0.0,0.0,0.0,0.0,0.0
350,262,Patrick Laird,MIA,RB,0.0,10/18/2020,Jets,W 24 - 0,0.0,0.0,0.0,0.0,0.0,0.0,0.0,0.0,0.0,0.0,0.0,0.0,0.0,0.0,1.0,2.0,2.0,2.0,0.0,0.0,0.0,0.0,0.0,0.7
351,297,Patrick Mahomes,KC,QB,0.0,10/19/2020,@Bills,W 26 - 17,21.0,26.0,225.0,8.7,2.0,0.0,1.0,4.0,128.4,10.0,36.0,3.6,0.0,0.0,0.0,0.0,0.0,0.0,0.0,1.0,0.0,0.0,0.0,20.6
352,60,Peyton Barber,WSH,RB,0.0,10/18/2020,@Giants,L 19 - 20,0.0,0.0,0.0,0.0,0.0,0.0,0.0,0.0,0.0,4.0,6.0,1.5,4.0,0.0,1.0,4.0,4.0,4.0,0.0,0.0,0.0,0.0,0.0,1.5
353,23,Pharaoh Brown,HOU,TE,0.0,10/18/2020,@Titans,L 36 - 42,0.0,0.0,0.0,0.0,0.0,0.0,0.0,0.0,0.0,0.0,0.0,0.0,0.0,0.0,2.0,28.0,14.0,22.0,0.0,0.0,0.0,0.0,0.0,3.8000000000000003
355,341,Philip Rivers,IND,QB,0.0,10/18/2020,Bengals,W 31 - 27,29.0,44.0,371.0,8.4,3.0,1.0,1.0,0.0,105.4,1.0,-1.0,-1.0,0.0,0.0,0.0,0.0,0.0,0.0,0.0,0.0,0.0,0.0,0.0,25.74
356,257,Phillip Lindsay,DEN,RB,0.0,10/18/2020,@Patriots,W 18 - 12,0.0,0.0,0.0,0.0,0.0,0.0,0.0,0.0,0.0,23.0,101.0,4.4,20.0,0.0,0.0,0.0,0.0,0.0,0.0,0.0,0.0,0.0,0.0,10.100000000000001
357,423,Preston Williams,MIA,WR,0.0,10/18/2020,Jets,W 24 - 0,0.0,0.0,0.0,0.0,0.0,0.0,0.0,0.0,0.0,0.0,0.0,0.0,0.0,0.0,2.0,18.0,9.0,15.0,1.0,0.0,0.0,0.0,0.0,8.8
361,266,Raheem Mostert,SF,RB,0.0,10/19/2020,Rams,W 24 - 16,0.0,0.0,0.0,0.0,0.0,0.0,0.0,0.0,0.0,17.0,65.0,3.8,15.0,0.0,2.0,11.0,5.5,7.0,0.0,0.0,0.0,0.0,0.0,8.6
362,74,Randall Cobb,HOU,WR,0.0,10/18/2020,@Titans,L 36 - 42,0.0,0.0,0.0,0.0,0.0,0.0,0.0,0.0,0.0,0.0,0.0,0.0,0.0,0.0,3.0,17.0,5.7,7.0,1.0,0.0,0.0,0.0,0.0,9.2
363,191,Rashard Higgins,CLE,WR,0.0,10/18/2020,@Steelers,L 7 - 38,0.0,0.0,0.0,0.0,0.0,0.0,0.0,0.0,0.0,0.0,0.0,0.0,0.0,0.0,1.0,13.0,13.0,13.0,1.0,0.0,0.0,0.0,0.0,7.8
364,291,Ray-Ray McCloud,PIT,WR,0.0,10/18/2020,Browns,W 38 - 7,0.0,0.0,0.0,0.0,0.0,0.0,0.0,0.0,0.0,0.0,0.0,0.0,0.0,0.0,0.0,0.0,0.0,0.0,0.0,0.0,0.0,0.0,0.0,0.0
367,21,Rex Burkhead,NE,RB,0.0,10/18/2020,Broncos,L 12 - 18,0.0,0.0,0.0,0.0,0.0,0.0,0.0,0.0,0.0,5.0,14.0,2.8,7.0,0.0,0.0,0.0,0.0,0.0,0.0,0.0,0.0,0.0,0.0,1.4000000000000001
368,334,Richard Rodgers,PHI,TE,0.0,10/18/2020,Ravens,L 28 - 30,0.0,0.0,0.0,0.0,0.0,0.0,0.0,0.0,0.0,0.0,0.0,0.0,0.0,0.0,3.0,31.0,10.3,16.0,0.0,0.0,0.0,0.0,0.0,4.6
370,379,Ricky Seals-Jones,KC,TE,0.0,10/19/2020,@Bills,W 26 - 17,0.0,0.0,0.0,0.0,0.0,0.0,0.0,0.0,0.0,0.0,0.0,0.0,0.0,0.0,0.0,0.0,0.0,0.0,0.0,0.0,0.0,0.0,0.0,0.0
371,93,Rico Dowdle,DAL,RB,0.0,10/20/2020,Cardinals,L 10 - 38,0.0,0.0,0.0,0.0,0.0,0.0,0.0,0.0,0.0,3.0,13.0,4.3,7.0,0.0,0.0,0.0,0.0,0.0,0.0,0.0,0.0,0.0,0.0,1.3
373,137,Rob Gronkowski,TB,TE,0.0,10/18/2020,Packers,W 38 - 10,0.0,0.0,0.0,0.0,0.0,0.0,0.0,0.0,0.0,0.0,0.0,0.0,0.0,0.0,5.0,78.0,15.6,31.0,1.0,0.0,0.0,0.0,0.0,16.3
374,4,Robby Anderson,CAR,WR,0.0,10/18/2020,Bears,L 16 - 23,0.0,0.0,0.0,0.0,0.0,0.0,0.0,0.0,0.0,0.0,0.0,0.0,0.0,0.0,4.0,77.0,19.3,39.0,0.0,0.0,0.0,0.0,0.0,9.7
376,391,Robert Tonyan,GB,TE,0.0,10/18/2020,@Buccaneers,L 10 - 38,0.0,0.0,0.0,0.0,0.0,0.0,0.0,0.0,0.0,0.0,0.0,0.0,0.0,0.0,3.0,25.0,8.3,11.0,0.0,0.0,0.0,0.0,0.0,4.0
377,417,Robert Woods,LAR,WR,0.0,10/19/2020,@49ers,L 16 - 24,0.0,0.0,0.0,0.0,0.0,0.0,0.0,0.0,0.0,2.0,11.0,5.5,7.0,0.0,4.0,29.0,7.3,12.0,1.0,0.0,0.0,0.0,0.0,12.0
378,215,Ronald Jones,TB,RB,0.0,10/18/2020,Packers,W 38 - 10,0.0,0.0,0.0,0.0,0.0,0.0,0.0,0.0,0.0,23.0,113.0,4.9,25.0,2.0,2.0,8.0,4.0,6.0,0.0,0.0,0.0,0.0,0.0,25.1
380,123,Royce Freeman,DEN,RB,0.0,10/18/2020,@Patriots,W 18 - 12,0.0,0.0,0.0,0.0,0.0,0.0,0.0,0.0,0.0,8.0,26.0,3.3,11.0,0.0,1.0,4.0,4.0,4.0,0.0,0.0,0.0,0.0,0.0,3.5
381,165,Russell Gage,ATL,WR,0.0,10/18/2020,@Vikings,W 40 - 23,0.0,0.0,0.0,0.0,0.0,0.0,0.0,0.0,0.0,0.0,0.0,0.0,0.0,0.0,4.0,65.0,16.3,27.0,0.0,0.0,0.0,0.0,0.0,8.5
383,130,Ryan Fitzpatrick,MIA,QB,0.0,10/18/2020,Jets,W 24 - 0,18.0,27.0,191.0,7.1,3.0,2.0,2.0,8.0,93.3,1.0,4.0,4.0,0.0,0.0,0.0,0.0,0.0,0.0,0.0,0.0,0.0,0.0,0.0,18.04
385,139,Ryan Griffin,TB,TE,0.0,10/18/2020,@Dolphins,L 0 - 24,0.0,0.0,0.0,0.0,0.0,0.0,0.0,0.0,0.0,0.0,0.0,0.0,0.0,0.0,2.0,17.0,8.5,9.0,0.0,0.0,0.0,0.0,0.0,2.7
386,209,Ryan Izzo,NE,TE,0.0,10/18/2020,Broncos,L 12 - 18,0.0,0.0,0.0,0.0,0.0,0.0,0.0,0.0,0.0,0.0,0.0,0.0,0.0,0.0,3.0,38.0,12.7,16.0,0.0,1.0,1.0,0.0,0.0,3.3000000000000007
388,410,Ryan Tannehill,TEN,QB,0.0,10/18/2020,Texans,W 42 - 36,30.0,41.0,366.0,8.9,4.0,1.0,2.0,22.0,122.6,0.0,0.0,0.0,0.0,0.0,0.0,0.0,0.0,0.0,0.0,1.0,1.0,0.0,0.0,27.64
391,319,Samaje Perine,CIN,RB,0.0,10/18/2020,@Colts,L 27 - 31,0.0,0.0,0.0,0.0,0.0,0.0,0.0,0.0,0.0,1.0,0.0,0.0,0.0,0.0,0.0,0.0,0.0,0.0,0.0,0.0,0.0,0.0,0.0,0.0
393,275,Scott Miller,TB,WR,0.0,10/18/2020,Packers,W 38 - 10,0.0,0.0,0.0,0.0,0.0,0.0,0.0,0.0,0.0,0.0,0.0,0.0,0.0,0.0,1.0,6.0,6.0,6.0,0.0,0.0,0.0,0.0,0.0,1.1
397,98,Stefon Diggs,BUF,WR,0.0,10/19/2020,Chiefs,L 17 - 26,0.0,0.0,0.0,0.0,0.0,0.0,0.0,0.0,0.0,0.0,0.0,0.0,0.0,0.0,6.0,46.0,7.7,15.0,1.0,0.0,0.0,0.0,0.0,13.600000000000001
399,182,T.J. Hockenson,DET,TE,0.0,10/18/2020,@Jaguars,W 34 - 16,0.0,0.0,0.0,0.0,0.0,0.0,0.0,0.0,0.0,0.0,0.0,0.0,0.0,0.0,2.0,17.0,8.5,16.0,1.0,0.0,0.0,0.0,0.0,8.7
401,184,T.Y. Hilton,IND,WR,0.0,10/18/2020,Bengals,W 31 - 27,0.0,0.0,0.0,0.0,0.0,0.0,0.0,0.0,0.0,0.0,0.0,0.0,0.0,0.0,1.0,11.0,11.0,11.0,0.0,0.0,0.0,0.0,0.0,1.6
406,153,Ted Ginn,0,WR,0.0,10/18/2020,@Panthers,W 23 - 16,0.0,0.0,0.0,0.0,0.0,0.0,0.0,0.0,0.0,0.0,0.0,0.0,0.0,0.0,0.0,0.0,0.0,0.0,0.0,1.0,0.0,0.0,0.0,0.0
407,31,Teddy Bridgewater,CAR,QB,0.0,10/18/2020,Bears,L 16 - 23,16.0,29.0,216.0,7.4,0.0,2.0,4.0,25.0,50.4,8.0,48.0,6.0,0.0,0.0,0.0,0.0,0.0,0.0,0.0,0.0,0.0,0.0,0.0,11.440000000000001
408,190,Tee Higgins,CIN,WR,0.0,10/18/2020,@Colts,L 27 - 31,0.0,0.0,0.0,0.0,0.0,0.0,0.0,0.0,0.0,1.0,2.0,2.0,2.0,0.0,6.0,125.0,20.8,67.0,0.0,0.0,0.0,0.0,0.0,15.7
410,282,Terry McLaurin,WSH,WR,0.0,10/18/2020,@Giants,L 19 - 20,0.0,0.0,0.0,0.0,0.0,0.0,0.0,0.0,0.0,0.0,0.0,0.0,0.0,0.0,7.0,74.0,10.6,20.0,0.0,0.0,0.0,0.0,0.0,10.9
411,35,Tim Boyle,GB,QB,0.0,10/18/2020,@Buccaneers,L 10 - 38,0.0,0.0,0.0,0.0,0.0,0.0,1.0,11.0,-1.0,0.0,0.0,0.0,0.0,0.0,0.0,0.0,0.0,0.0,0.0,1.0,0.0,0.0,0.0,0.0
412,324,Tim Patrick,DEN,WR,0.0,10/18/2020,@Patriots,W 18 - 12,0.0,0.0,0.0,0.0,0.0,0.0,0.0,0.0,0.0,0.0,0.0,0.0,0.0,0.0,4.0,101.0,25.3,41.0,0.0,0.0,0.0,0.0,0.0,12.100000000000001
413,136,Todd Gurley,ATL,RB,0.0,10/18/2020,@Vikings,W 40 - 23,0.0,0.0,0.0,0.0,0.0,0.0,0.0,0.0,0.0,20.0,47.0,2.4,9.0,0.0,3.0,20.0,6.7,14.0,0.0,0.0,0.0,0.0,0.0,8.2
414,34,Tom Brady,TB,QB,0.0,10/18/2020,Packers,W 38 - 10,17.0,27.0,166.0,6.1,2.0,0.0,0.0,0.0,104.9,0.0,0.0,0.0,0.0,0.0,0.0,0.0,0.0,0.0,0.0,0.0,0.0,0.0,0.0,14.64
415,313,Tony Pollard,DAL,RB,0.0,10/20/2020,Cardinals,L 10 - 38,0.0,0.0,0.0,0.0,0.0,0.0,0.0,0.0,0.0,10.0,31.0,3.1,12.0,0.0,2.0,9.0,4.5,5.0,0.0,0.0,0.0,0.0,0.0,5.0
417,121,Travis Fulgham,PHI,WR,0.0,10/18/2020,Ravens,L 28 - 30,0.0,0.0,0.0,0.0,0.0,0.0,0.0,0.0,0.0,0.0,0.0,0.0,0.0,0.0,6.0,75.0,12.5,19.0,1.0,0.0,0.0,0.0,0.0,16.5
418,249,Travis Kelce,KC,TE,0.0,10/19/2020,@Bills,W 26 - 17,0.0,0.0,0.0,0.0,0.0,0.0,0.0,0.0,0.0,0.0,0.0,0.0,0.0,0.0,5.0,65.0,13.0,20.0,2.0,1.0,1.0,0.0,0.0,19.0
421,403,Trent Taylor,SF,WR,0.0,10/19/2020,Rams,W 24 - 16,0.0,0.0,0.0,0.0,0.0,0.0,0.0,0.0,0.0,0.0,0.0,0.0,0.0,0.0,1.0,8.0,8.0,8.0,0.0,0.0,0.0,0.0,0.0,1.3
422,84,Trenton Cannon,CAR,RB,0.0,10/18/2020,Bears,L 16 - 23,0.0,0.0,0.0,0.0,0.0,0.0,0.0,0.0,0.0,3.0,12.0,4.0,10.0,0.0,2.0,15.0,7.5,19.0,0.0,0.0,0.0,0.0,0.0,3.7
424,19,Trey Burton,IND,TE,0.0,10/18/2020,Bengals,W 31 - 27,0.0,0.0,0.0,0.0,0.0,0.0,0.0,0.0,0.0,1.0,1.0,1.0,1.0,1.0,4.0,58.0,14.5,20.0,1.0,0.0,0.0,0.0,0.0,19.9
426,411,Tua Tagovailoa,MIA,QB,0.0,10/18/2020,Jets,W 24 - 0,2.0,2.0,9.0,4.5,0.0,0.0,0.0,0.0,85.4,0.0,0.0,0.0,0.0,0.0,0.0,0.0,0.0,0.0,0.0,0.0,0.0,0.0,0.0,0.36
427,227,Ty Johnson,NYJ,RB,0.0,10/18/2020,@Dolphins,L 0 - 24,0.0,0.0,0.0,0.0,0.0,0.0,0.0,0.0,0.0,3.0,42.0,14.0,34.0,0.0,0.0,0.0,0.0,0.0,0.0,0.0,0.0,0.0,0.0,4.2
428,38,Tyler Boyd,CIN,WR,0.0,10/18/2020,@Colts,L 27 - 31,0.0,0.0,0.0,0.0,0.0,0.0,0.0,0.0,0.0,1.0,25.0,25.0,25.0,0.0,5.0,54.0,10.8,23.0,0.0,1.0,0.0,0.0,0.0,10.4
430,99,Tyler Davis,JAX,TE,0.0,10/18/2020,Lions,L 16 - 34,0.0,0.0,0.0,0.0,0.0,0.0,0.0,0.0,0.0,0.0,0.0,0.0,0.0,0.0,0.0,0.0,0.0,0.0,0.0,0.0,0.0,0.0,0.0,0.0
433,192,Tyler Higbee,LAR,TE,0.0,10/19/2020,@49ers,L 16 - 24,0.0,0.0,0.0,0.0,0.0,0.0,0.0,0.0,0.0,0.0,0.0,0.0,0.0,0.0,3.0,56.0,18.7,31.0,0.0,0.0,0.0,0.0,0.0,7.1000000000000005
434,220,Tyler Johnson,TB,WR,0.0,10/18/2020,Packers,W 38 - 10,0.0,0.0,0.0,0.0,0.0,0.0,0.0,0.0,0.0,0.0,0.0,0.0,0.0,0.0,1.0,7.0,7.0,7.0,1.0,0.0,0.0,0.0,0.0,7.2
435,242,Tyler Kroft,BUF,TE,0.0,10/19/2020,Chiefs,L 17 - 26,0.0,0.0,0.0,0.0,0.0,0.0,0.0,0.0,0.0,0.0,0.0,0.0,0.0,0.0,1.0,7.0,7.0,7.0,0.0,0.0,0.0,0.0,0.0,1.2000000000000002
436,186,Tyreek Hill,KC,WR,0.0,10/19/2020,@Bills,W 26 - 17,0.0,0.0,0.0,0.0,0.0,0.0,0.0,0.0,0.0,1.0,5.0,5.0,5.0,0.0,3.0,20.0,6.7,8.0,0.0,0.0,0.0,0.0,0.0,4.0
438,233,Van Jefferson,LAR,WR,0.0,10/19/2020,@49ers,L 16 - 24,0.0,0.0,0.0,0.0,0.0,0.0,0.0,0.0,0.0,0.0,0.0,0.0,0.0,0.0,1.0,8.0,8.0,8.0,0.0,0.0,0.0,0.0,0.0,1.3
442,120,Will Fuller,HOU,WR,0.0,10/18/2020,@Titans,L 36 - 42,0.0,0.0,0.0,0.0,0.0,0.0,0.0,0.0,0.0,0.0,0.0,0.0,0.0,0.0,6.0,123.0,20.5,53.0,1.0,0.0,0.0,0.0,0.0,21.3
444,359,Willie Snead,BAL,WR,0.0,10/18/2020,@Eagles,W 30 - 28,0.0,0.0,0.0,0.0,0.0,0.0,0.0,0.0,0.0,0.0,0.0,0.0,0.0,0.0,1.0,32.0,32.0,32.0,0.0,1.0,0.0,0.0,0.0,3.7
446,109,Zach Ertz,PHI,TE,0.0,10/18/2020,Ravens,L 28 - 30,0.0,0.0,0.0,0.0,0.0,0.0,0.0,0.0,0.0,0.0,0.0,0.0,0.0,0.0,4.0,33.0,8.3,11.0,0.0,0.0,0.0,0.0,0.0,5.300000000000001
448,326,Zach Pascal,IND,WR,0.0,10/18/2020,Bengals,W 31 - 27,0.0,0.0,0.0,0.0,0.0,0.0,0.0,0.0,0.0,0.0,0.0,0.0,0.0,0.0,4.0,54.0,13.5,22.0,1.0,0.0,0.0,0.0,0.0,13.4
449,267,Zack Moss,BUF,RB,0.0,10/19/2020,Chiefs,L 17 - 26,0.0,0.0,0.0,0.0,0.0,0.0,0.0,0.0,0.0,5.0,10.0,2.0,4.0,0.0,0.0,0.0,0.0,0.0,0.0,0.0,0.0,0.0,0.0,1.0
