,Name,Team,Position,Salary
416,Christian McCaffrey,CAR,RB,10000.0
270,Ezekiel Elliott,DAL,RB,9500.0
329,Alvin Kamara,NO,RB,9300.0
470,Patrick Mahomes II,KC,QB,9000.0
107,DeAndre Hopkins,ARI,WR,9000.0
352,Davante Adams,GB,WR,8900.0
274,Derrick Henry,TEN,RB,8900.0
517,Josh Allen,BUF,QB,8800.0
112,Russell Wilson,SEA,QB,8700.0
180,Michael Thomas,NO,WR,8600.0
292,Aaron Jones,GB,RB,8500.0
549,Kyler Murray,ARI,QB,8400.0
590,Calvin Ridley,ATL,WR,8400.0
90,Julio Jones,ATL,WR,8300.0
648,Aaron Rodgers,GB,QB,8100.0
392,Nick Chubb,CLE,RB,8000.0
395,Tyreek Hill,KC,WR,8000.0
414,Deshaun Watson,HOU,QB,8000.0
721,Miles Sanders,PHI,RB,7900.0
245,Travis Kelce,KC,TE,7900.0
736,Josh Jacobs,LV,RB,7800.0
627,Matt Ryan,ATL,QB,7800.0
220,Amari Cooper,DAL,WR,7800.0
213,Mike Davis,CAR,RB,7700.0
616,Drew Brees,NO,QB,7700.0
88,Cam Newton,NE,QB,7600.0
403,Kenny Golladay,DET,WR,7600.0
576,Chris Carson,SEA,RB,7600.0
261,Jared Goff,LAR,QB,7500.0
135,Stefon Diggs,BUF,WR,7500.0
654,Justin Herbert,LAC,QB,7500.0
370,Joe Mixon,CIN,RB,7400.0
615,Tom Brady,TB,QB,7400.0
625,Ben Roethlisberger,PIT,QB,7400.0
433,Chris Godwin,TB,WR,7400.0
151,Tyler Lockett,SEA,WR,7400.0
676,Carson Wentz,PHI,QB,7400.0
630,Matthew Stafford,DET,QB,7300.0
740,D.K. Metcalf,SEA,WR,7300.0
110,Ryan Tannehill,TEN,QB,7300.0
241,Mike Evans,TB,WR,7300.0
297,James Conner,PIT,RB,7200.0
92,Andy Dalton,DAL,QB,7200.0
510,Gardner Minshew II,JAC,QB,7200.0
453,Terry McLaurin,WAS,WR,7100.0
342,Kareem Hunt,CLE,RB,7100.0
754,Cooper Kupp,LAR,WR,7100.0
279,George Kittle,SF,TE,7100.0
540,Joe Burrow,CIN,QB,7100.0
314,Baker Mayfield,CLE,QB,7000.0
785,Clyde Edwards-Helaire,KC,RB,7000.0
265,Mitchell Trubisky,CHI,QB,7000.0
191,Keenan Allen,LAC,WR,7000.0
328,Will Fuller V,HOU,WR,6900.0
571,Drew Lock,DEN,QB,6900.0
351,Derek Carr,LV,QB,6900.0
202,Robert Woods,LAR,WR,6900.0
134,Darren Waller,LV,TE,6800.0
114,Nick Foles,CHI,QB,6800.0
181,Allen Robinson II,CHI,WR,6800.0
737,A.J. Brown,TEN,WR,6800.0
246,Teddy Bridgewater,CAR,QB,6800.0
186,Melvin Gordon III,DEN,RB,6700.0
555,Sam Darnold,NYJ,QB,6700.0
227,Odell Beckham Jr.,CLE,WR,6700.0
389,Kyle Allen,WAS,QB,6700.0
165,C.J. Beathard,SF,QB,6600.0
408,Jimmy Garoppolo,SF,QB,6600.0
532,D.J. Moore,CAR,WR,6600.0
551,Daniel Jones,NYG,QB,6600.0
212,Todd Gurley II,ATL,RB,6600.0
634,Joe Flacco,NYJ,QB,6500.0
183,Raheem Mostert,SF,RB,6500.0
385,D.J. Chark Jr.,JAC,WR,6500.0
761,Austin Ekeler,LAC,RB,6500.0
442,JuJu Smith-Schuster,PIT,WR,6500.0
145,Robby Anderson,CAR,WR,6400.0
745,Dwayne Haskins,WAS,QB,6400.0
742,Chase Claypool,PIT,WR,6400.0
763,Alex Smith,WAS,QB,6400.0
66,James Robinson,JAC,RB,6400.0
100,Tyrod Taylor,LAC,QB,6300.0
316,Nick Mullens,SF,QB,6300.0
129,Jamison Crowder,NYJ,WR,6300.0
519,David Johnson,HOU,RB,6300.0
674,Darrell Henderson,LAR,RB,6300.0
361,Jonnu Smith,TEN,TE,6200.0
687,Devin Singletary,BUF,RB,6200.0
489,Jarrett Stidham,NE,QB,6200.0
815,Joshua Kelley,LAC,RB,6200.0
565,Darius Slayton,NYG,WR,6200.0
753,Brian Hoyer,NE,QB,6200.0
794,CeeDee Lamb,DAL,WR,6200.0
209,Jeff Driskel,DEN,QB,6100.0
661,Jalen Hurts,PHI,QB,6100.0
497,Brett Rypien,DEN,QB,6100.0
205,Zach Ertz,PHI,TE,6100.0
200,Matt Barkley,BUF,QB,6100.0
556,Ronald Jones II,TB,RB,6100.0
26,Emmanuel Sanders,NO,WR,6100.0
813,D'Andre Swift,DET,RB,6100.0
420,Justin Jackson,LAC,RB,6100.0
749,Jared Cook,NO,TE,6100.0
418,Clayton Thorson,NYG,QB,6000.0
493,Kendall Hinton,DEN,QB,6000.0
638,Matt Moore,KC,QB,6000.0
320,Phillip Walker,CAR,QB,6000.0
772,Kyle Lauletta,CLE,QB,6000.0
224,Brandon Allen,CIN,QB,6000.0
712,Noah Fant,DEN,TE,6000.0
632,Matt Schaub,ATL,QB,6000.0
502,James Morgan,NYJ,QB,6000.0
637,Josh McCown,PHI,QB,6000.0
387,Jake Luton,JAC,QB,6000.0
568,Josh Love,LAR,QB,6000.0
343,Logan Woodside,TEN,QB,6000.0
814,Jake Fromm,BUF,QB,6000.0
149,Geno Smith,SEA,QB,6000.0
718,Anthony Gordon,SEA,QB,6000.0
295,Tyler Boyd,CIN,WR,6000.0
767,Robert Tonyan,GB,TE,6000.0
164,Nate Sudfeld,PHI,QB,6000.0
449,John Wolford,LAR,QB,6000.0
803,Jordan Ta'amu,KC,QB,6000.0
365,Manny Wilkins,GB,QB,6000.0
828,Devlin Hodges,PIT,QB,6000.0
666,Darius Bradwell,LAC,QB,6000.0
355,Ryan Finley,CIN,QB,6000.0
518,Josh Rosen,TB,QB,6000.0
523,Travis Jonsen,TB,QB,6000.0
293,Tim Boyle,GB,QB,6000.0
280,Davis Webb,BUF,QB,6000.0
363,Will Grier,CAR,QB,6000.0
529,Nick Tiano,HOU,QB,6000.0
500,J'mar Smith,NE,QB,6000.0
665,Shea Patterson,KC,QB,6000.0
233,Dak Prescott,DAL,QB,6000.0
195,Marcus Mariota,LV,QB,6000.0
172,Trevor Siemian,TEN,QB,6000.0
575,Steven Montez,WAS,QB,6000.0
170,Le'Veon Bell,KC,RB,6000.0
377,David Blough,DET,QB,6000.0
237,Garrett Gilbert,DAL,QB,6000.0
273,Kurt Benkert,ATL,QB,6000.0
272,Danny Etling,SEA,QB,6000.0
69,Kevin Davidson,CLE,QB,6000.0
216,Nathan Peterman,LV,QB,6000.0
732,Cole McDonald,TEN,QB,6000.0
649,Jordan Love,GB,QB,6000.0
750,Chad Henne,KC,QB,6000.0
471,DeShone Kizer,LV,QB,6000.0
221,AJ McCarron,HOU,QB,6000.0
596,Brian Lewerke,NE,QB,6000.0
482,Bryce Perkins,LAR,QB,6000.0
546,Ben DiNucci,DAL,QB,6000.0
219,Kenyan Drake,ARI,RB,6000.0
206,Brett Hundley,ARI,QB,6000.0
12,Jake Dolegala,NE,QB,6000.0
509,Josh Thomas,BUF,QB,6000.0
217,Tyler Bray,CHI,QB,6000.0
512,Tommy Stevens,NO,QB,6000.0
290,Joshua Dobbs,PIT,QB,6000.0
91,Blaine Gabbert,TB,QB,6000.0
1,Easton Stick,LAC,QB,6000.0
746,David Montgomery,CHI,RB,6000.0
407,Alex McGough,HOU,QB,6000.0
24,Colt McCoy,NYG,QB,6000.0
122,Case Keenum,CLE,QB,6000.0
558,Kyle Shurmur,KC,QB,6000.0
341,Cooper Rush,NYG,QB,6000.0
507,Riley Neal,DEN,QB,6000.0
396,Mason Rudolph,PIT,QB,6000.0
138,Mike Glennon,JAC,QB,6000.0
248,Paxton Lynch,PIT,QB,6000.0
72,Broc Rutter,SF,QB,6000.0
336,David Fales,NYJ,QB,6000.0
269,Chris Streveler,ARI,QB,6000.0
252,Ryan Griffin,TB,QB,6000.0
131,Jameis Winston,NO,QB,6000.0
651,Khalil Tate,PHI,QB,6000.0
752,Julian Edelman,NE,WR,6000.0
80,Jalen Morton,GB,QB,6000.0
311,Phillip Lindsay,DEN,RB,6000.0
83,Case Cookus,NYG,QB,6000.0
256,Blake Bortles,DEN,QB,6000.0
124,Alex Tanney,NYG,QB,6000.0
799,Chase Daniel,DET,QB,6000.0
198,Brandin Cooks,HOU,WR,5900.0
283,Mike Williams,LAC,WR,5900.0
773,Chase Edmonds,ARI,RB,5900.0
360,Tyler Higbee,LAR,TE,5900.0
475,Travis Fulgham,PHI,WR,5900.0
713,T.J. Hockenson,DET,TE,5900.0
591,Damien Harris,NE,RB,5800.0
409,John Brown,BUF,WR,5800.0
300,Hunter Henry,LAC,TE,5800.0
626,Diontae Johnson,PIT,WR,5800.0
807,Henry Ruggs III,LV,WR,5700.0
322,Evan Engram,NYG,TE,5700.0
116,Marvin Jones Jr.,DET,WR,5700.0
133,Devonta Freeman,NYG,RB,5700.0
809,Antonio Gibson,WAS,RB,5700.0
806,Tee Higgins,CIN,WR,5700.0
89,A.J. Green,CIN,WR,5600.0
808,Jerry Jeudy,DEN,WR,5600.0
633,Adrian Peterson,DET,RB,5600.0
671,Michael Gallup,DAL,WR,5600.0
570,Hayden Hurst,ATL,TE,5600.0
798,Laviska Shenault Jr.,JAC,WR,5500.0
760,Keelan Cole,JAC,WR,5500.0
635,DeSean Jackson,PHI,WR,5500.0
386,Leonard Fournette,TB,RB,5500.0
787,Brandon Aiyuk,SF,WR,5500.0
410,Jerick McKinnon,SF,RB,5500.0
228,Jarvis Landry,CLE,WR,5500.0
462,Tim Patrick,DEN,WR,5500.0
771,Dallas Goedert,PHI,TE,5500.0
291,Greg Ward,PHI,WR,5400.0
285,Austin Hooper,CLE,TE,5400.0
294,Marquez Valdes-Scantling,GB,WR,5400.0
673,Zack Moss,BUF,RB,5400.0
700,Mecole Hardman,KC,WR,5400.0
485,Christian Kirk,ARI,WR,5400.0
21,Rob Gronkowski,TB,TE,5400.0
22,Golden Tate,NYG,WR,5400.0
443,Deebo Samuel,SF,WR,5400.0
827,Jalen Reagor,PHI,WR,5300.0
27,Jimmy Graham,CHI,TE,5300.0
467,Tre'Quan Smith,NO,WR,5300.0
260,Darren Fells,HOU,TE,5300.0
127,Sammy Watkins,KC,WR,5300.0
384,Russell Gage,ATL,WR,5300.0
239,Malcolm Brown,LAR,RB,5300.0
257,Latavius Murray,NO,RB,5300.0
667,Darnell Mooney,CHI,WR,5300.0
325,Anthony Miller,CHI,WR,5200.0
415,Dalton Schultz,DAL,TE,5200.0
501,Scotty Miller,TB,WR,5200.0
345,Corey Davis,TEN,WR,5200.0
331,J.D. McKissic,WAS,RB,5200.0
259,Demarcus Robinson,KC,WR,5200.0
653,N'Keal Harry,NE,WR,5200.0
765,Kendrick Bourne,SF,WR,5200.0
188,James White,NE,RB,5200.0
154,Rex Burkhead,NE,RB,5200.0
643,Tyler Johnson,TB,WR,5200.0
118,Cole Beasley,BUF,WR,5100.0
431,Jeff Wilson Jr.,SF,RB,5100.0
93,Randall Cobb,HOU,WR,5100.0
436,James Washington,PIT,WR,5100.0
441,Royce Freeman,DEN,RB,5100.0
640,Frank Gore,NYJ,RB,5100.0
477,Hunter Renfrow,LV,WR,5100.0
214,Damiere Byrd,NE,WR,5100.0
390,Josh Reynolds,LAR,WR,5100.0
136,Eric Ebron,PIT,TE,5100.0
128,Adam Humphries,TEN,WR,5000.0
543,Tae Crowder,NYG,RB,5000.0
378,Curtis Samuel,CAR,WR,5000.0
175,Carlos Hyde,SEA,RB,5000.0
29,Buffalo Bills,BUF,DST,5000.0
804,Cam Akers,LAR,RB,5000.0
682,Kalif Raymond,TEN,WR,5000.0
793,John Hightower,PHI,WR,5000.0
459,Allen Lazard,GB,WR,5000.0
775,Trenton Cannon,CAR,RB,5000.0
348,Jamaal Williams,GB,RB,5000.0
125,Josh Gordon,SEA,WR,5000.0
766,Anthony Firkser,TEN,TE,5000.0
163,Tevin Coleman,SF,RB,5000.0
158,Sterling Shepard,NYG,WR,5000.0
146,Logan Thomas,WAS,TE,5000.0
394,Sony Michel,NE,RB,5000.0
663,Cedrick Wilson,DAL,WR,5000.0
610,JJ Arcega-Whiteside,PHI,WR,4900.0
412,Cameron Brate,TB,TE,4900.0
211,Chris Conley,JAC,WR,4900.0
606,Jalen Guyton,LAC,WR,4900.0
201,Nelson Agholor,LV,WR,4900.0
400,Brian Hill,ATL,RB,4900.0
472,D'Ernest Johnson,CLE,RB,4900.0
652,Greg Olsen,SEA,TE,4900.0
646,Larry Fitzgerald,ARI,WR,4900.0
759,David Moore,SEA,WR,4900.0
103,Dontrelle Inman,WAS,WR,4900.0
51,Tampa Bay Buccaneers,TB,DST,4900.0
534,Ke'Shawn Vaughn,TB,RB,4900.0
382,Darrel Williams,KC,RB,4900.0
692,Benny Snell Jr.,PIT,RB,4900.0
564,Kerryon Johnson,DET,RB,4800.0
347,Taysom Hill,NO,TE,4800.0
563,Tony Pollard,DAL,RB,4800.0
381,Dontrell Hilliard,CLE,RB,4800.0
544,Andy Isabella,ARI,WR,4800.0
466,Jordan Akins,HOU,TE,4800.0
655,Bryan Edwards,LV,WR,4800.0
709,Travis Homer,SEA,RB,4800.0
826,Gabriel Davis,BUF,WR,4800.0
769,Danny Amendola,DET,WR,4800.0
668,Collin Johnson,JAC,WR,4800.0
282,Wayne Gallman,NYG,RB,4800.0
255,Breshad Perriman,NYJ,WR,4800.0
137,Giovani Bernard,CIN,RB,4800.0
681,Darrynton Evans,TEN,RB,4800.0
41,New England Patriots,NE,DST,4800.0
690,Albert Okwuegbunam,DEN,TE,4800.0
111,Alshon Jeffery,PHI,WR,4800.0
278,Devontae Booker,LV,RB,4800.0
105,Chris Hogan,NYJ,WR,4800.0
705,Lamical Perine,NYJ,RB,4800.0
464,Gerald Everett,LAR,TE,4700.0
215,Cordarrelle Patterson,CHI,WR,4700.0
457,Will Dissly,SEA,TE,4700.0
454,Christian Blake,ATL,WR,4700.0
458,Drew Sample,CIN,TE,4700.0
32,Cleveland Browns,CLE,DST,4700.0
583,Jeff Smith,NYJ,WR,4700.0
592,Van Jefferson,LAR,WR,4700.0
373,Braxton Berrios,NYJ,WR,4700.0
589,Olamide Zaccheaus,ATL,WR,4700.0
791,KJ Hamler,DEN,WR,4700.0
132,Chris Thompson,JAC,RB,4700.0
636,LeSean McCoy,TB,RB,4700.0
97,Dion Lewis,NYG,RB,4700.0
113,Mohamed Sanu,SF,WR,4700.0
423,Reggie Bonnafon,CAR,RB,4700.0
656,Byron Pringle,KC,WR,4700.0
393,Isaiah McKenzie,BUF,WR,4700.0
141,Duke Johnson Jr.,HOU,RB,4700.0
730,Ian Thomas,CAR,TE,4600.0
426,Chris Herndon IV,NYJ,TE,4600.0
560,Lawrence Cager,NYJ,WR,4600.0
187,Alex Erickson,CIN,WR,4600.0
456,Dante Pettis,SF,WR,4600.0
157,Kenny Stills,HOU,WR,4600.0
182,Jesse James,DET,TE,4600.0
434,Ito Smith,ATL,RB,4600.0
726,J.J. Taylor,NE,RB,4600.0
364,Brandon Powell,ATL,WR,4600.0
582,Auden Tate,CIN,WR,4600.0
530,Steven Sims,WAS,WR,4600.0
774,Justin Watson,TB,WR,4600.0
723,Quintez Cephus,DET,WR,4600.0
703,Javon Wims,CHI,WR,4600.0
81,Reggie Begelton,GB,WR,4600.0
452,Noah Brown,DAL,WR,4600.0
631,Marcedes Lewis,GB,TE,4600.0
824,Antonio Gandy-Golden,WAS,WR,4600.0
623,JaMycal Hasty,SF,RB,4600.0
822,DeeJay Dallas,SEA,RB,4600.0
657,Freddie Swain,SEA,WR,4600.0
317,DaeSean Hamilton,DEN,WR,4600.0
10,Deonte Harris,NO,WR,4600.0
313,John Ross,CIN,WR,4600.0
622,Deontay Burnett,PHI,WR,4600.0
334,Boston Scott,PHI,RB,4600.0
480,Tyron Johnson,LAC,WR,4600.0
38,Kansas City Chiefs,KC,DST,4600.0
337,Tyler Ervin,GB,RB,4600.0
204,Ty Montgomery,NO,RB,4600.0
207,Marvin Hall,DET,WR,4600.0
641,Austin Mack,NYG,WR,4600.0
830,Sirgeo Hoffman,ARI,RB,4500.0
823,Jeff Thomas,NE,WR,4500.0
508,James Gilbert,LAR,RB,4500.0
831,Jermiah Braswell,ARI,WR,4500.0
756,Tarik Cohen,CHI,RB,4500.0
755,Chad Williams,KC,WR,4500.0
552,Isaiah Zuber,NE,WR,4500.0
751,Matthew Slater,NE,WR,4500.0
506,Jacques Patrick,CIN,RB,4500.0
504,Jauan Jennings,SF,WR,4500.0
505,George Campbell,NYJ,WR,4500.0
744,Binjimen Victor,NYG,WR,4500.0
545,Penny Hart,SEA,WR,4500.0
748,Quez Watkins,PHI,WR,4500.0
503,David Sills V,NYG,WR,4500.0
547,Quadree Henderson,PIT,WR,4500.0
542,Terry Godwin,JAC,WR,4500.0
548,John Kelly,CLE,RB,4500.0
747,Rashad Medaris,ARI,WR,4500.0
825,Darwin Thompson,KC,RB,4500.0
550,Kemah Siverand,SEA,WR,4500.0
792,Michael Warren II,PHI,RB,4500.0
764,C.J. Board,NYG,WR,4500.0
758,Alex Armah,CAR,RB,4500.0
786,Eno Benjamin,ARI,RB,4500.0
796,Ahmad Wagner,CHI,WR,4500.0
522,Tyrell Williams,LV,WR,4500.0
800,JoJo Ward,ARI,WR,4500.0
553,Dalton Schoen,LAC,WR,4500.0
527,Malik Henry,NO,WR,4500.0
801,Javon Leake,NYG,RB,4500.0
790,Dominique Dafney,GB,WR,4500.0
802,Scottie Phillips,HOU,RB,4500.0
811,Stephen Guidry,DAL,WR,4500.0
528,Omar Bayless,CAR,WR,4500.0
812,Donovan Peoples-Jones,CLE,WR,4500.0
789,Nick Easley,BUF,WR,4500.0
514,Deon Cain,PIT,WR,4500.0
513,Anthony Jones,SEA,RB,4500.0
541,Jordan Scarlett,CAR,RB,4500.0
784,KhaDarel Hodge,CLE,WR,4500.0
533,Ty Johnson,NYJ,RB,4500.0
782,Vyncint Smith,NYJ,WR,4500.0
535,Xavier Jones,LAR,RB,4500.0
817,Damion Willis,CIN,WR,4500.0
818,Cody White,PIT,WR,4500.0
770,Brandon Zylstra,CAR,WR,4500.0
819,Isaiah Hodgins,BUF,WR,4500.0
820,AJ Dillon,GB,RB,4500.0
537,K.J. Hill,LAC,WR,4500.0
539,Mike Weber,KC,RB,4500.0
821,Easop Winston Jr.,LAR,WR,4500.0
525,DeAndre Carter,HOU,WR,4500.0
743,Tony Jones Jr.,NO,RB,4500.0
725,Rico Dowdle,DAL,RB,4500.0
739,Aleva Hifo,KC,WR,4500.0
598,Josh Adams,NYJ,RB,4500.0
669,Trayveon Williams,CIN,RB,4500.0
603,Chris Finke,SF,WR,4500.0
670,Sewo Olonilua,DAL,RB,4500.0
602,Brandon Polk,LAR,WR,4500.0
601,Juwan Johnson,NO,WR,4500.0
600,Ryquell Armstead,JAC,RB,4500.0
672,Tavien Feaster,DET,RB,4500.0
597,Darrell Stewart Jr.,CAR,WR,4500.0
605,Equanimeous St. Brown,GB,WR,4500.0
675,Jason Huntley,PHI,RB,4500.0
595,Scotty Washington,CIN,WR,4500.0
680,Chester Rogers,TEN,WR,4500.0
594,DaMarkus Lodge,CIN,WR,4500.0
683,Reggie Gilliam,BUF,RB,4500.0
593,Dawson Knox,BUF,TE,4500.0
689,Ryan Becker,ARI,WR,4500.0
604,Dexter Williams,GB,RB,4500.0
664,Stephen Sullivan,SEA,WR,4500.0
738,Anthony Johnson,PIT,WR,4500.0
613,LeVante Bellamy,DEN,RB,4500.0
628,Ted Ginn Jr.,CHI,WR,4500.0
642,Antonio Williams,BUF,RB,4500.0
621,John Ursua,SEA,WR,4500.0
618,Sutton Smith,SEA,RB,4500.0
645,Jaleel Scott,NYJ,WR,4500.0
647,Devin Gray,ATL,WR,4500.0
614,Francis Bernard,DAL,RB,4500.0
612,Ja'Marcus Bradley,CLE,WR,4500.0
662,Greg Dortch,LAR,WR,4500.0
650,Jonathan Ward,ARI,RB,4500.0
611,Michael Jacquet,PHI,WR,4500.0
609,Trenton Irwin,CIN,WR,4500.0
658,Josh Hammond,JAC,WR,4500.0
608,Cameron Scarlett,TEN,RB,4500.0
659,Riley Ridley,CHI,WR,4500.0
607,Bryce Love,WAS,RB,4500.0
691,Damarea Crockett,GB,RB,4500.0
693,Lil'Jordan Humphrey,NO,WR,4500.0
587,Saquon Barkley,NYG,RB,4500.0
559,Jakobi Meyers,NE,WR,4500.0
714,Seth Dawkins,SEA,WR,4500.0
715,Aaron Fuller,SEA,WR,4500.0
717,Sean Riley,NE,WR,4500.0
720,Joe Reed,LAC,WR,4500.0
724,Raymond Calais,LAR,RB,4500.0
562,Alec Ingold,LV,RB,4500.0
727,Gabe Nabers,LAC,RB,4500.0
728,Denzel Mims,NYJ,WR,4500.0
586,Nick Westbrook-Ikhine,TEN,WR,4500.0
729,Trishton Jackson,LAR,WR,4500.0
557,Jared Pinkney,ATL,WR,4500.0
731,Patrick Taylor Jr.,GB,RB,4500.0
733,Isaiah Wright,WAS,WR,4500.0
734,Troymaine Pope,LAC,RB,4500.0
735,Adrian Killins Jr.,PHI,RB,4500.0
554,Aca'Cedric Ware,TB,RB,4500.0
711,Tino Ellis,NO,WR,4500.0
710,Maurice Ffrench,KC,WR,4500.0
708,Kendrick Rogers,DAL,WR,4500.0
706,Tyrie Cleveland,DEN,WR,4500.0
585,Michael Walker,JAC,WR,4500.0
694,Kelvin Harmon,WAS,WR,4500.0
696,Devwah Whaley,CIN,RB,4500.0
697,Marquez Callaway,NO,WR,4500.0
581,Tony Brown,WAS,WR,4500.0
580,Keke Coutee,HOU,WR,4500.0
578,Karan Higdon,HOU,RB,4500.0
698,Kalija Lipscomb,GB,WR,4500.0
577,Hakeem Butler,PHI,WR,4500.0
701,Elijah Holyfield,PHI,RB,4500.0
702,Brian Herrien,CLE,RB,4500.0
574,Patrick Carr,SEA,RB,4500.0
573,Emanuel Hall,WAS,WR,4500.0
704,Tyler Simmons,HOU,WR,4500.0
572,Johnathon Johnson,WAS,WR,4500.0
499,Jaylinn Hawkins,ATL,WR,4500.0
0,Christian Wade,BUF,RB,4500.0
234,Corey Coleman,NYG,WR,4500.0
495,Stanley Morgan Jr.,CIN,WR,4500.0
231,Donte Moncrief,NYJ,WR,4500.0
230,Cody Core,NYG,WR,4500.0
229,Jeremy Hill,LV,RB,4500.0
225,Jonathan Williams,WAS,RB,4500.0
222,T.J. Yeldon,BUF,RB,4500.0
210,Jordan Reed,SF,TE,4500.0
199,Marqise Lee,NE,WR,4500.0
194,Kenjon Barner,TB,RB,4500.0
193,Richard Rodgers,PHI,TE,4500.0
190,Maurice Harris,NO,WR,4500.0
189,D.J. Foster,ARI,RB,4500.0
185,Derek Watt,PIT,RB,4500.0
184,Dare Ogunbowale,JAC,RB,4500.0
178,Rod Smith,NYG,RB,4500.0
177,Devin Smith,HOU,WR,4500.0
174,Austin Carr,NO,WR,4500.0
173,Dan Vitale,NE,RB,4500.0
169,Bennie Fowler III,NO,WR,4500.0
168,Devin Funchess,GB,WR,4500.0
167,Jehu Chesson,NYJ,WR,4500.0
166,Amara Darboh,PIT,WR,4500.0
162,Cody Latimer,WAS,WR,4500.0
160,Jake Kumerow,BUF,WR,4500.0
156,Damien Williams,KC,RB,4500.0
153,Andy Janovich,CLE,RB,4500.0
232,Fred Brown,DEN,WR,4500.0
238,Gehrig Dieter,KC,WR,4500.0
150,Paul Richardson Jr.,SEA,WR,4500.0
240,Marquise Goodwin,PHI,WR,4500.0
308,Zay Jones,LV,WR,4500.0
307,Andre Patton,ARI,WR,4500.0
306,Marcell Ateman,LV,WR,4500.0
304,Ralph Webb,PIT,RB,4500.0
303,Pharoh Cooper,CAR,WR,4500.0
302,J'Mon Moore,CLE,WR,4500.0
301,Peyton Barber,WAS,RB,4500.0
299,Corey Clement,PHI,RB,4500.0
296,Jester Weah,WAS,WR,4500.0
288,Shelton Gibson,WAS,WR,4500.0
287,Elijah Wellman,GB,RB,4500.0
286,Ishmael Hyman,CAR,WR,4500.0
284,Steven Mitchell Jr.,HOU,WR,4500.0
276,Kyle Juszczyk,SF,RB,4500.0
266,Ryan Switzer,CLE,WR,4500.0
264,T.J. Logan,TB,RB,4500.0
262,Wendell Smallwood,PIT,RB,4500.0
258,Dwayne Washington,NO,RB,4500.0
254,Geremy Davis,DET,WR,4500.0
251,Jalen Richard,LV,RB,4500.0
250,Tyler Eifert,JAC,TE,4500.0
249,C.J. Prosise,HOU,RB,4500.0
247,Senorise Perry,TEN,RB,4500.0
243,DeAndre Washington,KC,RB,4500.0
242,Josh Doctson,NYJ,WR,4500.0
152,Marcus Murphy,CAR,RB,4500.0
148,Tavon Austin,SF,WR,4500.0
310,Khalfani Muhammad,DEN,RB,4500.0
71,Earnest Edwards,LAR,WR,4500.0
68,Shane Leatherbury,ARI,WR,4500.0
67,Devin Phelps,ARI,WR,4500.0
64,Marvelle Ross,JAC,WR,4500.0
63,Zimari Manning,DEN,WR,4500.0
62,Mason Kinsey,NE,WR,4500.0
61,Kristian Wilkerson,NE,WR,4500.0
60,Isaiah Coulter,HOU,WR,4500.0
57,Josh Pearson,TB,WR,4500.0
56,John Hurst,TB,WR,4500.0
48,Los Angeles Chargers,LAC,DST,4500.0
25,Andre Roberts,BUF,WR,4500.0
20,Justice Shelton-Mosley,KC,WR,4500.0
19,Gunner Olszewski,NE,WR,4500.0
18,Craig Reynolds,JAC,RB,4500.0
16,Tom Kennedy,DET,WR,4500.0
15,Jason Moore,LAC,WR,4500.0
14,Malik Taylor,GB,WR,4500.0
13,Wes Hills,DET,RB,4500.0
9,Darrius Shepherd,GB,WR,4500.0
7,Thomas Ives,CHI,WR,4500.0
6,Reggie White,NYG,WR,4500.0
5,Alex Wesley,CHI,WR,4500.0
4,Emmanuel Butler,NO,WR,4500.0
3,Trinity Benson,DEN,WR,4500.0
2,Nsimba Webster,LAR,WR,4500.0
70,J.J. Koski,LAR,WR,4500.0
73,Chris Rowland,ATL,WR,4500.0
147,Trey Edmunds,PIT,RB,4500.0
74,Juwan Green,ATL,WR,4500.0
144,Michael Burton,NO,RB,4500.0
143,Tyler Kroft,BUF,TE,4500.0
140,Phillip Dorsett II,SEA,WR,4500.0
139,Darius Jennings,LAC,WR,4500.0
126,Jaron Brown,ARI,WR,4500.0
123,Jamize Olawale,DAL,RB,4500.0
120,Brandon Bolden,NE,RB,4500.0
119,Josh Bellamy,NYJ,WR,4500.0
117,Alfred Morris,NYG,RB,4500.0
115,Travis Benjamin,SF,WR,4500.0
106,Nick Bellore,SEA,RB,4500.0
104,Patrick DiMarco,BUF,RB,4500.0
102,Bruce Miller,JAC,RB,4500.0
99,Dwayne Harris,HOU,WR,4500.0
96,Anthony Sherman,KC,RB,4500.0
95,Taiwan Jones,BUF,RB,4500.0
87,Pete Guerriero,CAR,RB,4500.0
85,Jeff Cotton,LAC,WR,4500.0
84,Rysen John,NYG,WR,4500.0
82,Sandro Platzgummer,NYG,RB,4500.0
79,Jordan Jones,GB,RB,4500.0
78,Luke Sellers,DET,RB,4500.0
77,Manasseh Bailey,PHI,WR,4500.0
76,Aaron Parker,DAL,WR,4500.0
75,Mikey Daniel,ATL,RB,4500.0
309,Trevor Davis,CHI,WR,4500.0
832,Keelan Doss,LV,WR,4500.0
474,Napoleon Maxwell,CHI,RB,4500.0
362,Robert Davis,LV,WR,4500.0
369,Josh Malone,NYJ,WR,4500.0
424,Jaylen Samuels,PIT,RB,4500.0
368,Jakob Johnson,NE,RB,4500.0
367,Jalen Hurd,SF,WR,4500.0
366,Kalen Ballage,LAC,RB,4500.0
425,David Njoku,CLE,TE,4500.0
427,Qadree Ollison,ATL,RB,4500.0
428,Cody Thompson,SEA,WR,4500.0
353,Marcus Kemp,KC,WR,4500.0
476,Rashaad Penny,SEA,RB,4500.0
461,Ryan Nall,CHI,RB,4500.0
358,Taywan Taylor,CLE,WR,4500.0
429,Jon'Vea Johnson,DAL,WR,4500.0
430,Buddy Howell,HOU,RB,4500.0
356,Darvin Kidsy,WAS,WR,4500.0
354,Keith Kirkwood,CAR,WR,4500.0
463,KeeSean Johnson,ARI,WR,4500.0
371,Samaje Perine,CIN,RB,4500.0
417,Malik Turner,DAL,WR,4500.0
374,Geronimo Allison,DET,WR,4500.0
397,Cody Hollister,TEN,WR,4500.0
388,Elijhaa Penny,NYG,RB,4500.0
398,Nick Bawden,DET,RB,4500.0
383,Trey Quinn,JAC,WR,4500.0
401,A.J. Richardson,ARI,WR,4500.0
404,Duke Williams,BUF,WR,4500.0
379,Marcus Green,PHI,WR,4500.0
469,Cam Batson,TEN,WR,4500.0
376,Johnnie Dixon,ARI,WR,4500.0
448,Juwann Winfree,GB,WR,4500.0
468,Courtland Sutton,DEN,WR,4500.0
375,Rodney Smith,CAR,RB,4500.0
406,Cam Sims,WAS,WR,4500.0
411,Seth Roberts,CAR,WR,4500.0
413,Diontae Spencer,DEN,WR,4500.0
435,Mike Thomas,CIN,WR,4500.0
479,Derrick Dillon,NYG,WR,4500.0
350,Da'Mari Scott,NYG,WR,4500.0
488,Rodney Anderson,CIN,RB,4500.0
490,TreVontae Hights,CAR,WR,4500.0
332,Kenneth Dixon,NYJ,RB,4500.0
330,Robert Foster,GB,WR,4500.0
327,River Cracraft,SF,WR,4500.0
491,Anthony Ratliff-Williams,LV,WR,4500.0
326,Victor Bolden Jr.,DET,WR,4500.0
324,Johnny Holton,NYG,WR,4500.0
492,Chase Harrell,SF,WR,4500.0
446,Bo Scarbrough,DET,RB,4500.0
494,Devine Ozigbo,JAC,RB,4500.0
323,Quincy Adeboyejo,NE,WR,4500.0
447,Cullen Gillaspia,HOU,RB,4500.0
321,Dalyn Dawkins,TEN,RB,4500.0
319,Laquon Treadwell,ATL,WR,4500.0
318,Chris Thompson,SF,WR,4500.0
349,Rashard Higgins,CLE,WR,4500.0
333,Trent Taylor,SF,WR,4500.0
335,Tommylee Lewis,NO,WR,4500.0
340,JoJo Natson,CLE,WR,4500.0
437,Chris Lacy,DET,WR,4500.0
439,Saeed Blacknall,PIT,WR,4500.0
344,Rodney Adams,CHI,WR,4500.0
460,Ventell Bryant,DAL,WR,4500.0
440,Chad Hansen,HOU,WR,4500.0
455,Jeremy McNichols,TEN,RB,4500.0
484,Andre Baccellia,NE,WR,4500.0
444,Khari Blasingame,TEN,RB,4500.0
486,Damion Ratley,NYG,WR,4500.0
450,Jonathan Hilliman,NYG,RB,4500.0
487,Dede Westbrook,JAC,WR,4500.0
339,Elijah McGuire,DAL,RB,4500.0
338,Keith Smith,ATL,RB,4500.0
445,Trent Sherfield,ARI,WR,4500.0
391,Richie James Jr.,SF,WR,4500.0
49,San Francisco 49ers,SF,DST,4400.0
686,Harrison Bryant,CLE,TE,4400.0
768,Dan Arnold,ARI,TE,4400.0
399,Jacob Hollister,SEA,TE,4400.0
629,Jason Witten,LV,TE,4400.0
40,Los Angeles Rams,LAR,DST,4400.0
155,Blake Bell,DAL,TE,4300.0
521,James O'Shaughnessy,JAC,TE,4300.0
777,Ross Dwelley,SF,TE,4300.0
531,Jace Sternberger,GB,TE,4300.0
810,Cole Kmet,CHI,TE,4300.0
277,Josh Hill,NO,TE,4300.0
11,Donald Parham Jr.,LAC,TE,4300.0
47,Pittsburgh Steelers,PIT,DST,4300.0
268,Jake Butt,DEN,TE,4200.0
236,Vance McDonald,PIT,TE,4200.0
481,Foster Moreau,LV,TE,4200.0
58,Adam Trautman,NO,TE,4200.0
37,Tennessee Titans,TEN,DST,4200.0
707,Jordan Thomas,ARI,TE,4200.0
109,Demetrius Harris,CHI,TE,4200.0
197,Pharaoh Brown,HOU,TE,4100.0
218,Jason Croom,PHI,TE,4100.0
108,Chris Manhertz,CAR,TE,4100.0
45,Philadelphia Eagles,PHI,DST,4100.0
98,Lee Smith,BUF,TE,4100.0
688,Trevon Wesco,NYJ,TE,4100.0
50,Seattle Seahawks,SEA,DST,4100.0
253,Ryan Griffin,NYJ,TE,4100.0
432,Ryan Izzo,NE,TE,4100.0
719,Kaden Smith,NYG,TE,4100.0
524,Khari Lee,ATL,TE,4000.0
816,Cam Sutton,CAR,TE,4000.0
778,Christian Scotland-Williamson,PIT,TE,4000.0
17,Jesper Horsted,CHI,TE,4000.0
526,Daniel Brown,NYJ,TE,4000.0
757,Eric Saubert,JAC,TE,4000.0
511,Caleb Repp,ATL,TE,4000.0
483,Tommy Hudson,TEN,TE,4000.0
451,Tommy Sweeney,BUF,TE,4000.0
8,Stephen Carlson,CLE,TE,4000.0
829,Charlie Taumoepeau,SF,TE,4000.0
498,Tyler Davis,JAC,TE,4000.0
478,Parker Hesse,TEN,TE,4000.0
805,Colby Parkinson,SEA,TE,4000.0
23,Ed Dickson,SEA,TE,4000.0
788,Dalton Keene,NE,TE,4000.0
473,Jerome Cunningham,WAS,TE,4000.0
779,Nick Keizer,KC,TE,4000.0
780,Kevin Rader,PIT,TE,4000.0
515,C.J. Conrad,NYG,TE,4000.0
781,Paul Butler,NE,TE,4000.0
783,Jaeden Graham,ATL,TE,4000.0
59,Dylan Stapleton,HOU,TE,4000.0
516,Cole Hikutini,DAL,TE,4000.0
795,Hunter Bryant,DET,TE,4000.0
762,Antony Auclair,TB,TE,4000.0
797,Dominick Wood-Anderson,SEA,TE,4000.0
42,New Orleans Saints,NO,DST,4000.0
465,Jordan Franks,CLE,TE,4000.0
520,MyCole Pruitt,TEN,TE,4000.0
65,Ben Ellefson,JAC,TE,4000.0
36,Green Bay Packers,GB,DST,4000.0
776,Tanner Hudson,TB,TE,4000.0
30,Chicago Bears,CHI,DST,4000.0
312,Darrell Daniels,ARI,TE,4000.0
722,Parker Houston,ARI,TE,4000.0
86,Connor Davis,NYJ,TE,4000.0
226,C.J. Uzomah,CIN,TE,4000.0
244,Eric Tomlinson,NYG,TE,4000.0
359,Deon Yelder,KC,TE,4000.0
584,Jake Burt,NE,TE,4000.0
660,Isaac Nauta,DET,TE,4000.0
235,Luke Willson,SEA,TE,4000.0
579,Zach Gentry,PIT,TE,4000.0
223,Jeremy Sprinkle,WAS,TE,4000.0
588,Nick Bowers,LV,TE,4000.0
372,Daniel Helm,SF,TE,4000.0
208,Joshua Perkins,PHI,TE,4000.0
203,Levine Toilolo,NYG,TE,4000.0
677,Seth DeValve,CAR,TE,4000.0
94,Luke Stocker,ATL,TE,4000.0
679,Temarrick Hemingway,WAS,TE,4000.0
357,Mason Schreck,CIN,TE,4000.0
263,Geoff Swaim,TEN,TE,4000.0
684,Jason Vander Laan,NO,TE,4000.0
289,Johnny Mundt,LAR,TE,4000.0
617,Mitchell Wilcox,CIN,TE,4000.0
619,Giovanni Ricci,CAR,TE,4000.0
620,Dax Raymond,PIT,TE,4000.0
305,Ricky Seals-Jones,KC,TE,4000.0
624,Kahale Warring,HOU,TE,4000.0
298,Troy Fumagalli,HOU,TE,4000.0
599,Nakia Griffin-Stewart,GB,TE,4000.0
346,Garrett Griffin,NO,TE,4000.0
281,Jordan Leggett,TB,TE,4000.0
639,Codey McElroy,TB,TE,4000.0
275,O.J. Howard,TB,TE,4000.0
271,Marcus Baugh,WAS,TE,4000.0
267,Cethan Carter,CIN,TE,4000.0
644,Sean McKeon,DAL,TE,4000.0
196,Evan Baylis,ARI,TE,4000.0
678,Moritz Bohringer,CIN,TE,4000.0
685,Ben Braunecker,CHI,TE,4000.0
315,Dylan Cantrell,ARI,TE,4000.0
561,Brycen Hopkins,LAR,TE,4000.0
402,Matt Sokol,DET,TE,4000.0
161,Matt LaCosse,NE,TE,4000.0
159,Blake Jarwin,DAL,TE,4000.0
405,Andrew Beck,DEN,TE,4000.0
716,Caleb Wilson,PHI,TE,4000.0
419,Garrett Dickerson,NYG,TE,4000.0
421,Cole Herdman,TEN,TE,4000.0
422,Nate Becker,BUF,TE,4000.0
699,Charlie Woerner,SF,TE,4000.0
142,J.P. Holtz,CHI,TE,4000.0
130,Nick O'Leary,LV,TE,4000.0
121,Derek Carrier,LV,TE,4000.0
438,Kendall Blanton,LAR,TE,4000.0
101,Virgil Green,LAC,TE,4000.0
741,Devin Asiasi,NE,TE,4000.0
538,Rashod Berry,NE,TE,4000.0
536,Jared Rice,LAC,TE,4000.0
171,Maxx Williams,ARI,TE,4000.0
176,Jeff Heuerman,DEN,TE,4000.0
192,Stephen Anderson,LAC,TE,4000.0
695,Thaddeus Moss,WAS,TE,4000.0
380,Charles Jones,JAC,TE,4000.0
566,Tyler Mabry,SEA,TE,4000.0
179,Nick Vannett,DEN,TE,4000.0
569,Kyle Markway,CLE,TE,4000.0
567,Josh Oliver,JAC,TE,4000.0
496,Josiah Deguara,GB,TE,4000.0
34,Denver Broncos,DEN,DST,3900.0
43,New York Giants,NYG,DST,3800.0
52,Washington Football Team,WAS,DST,3800.0
46,Arizona Cardinals,ARI,DST,3800.0
33,Dallas Cowboys,DAL,DST,3700.0
31,Cincinnati Bengals,CIN,DST,3600.0
39,Las Vegas Raiders,LV,DST,3500.0
55,Houston Texans,HOU,DST,3500.0
28,Atlanta Falcons,ATL,DST,3500.0
35,Detroit Lions,DET,DST,3400.0
54,Jacksonville Jaguars,JAC,DST,3300.0
53,Carolina Panthers,CAR,DST,3200.0
44,New York Jets,NYJ,DST,3000.0
