,Player Name,Team,Position,WK,Game Date,OPP,RESULT,PASS COMP,PASS ATT,PASS YDS,PASS AVG,PASS TD,PASS INT,SCK,SCKY,PASS RATE,RUSH ATT,RUSH YDS,RUSH AVG,RUSH LONG,RUSH TD,REC,REC YDS,REC AVG,REC LONG,REC TD,FUM,FUM LOST
30,AJ Brown,TEN,WR,,09/15/2020,@Broncos,W 16 - 14,,,,,,,,,,,,,,,5,39,7.8,12,0,,
108,AJ Dillon,,RB,,09/13/2020,@Vikings,W 43 - 34,,,,,,,,,,2,14,7,8,0,,,,,,,
161,AJ Green,CIN,WR,,09/13/2020,Chargers,L 13 - 16,,,,,,,,,,,,,,,5,51,10.2,14,0,,
331,AJ McCarron,HOU,QB,,09/11/2020,@Chiefs,L 20 - 34,,,,,,,,,,,,,,,,,,,,,
247,Aaron Jones,GB,RB,,09/13/2020,@Vikings,W 43 - 34,,,,,,,,,,16,66,4.1,15,1,4,10,2.5,6,0,1,0
381,Aaron Rodgers,GB,QB,,09/13/2020,@Vikings,W 43 - 34,32,44,364,8.3,4,0,0,0,127.5,1,2,2,,0,,,,,,,
193,Adam Humphries,TEN,WR,,09/15/2020,@Broncos,W 16 - 14,,,,,,,,,,,,,,,6,47,7.8,10,0,,
435,Adam Shaheen,MIA,TE,,09/13/2020,@Patriots,L 11 - 21,,,,,,,,,,,,,,,,,,,,,
460,Adam Thielen,MIN,WR,,09/13/2020,Packers,L 34 - 43,,,,,,,,,,,,,,,6,110,18.3,37,2,,
448,Adam Trautman,NO,TE,,09/13/2020,Buccaneers,W 34 - 23,,,,,,,,,,,,,,,,,,,,,
359,Adrian Peterson,DET,RB,,09/13/2020,Bears,L 23 - 27,,,,,,,,,,14,93,6.6,21,0,3,21,7,9,0,,
348,Albert Okwuegbunam,,TE,,09/15/2020,Titans,L 14 - 16,,,,,,,,,,,,,,,,,,,,,
125,Alex Erickson,CIN,WR,,09/13/2020,Chargers,L 13 - 16,,,,,,,,,,,,,,,,,,,,,
422,Alex Smith,WSH,QB,,09/13/2020,Eagles,W 27 - 17,,,,,,,,,,,,,,,,,,,,,
334,Alexander Mattison,MIN,RB,,09/13/2020,Packers,L 34 - 43,,,,,,,,,,6,50,8.3,21,0,4,30,7.5,9,0,,
291,Allen Lazard,GB,WR,,09/13/2020,@Vikings,W 43 - 34,,,,,,,,,,1,19,19,19,0,4,63,15.8,38,1,,
384,Allen Robinson,CHI,WR,,09/13/2020,@Lions,W 27 - 23,,,,,,,,,,1,-1,-1,-1,0,5,74,14.8,22,0,,
258,Alshon Jeffery,PHI,WR,,09/13/2020,@Football Team,L 17 - 27,,,,,,,,,,,,,,,,,,,,,
281,Alvin Kamara,NO,RB,,09/13/2020,Buccaneers,W 34 - 23,,,,,,,,,,12,16,1.3,6,1,5,51,10.2,38,1,,
68,Amari Cooper,DAL,WR,,09/14/2020,@Rams,L 17 - 20,,,,,,,,,,,,,,,10,81,8.1,14,0,,
19,Ameer Abdullah,MIN,RB,,09/13/2020,Packers,L 34 - 43,,,,,,,,,,,,,,,,,,,,,
386,Andre Roberts,BUF,WR,,09/13/2020,Jets,W 27 - 17,,,,,,,,,,,,,,,,,,,,,
56,Andrew Beck,DEN,TE,,09/15/2020,Titans,L 14 - 16,,,,,,,,,,,,,,,,,,,,,
118,Andy Dalton,DAL,QB,,09/14/2020,@Rams,L 17 - 20,,,,,,,,,,,,,,,,,,,,,
237,Andy Isabella,ARI,WR,,09/13/2020,@49ers,W 24 - 20,,,,,,,,,,,,,,,,,,,,,
149,Anthony Firkser,TEN,TE,,09/15/2020,@Broncos,W 16 - 14,,,,,,,,,,,,,,,2,5,2.5,6,0,,
326,Anthony McFarland,PIT,RB,,09/14/2020,@Giants,W 26 - 16,,,,,,,,,,,,,,,,,,,,,
314,Anthony Miller,CHI,WR,,09/13/2020,@Lions,W 27 - 23,,,,,,,,,,,,,,,4,76,19,27,1,,
430,Anthony Sherman,KC,RB,,09/11/2020,Texans,W 34 - 20,,,,,,,,,,1,2,2,2,0,,,,,,,
181,Antonio Gandy-Golden,,WR,,09/13/2020,Eagles,W 27 - 17,,,,,,,,,,,,,,,,,,,,,
176,Antonio Gibson,WSH,RB,,09/13/2020,Eagles,W 27 - 17,,,,,,,,,,9,36,4,20,0,2,8,4,6,0,,
0,Antony Auclair,TB,TE,,09/13/2020,@Saints,L 23 - 34,,,,,,,,,,,,,,,,,,,,,
98,Ashton Dulin,IND,WR,,09/13/2020,@Jaguars,L 20 - 27,,,,,,,,,,,,,,,,,,,,,
467,Auden Tate,,WR,,09/13/2020,Chargers,L 13 - 16,,,,,,,,,,,,,,,,,,,,,
129,Austin Ekeler,LAC,RB,,09/13/2020,@Bengals,W 16 - 13,,,,,,,,,,19,84,4.4,13,0,1,3,3,3,0,,
200,Austin Hooper,CLE,TE,,09/13/2020,@Ravens,L 6 - 38,,,,,,,,,,,,,,,2,15,7.5,9,0,,
333,Baker Mayfield,CLE,QB,,09/13/2020,@Ravens,L 6 - 38,21,39,189,4.8,1,1,2,21,65,2,3,1.5,,0,,,,,,,
107,Ben DiNucci,DAL,QB,,09/14/2020,@Rams,L 17 - 20,,,,,,,,,,,,,,,,,,,,,
128,Ben Ellefson,,TE,,09/13/2020,Colts,W 27 - 20,,,,,,,,,,,,,,,,,,,,,
379,Ben Roethlisberger,PIT,QB,,09/14/2020,@Giants,W 26 - 16,21,32,229,7.2,3,0,2,21,117.8,3,9,3,,0,,,,,,1,0
141,Bennie Fowler,,WR,,09/13/2020,Buccaneers,W 34 - 23,,,,,,,,,,,,,,,,,,,,,
413,Benny Snell,PIT,RB,,09/14/2020,@Giants,W 26 - 16,,,,,,,,,,19,113,5.9,30,0,0,0,,,0,1,0
253,Bisi Johnson,MIN,WR,,09/13/2020,Packers,L 34 - 43,,,,,,,,,,,,,,,3,56,18.7,29,0,,
186,Blaine Gabbert,TB,QB,,09/13/2020,@Saints,L 23 - 34,,,,,,,,,,,,,,,,,,,,,
53,Blake Bell,DAL,TE,,09/14/2020,@Rams,L 17 - 20,,,,,,,,,,,,,,,,,,,,,
261,Blake Jarwin,,TE,,09/14/2020,@Rams,L 17 - 20,,,,,,,,,,,,,,,1,12,12,12,0,,
437,Boston Scott,PHI,RB,,09/13/2020,@Football Team,L 17 - 27,,,,,,,,,,9,35,3.9,13,0,2,19,9.5,12,0,,
69,Brandin Cooks,HOU,WR,,09/11/2020,@Chiefs,L 20 - 34,,,,,,,,,,,,,,,2,20,10,11,0,,
14,Brandon Aiyuk,SF,WR,,09/13/2020,Cardinals,L 20 - 24,,,,,,,,,,,,,,,,,,,,,
354,Brandon Powell,ATL,WR,,09/13/2020,Seahawks,L 25 - 38,,,,,,,,,,,,,,,,,,,,,
511,Brandon Zylstra,CAR,WR,,09/13/2020,Raiders,L 30 - 34,,,,,,,,,,,,,,,,,,,,,
49,Braxton Berrios,NYJ,WR,,09/13/2020,@Bills,L 17 - 27,,,,,,,,,,,,,,,,,,,,,
363,Breshad Perriman,NYJ,WR,,09/13/2020,@Bills,L 17 - 27,,,,,,,,,,,,,,,3,17,5.7,13,0,,
192,Brett Hundley,ARI,QB,,09/13/2020,@49ers,W 24 - 20,,,,,,,,,,,,,,,,,,,,,
216,Brian Hill,ATL,RB,,09/13/2020,Seahawks,L 25 - 38,,,,,,,,,,3,12,4,10,0,2,8,4,4,0,,
194,Brian Hoyer,NE,QB,,09/13/2020,Dolphins,W 21 - 11,,,,,,,,,,,,,,,,,,,,,
133,Bryan Edwards,LV,WR,,09/13/2020,@Panthers,W 34 - 30,,,,,,,,,,,,,,,1,9,9,9,0,,
285,Bryce Love,,RB,,09/13/2020,Eagles,W 27 - 17,,,,,,,,,,,,,,,,,,,,,
199,Brycen Hopkins,LAR,TE,,09/14/2020,Cowboys,W 20 - 17,,,,,,,,,,,,,,,,,,,,,
195,Buddy Howell,HOU,RB,,09/11/2020,@Chiefs,L 20 - 34,,,,,,,,,,,,,,,,,,,,,
352,Byron Pringle,,WR,,09/11/2020,Texans,W 34 - 20,,,,,,,,,,,,,,,,,,,,,
58,CJ Beathard,SF,QB,,09/13/2020,Cardinals,L 20 - 24,,,,,,,,,,,,,,,,,,,,,
47,CJ Board,NYG,WR,,09/14/2020,Steelers,L 16 - 26,,,,,,,,,,,,,,,2,17,8.5,10,0,,
470,CJ Uzomah,,TE,,09/13/2020,Chargers,L 13 - 16,,,,,,,,,,,,,,,4,45,11.3,19,0,,
389,Calvin Ridley,ATL,WR,,09/13/2020,Seahawks,L 25 - 38,,,,,,,,,,1,-1,-1,-1,0,9,130,14.4,22,2,,
13,Cam Akers,LAR,RB,,09/14/2020,Cowboys,W 20 - 17,,,,,,,,,,14,39,2.8,6,0,1,4,4,4,0,,
341,Cam Newton,NE,QB,,09/13/2020,Dolphins,W 21 - 11,15,19,155,8.2,0,0,2,15,100.7,15,75,5,,2,,,,,,,
429,Cam Sims,WSH,WR,,09/13/2020,Eagles,W 27 - 17,,,,,,,,,,,,,,,,,,,,,
37,Cameron Brate,TB,TE,,09/13/2020,@Saints,L 23 - 34,,,,,,,,,,,,,,,0,0,,,0,,
187,Carlos Hyde,SEA,RB,,09/13/2020,@Falcons,W 38 - 25,,,,,,,,,,7,23,3.3,9,1,,,,,,,
499,Carson Wentz,PHI,QB,,09/13/2020,@Football Team,L 17 - 27,24,42,270,6.4,2,2,8,62,72.5,1,2,2,,0,,,,,,2,1
279,Case Keenum,CLE,QB,,09/13/2020,@Ravens,L 6 - 38,,,,,,,,,,,,,,,,,,,,,
485,Ced Wilson,DAL,WR,,09/14/2020,@Rams,L 17 - 20,,,,,,,,,,,,,,,,,,,,,
293,CeeDee Lamb,DAL,WR,,09/14/2020,@Rams,L 17 - 20,,,,,,,,,,,,,,,5,59,11.8,33,0,,
87,Cethan Carter,CIN,TE,,09/13/2020,Chargers,L 13 - 16,,,,,,,,,,,,,,,,,,,,,
54,Chad Beebe,MIN,WR,,09/13/2020,Packers,L 34 - 43,,,,,,,,,,,,,,,,,,,,,
225,Chad Henne,KC,QB,,09/11/2020,Texans,W 34 - 20,,,,,,,,,,,,,,,,,,,,,
478,Charlie Woerner,SF,TE,,09/13/2020,Cardinals,L 20 - 24,,,,,,,,,,,,,,,,,,,,,
81,Chase Claypool,PIT,WR,,09/14/2020,@Giants,W 26 - 16,,,,,,,,,,1,8,8,8,0,2,39,19.5,28,0,,
117,Chase Daniel,DET,QB,,09/13/2020,Bears,L 23 - 27,,,,,,,,,,,,,,,,,,,,,
134,Chase Edmonds,ARI,RB,,09/13/2020,@49ers,W 24 - 20,,,,,,,,,,6,26,4.3,20,0,3,19,6.3,10,1,1,0
88,Chris Carson,SEA,RB,,09/13/2020,@Falcons,W 38 - 25,,,,,,,,,,6,21,3.5,11,0,6,45,7.5,19,2,,
73,Chris Conley,JAX,WR,,09/13/2020,Colts,W 27 - 20,,,,,,,,,,,,,,,1,6,6,6,0,,
171,Chris Godwin,TB,WR,,09/13/2020,@Saints,L 23 - 34,,,,,,,,,,,,,,,6,79,13.2,29,0,,
221,Chris Herndon,NYJ,TE,,09/13/2020,@Bills,L 17 - 27,,,,,,,,,,,,,,,6,37,6.2,18,0,1,1
206,Chris Hogan,,WR,,09/13/2020,@Bills,L 17 - 27,,,,,,,,,,,,,,,1,0,0,0,0,,
336,Chris Manhertz,CAR,TE,,09/13/2020,Raiders,L 30 - 34,,,,,,,,,,,,,,,1,4,4,4,0,,
306,Chris Moore,,WR,,09/13/2020,Browns,W 38 - 6,,,,,,,,,,,,,,,,,,,,,
403,Chris Streveler,ARI,QB,,09/13/2020,@49ers,W 24 - 20,,,,,,,,,,1,3,3,,0,,,,,,,
455,Chris Thompson,,RB,,09/13/2020,Colts,W 27 - 20,,,,,,,,,,,,,,,2,6,3,4,0,,
48,Christian Blake,ATL,WR,,09/13/2020,Seahawks,L 25 - 38,,,,,,,,,,,,,,,,,,,,,
274,Christian Kirk,ARI,WR,,09/13/2020,@49ers,W 24 - 20,,,,,,,,,,,,,,,1,0,0,0,0,,
332,Christian McCaffrey,CAR,RB,,09/13/2020,Raiders,L 30 - 34,,,,,,,,,,23,97,4.2,15,2,3,38,12.7,16,0,,
131,Clyde Edwards-Helaire,KC,RB,,09/11/2020,Texans,W 34 - 20,,,,,,,,,,25,138,5.5,27,1,0,0,,,0,,
204,Cody Hollister,,WR,,09/15/2020,@Broncos,W 16 - 14,,,,,,,,,,,,,,,,,,,,,
57,Cole Beasley,BUF,WR,,09/13/2020,Jets,W 27 - 17,,,,,,,,,,,,,,,4,58,14.5,29,0,,
272,Cole Kmet,CHI,TE,,09/13/2020,@Lions,W 27 - 23,,,,,,,,,,,,,,,0,0,,,0,,
454,Colin Thompson,CAR,TE,,09/13/2020,Raiders,L 30 - 34,,,,,,,,,,,,,,,,,,,,,
252,Collin Johnson,JAX,WR,,09/13/2020,Colts,W 27 - 20,,,,,,,,,,,,,,,1,14,14,14,0,,
329,Colt McCoy,NYG,QB,,09/14/2020,Steelers,L 16 - 26,,,,,,,,,,,,,,,,,,,,,
269,Cooper Kupp,LAR,WR,,09/14/2020,Cowboys,W 20 - 17,,,,,,,,,,,,,,,4,40,10,15,0,,
368,Cordarrelle Patterson,CHI,WR,,09/13/2020,@Lions,W 27 - 23,,,,,,,,,,4,19,4.8,13,0,1,12,12,12,0,,
80,Corey Clement,PHI,RB,,09/13/2020,@Football Team,L 17 - 27,,,,,,,,,,6,19,3.2,7,0,2,2,1,8,0,,
114,Corey Davis,TEN,WR,,09/15/2020,@Broncos,W 16 - 14,,,,,,,,,,,,,,,7,101,14.4,23,0,,
401,Courtland Sutton,,WR,,09/15/2020,Titans,L 14 - 16,,,,,,,,,,,,,,,,,,,,,
175,Cullen Gillaspia,,RB,,09/11/2020,@Chiefs,L 20 - 34,,,,,,,,,,,,,,,,,,,,,
444,Curtis Samuel,CAR,WR,,09/13/2020,Raiders,L 30 - 34,,,,,,,,,,1,5,5,5,0,5,38,7.6,19,0,,
162,Cyril Grayson,,WR,,09/13/2020,@Saints,L 23 - 34,,,,,,,,,,,,,,,,,,,,,
398,D'Andre Swift,DET,RB,,09/13/2020,Bears,L 23 - 27,,,,,,,,,,3,8,2.7,6,1,3,15,5,7,0,,
250,D'Ernest Johnson,CLE,RB,,09/13/2020,@Ravens,L 6 - 38,,,,,,,,,,1,5,5,5,0,,,,,,,
84,DJ Chark,JAX,WR,,09/13/2020,Colts,W 27 - 20,,,,,,,,,,,,,,,3,25,8.3,12,1,,
143,DJ Foster,ARI,RB,,09/13/2020,@49ers,W 24 - 20,,,,,,,,,,,,,,,,,,,,,
304,DJ Moore,CAR,WR,,09/13/2020,Raiders,L 30 - 34,,,,,,,,,,,,,,,4,54,13.5,18,0,,
318,DK Metcalf,SEA,WR,,09/13/2020,@Falcons,W 38 - 25,,,,,,,,,,,,,,,4,95,23.8,38,1,,
234,DaeSean Hamilton,DEN,WR,,09/15/2020,Titans,L 14 - 16,,,,,,,,,,,,,,,1,18,18,18,0,,
353,Dak Prescott,,QB,,09/14/2020,@Rams,L 17 - 20,25,39,266,6.8,1,0,3,22,92.5,3,30,10,,0,,,,,,,
170,Dallas Goedert,PHI,TE,,09/13/2020,@Football Team,L 17 - 27,,,,,,,,,,,,,,,8,101,12.6,34,1,,
280,Dalton Keene,NE,TE,,09/13/2020,Dolphins,W 21 - 11,,,,,,,,,,,,,,,,,,,,,
438,Dalton Schultz,DAL,TE,,09/14/2020,@Rams,L 17 - 20,,,,,,,,,,,,,,,1,11,11,11,0,,
71,Dalvin Cook,MIN,RB,,09/13/2020,Packers,L 34 - 43,,,,,,,,,,12,50,4.2,12,2,1,-2,-2,-2,0,,
20,Damiere Byrd,NE,WR,,09/13/2020,Dolphins,W 21 - 11,,,,,,,,,,,,,,,,,,,,1,0
397,Damion Ratley,,WR,,09/14/2020,@Giants,W 26 - 16,,,,,,,,,,,,,,,0,0,,,0,,
2,Dan Arnold,ARI,TE,,09/13/2020,@49ers,W 24 - 20,,,,,,,,,,,,,,,2,21,10.5,13,0,1,0
83,Dan Chisena,MIN,WR,,09/13/2020,Packers,L 34 - 43,,,,,,,,,,,,,,,,,,,,,
32,Daniel Brown,NYJ,TE,,09/13/2020,@Bills,L 17 - 27,,,,,,,,,,,,,,,,,,,,,
246,Daniel Jones,NYG,QB,,09/14/2020,Steelers,L 16 - 26,26,41,279,6.8,2,2,3,17,79.2,4,22,5.5,,0,,,,,,,
7,Danny Amendola,DET,WR,,09/13/2020,Bears,L 23 - 27,,,,,,,,,,,,,,,5,81,16.2,32,0,,
358,Dante Pettis,NYG,WR,,09/13/2020,@49ers,W 24 - 20,,,,,,,,,,,,,,,0,0,,,0,,
349,Dare Ogunbowale,JAX,RB,,09/13/2020,Colts,W 27 - 20,,,,,,,,,,,,,,,,,,,,,
425,Darius Slayton,NYG,WR,,09/14/2020,Steelers,L 16 - 26,,,,,,,,,,,,,,,6,102,17,41,2,,
307,Darnell Mooney,CHI,WR,,09/13/2020,@Lions,W 27 - 23,,,,,,,,,,,,,,,3,38,12.7,19,0,,
490,Darrel Williams,KC,RB,,09/11/2020,Texans,W 34 - 20,,,,,,,,,,7,23,3.3,7,0,2,7,3.5,6,0,,
116,Darrell Daniels,,TE,,09/13/2020,@49ers,W 24 - 20,,,,,,,,,,,,,,,,,,,,,
226,Darrell Henderson,LAR,RB,,09/14/2020,Cowboys,W 20 - 17,,,,,,,,,,3,6,2,3,0,,,,,,,
151,Darren Fells,HOU,TE,,09/11/2020,@Chiefs,L 20 - 34,,,,,,,,,,,,,,,2,19,9.5,12,0,,
507,Darren Waller,LV,TE,,09/13/2020,@Panthers,W 34 - 30,,,,,,,,,,,,,,,6,45,7.5,8,0,,
122,Darrynton Evans,,RB,,09/15/2020,@Broncos,W 16 - 14,,,,,,,,,,,,,,,,,,,,,
453,Darwin Thompson,KC,RB,,09/11/2020,Texans,W 34 - 20,,,,,,,,,,,,,,,,,,,,,
18,Davante Adams,GB,WR,,09/13/2020,@Vikings,W 43 - 34,,,,,,,,,,,,,,,14,156,11.1,40,2,,
251,David Johnson,HOU,RB,,09/11/2020,@Chiefs,L 20 - 34,,,,,,,,,,11,77,7,19,1,3,32,10.7,15,0,,
309,David Montgomery,CHI,RB,,09/13/2020,@Lions,W 27 - 23,,,,,,,,,,13,64,4.9,10,0,1,10,10,10,0,,
305,David Moore,SEA,WR,,09/13/2020,@Falcons,W 38 - 25,,,,,,,,,,1,12,12,12,0,3,28,9.3,18,0,,
340,David Njoku,CLE,TE,,09/13/2020,@Ravens,L 6 - 38,,,,,,,,,,,,,,,3,50,16.7,28,1,,
271,Dawson Knox,BUF,TE,,09/13/2020,Jets,W 27 - 17,,,,,,,,,,,,,,,2,26,13,15,0,,
86,DeAndre Carter,CHI,WR,,09/11/2020,@Chiefs,L 20 - 34,,,,,,,,,,,,,,,1,8,8,8,0,,
198,DeAndre Hopkins,ARI,WR,,09/13/2020,@49ers,W 24 - 20,,,,,,,,,,,,,,,14,151,10.8,33,0,,
268,DeSean Jackson,,WR,,09/13/2020,@Football Team,L 17 - 27,,,,,,,,,,,,,,,2,46,23,27,0,,
372,DeVante Parker,MIA,WR,,09/13/2020,@Patriots,L 11 - 21,,,,,,,,,,,,,,,4,47,11.8,18,0,,
497,Dede Westbrook,,WR,,09/13/2020,Colts,W 27 - 20,,,,,,,,,,,,,,,,,,,,,
119,DeeJay Dallas,SEA,RB,,09/13/2020,@Falcons,W 38 - 25,,,,,,,,,,,,,,,,,,,,,
383,Demarcus Robinson,KC,WR,,09/11/2020,Texans,W 34 - 20,,,,,,,,,,,,,,,3,20,6.7,9,0,,
231,Demetrius Harris,CHI,TE,,09/13/2020,@Lions,W 27 - 23,,,,,,,,,,,,,,,0,0,,,0,,
312,Denzel Mims,NYJ,WR,,09/13/2020,@Bills,L 17 - 27,,,,,,,,,,,,,,,,,,,,,
510,Deon Yelder,KC,TE,,09/11/2020,Texans,W 34 - 20,,,,,,,,,,,,,,,,,,,,,
230,Deonte Harris,NO,WR,,09/13/2020,Buccaneers,W 34 - 23,,,,,,,,,,1,9,9,9,0,1,17,17,17,0,,
90,Derek Carr,LV,QB,,09/13/2020,@Panthers,W 34 - 30,22,30,239,8,1,0,0,0,107.5,,,,,,,,,,,,
89,Derek Carrier,LV,TE,,09/13/2020,@Panthers,W 34 - 30,,,,,,,,,,,,,,,,,,,,,
224,Derrick Henry,TEN,RB,,09/15/2020,@Broncos,W 16 - 14,,,,,,,,,,31,116,3.7,13,0,3,15,5,6,0,,
502,Deshaun Watson,HOU,QB,,09/11/2020,@Chiefs,L 20 - 34,20,32,253,7.9,1,1,4,11,84.5,6,27,4.5,,1,,,,,,,
1,Devin Asiasi,,TE,,09/13/2020,Dolphins,W 21 - 11,,,,,,,,,,,,,,,,,,,,,
97,Devin Duvernay,BAL,WR,,09/13/2020,Browns,W 38 - 6,,,,,,,,,,,,,,,1,12,12,12,0,,
427,Devin Singletary,BUF,RB,,09/13/2020,Jets,W 27 - 17,,,,,,,,,,9,30,3.3,12,0,5,23,4.6,9,0,,
46,Devontae Booker,LV,RB,,09/13/2020,@Panthers,W 34 - 30,,,,,,,,,,4,29,7.3,15,0,3,23,7.7,14,0,1,0
370,Dezmon Patmon,IND,WR,,09/13/2020,@Jaguars,L 20 - 27,,,,,,,,,,,,,,,,,,,,,
290,Dion Lewis,NYG,RB,,09/14/2020,Steelers,L 16 - 26,,,,,,,,,,1,1,1,1,0,0,0,,,0,,
255,Diontae Johnson,PIT,WR,,09/14/2020,@Giants,W 26 - 16,,,,,,,,,,,,,,,6,57,9.5,18,0,1,1
412,Diontae Spencer,,WR,,09/15/2020,Titans,L 14 - 16,,,,,,,,,,,,,,,,,,,,,
373,Donald Parham,LAC,TE,,09/13/2020,@Bengals,W 16 - 13,,,,,,,,,,,,,,,,,,,,,
366,Donovan Peoples-Jones,CLE,WR,,09/13/2020,@Ravens,L 6 - 38,,,,,,,,,,,,,,,,,,,,,
238,Dontrelle Inman,WSH,WR,,09/13/2020,Eagles,W 27 - 17,,,,,,,,,,,,,,,2,21,10.5,11,0,,
36,Drew Brees,,QB,,09/13/2020,Buccaneers,W 34 - 23,18,30,160,5.3,2,0,1,9,96.5,2,0,0,,0,,,,,,,
287,Drew Lock,DEN,QB,,09/15/2020,Titans,L 14 - 16,22,33,216,6.5,1,0,0,0,95,3,5,1.7,,0,,,,,,2,0
445,Drew Sample,CIN,TE,,09/13/2020,Chargers,L 13 - 16,,,,,,,,,,,,,,,1,7,7,7,0,,
256,Duke Johnson,HOU,RB,,09/11/2020,@Chiefs,L 20 - 34,,,,,,,,,,5,14,2.8,7,0,0,0,,,0,,
415,Durham Smythe,MIA,TE,,09/13/2020,@Patriots,L 11 - 21,,,,,,,,,,,,,,,,,,,,,
227,Dwayne Haskins,WSH,QB,,09/13/2020,Eagles,W 27 - 17,17,31,178,5.7,1,0,3,19,82.5,7,17,2.4,,0,,,,,,1,0
405,Easton Stick,LAC,QB,,09/13/2020,@Bengals,W 16 - 13,,,,,,,,,,,,,,,,,,,,,
367,Elijhaa Penny,NYG,RB,,09/14/2020,Steelers,L 16 - 26,,,,,,,,,,,,,,,,,,,,,
441,Emmanuel Sanders,NO,WR,,09/13/2020,Buccaneers,W 34 - 23,,,,,,,,,,,,,,,3,15,5,6,1,,
51,Eno Benjamin,ARI,RB,,09/13/2020,@49ers,W 24 - 20,,,,,,,,,,,,,,,,,,,,,
409,Equanimeous St Brown,GB,WR,,09/13/2020,@Vikings,W 43 - 34,,,,,,,,,,,,,,,,,,,,,
136,Eric Ebron,PIT,TE,,09/14/2020,@Giants,W 26 - 16,,,,,,,,,,,,,,,1,18,18,18,0,,
440,Eric Saubert,JAX,TE,,09/13/2020,@Lions,W 27 - 23,,,,,,,,,,,,,,,,,,,,,
450,Eric Tomlinson,,TE,,09/14/2020,@Giants,W 26 - 16,,,,,,,,,,,,,,,,,,,,,
126,Evan Engram,NYG,TE,,09/14/2020,Steelers,L 16 - 26,,,,,,,,,,,,,,,2,9,4.5,5,0,,
127,Ezekiel Elliott,DAL,RB,,09/14/2020,@Rams,L 17 - 20,,,,,,,,,,22,96,4.4,14,1,3,31,10.3,19,1,,
302,Foster Moreau,LV,TE,,09/13/2020,@Panthers,W 34 - 30,,,,,,,,,,,,,,,,,,,,,
166,Frank Gore,NYJ,RB,,09/13/2020,@Bills,L 17 - 27,,,,,,,,,,6,24,4,8,0,,,,,,,
399,Freddie Swain,SEA,WR,,09/13/2020,@Falcons,W 38 - 25,,,,,,,,,,,,,,,1,17,17,17,0,,
113,Gabriel Davis,BUF,WR,,09/13/2020,Jets,W 27 - 17,,,,,,,,,,,,,,,2,16,8,13,0,,
311,Gardner Minshew,JAX,QB,,09/13/2020,Colts,W 27 - 20,19,20,173,8.7,3,0,4,23,142.3,5,19,3.8,,0,,,,,,,
421,Geno Smith,SEA,QB,,09/13/2020,@Falcons,W 38 - 25,,,,,,,,,,,,,,,,,,,,,
400,Geoff Swaim,TEN,TE,,09/15/2020,@Broncos,W 16 - 14,,,,,,,,,,,,,,,,,,,,,
273,George Kittle,,TE,,09/13/2020,Cardinals,L 20 - 24,,,,,,,,,,1,9,9,9,0,4,44,11,14,0,,
120,Gerald Everett,LAR,TE,,09/14/2020,Cowboys,W 20 - 17,,,,,,,,,,,,,,,1,7,7,7,0,,
50,Giovani Bernard,CIN,RB,,09/13/2020,Chargers,L 13 - 16,,,,,,,,,,1,7,7,7,0,4,21,5.3,10,0,,
466,Golden Tate,NYG,WR,,09/14/2020,Steelers,L 16 - 26,,,,,,,,,,,,,,,,,,,,,
346,Greg Olsen,,TE,,09/13/2020,@Falcons,W 38 - 25,,,,,,,,,,,,,,,4,24,6,9,1,,
506,Greg Ward,PHI,WR,,09/13/2020,@Football Team,L 17 - 27,,,,,,,,,,,,,,,5,31,6.2,11,0,,
132,Gus Edwards,BAL,RB,,09/13/2020,Browns,W 38 - 6,,,,,,,,,,4,17,4.3,13,0,,,,,,,
26,Harrison Bryant,CLE,TE,,09/13/2020,@Ravens,L 6 - 38,,,,,,,,,,,,,,,1,5,5,5,0,,
189,Hayden Hurst,ATL,TE,,09/13/2020,Seahawks,L 25 - 38,,,,,,,,,,,,,,,3,38,12.7,27,0,,
375,Henry Ruggs,LV,WR,,09/13/2020,@Panthers,W 34 - 30,,,,,,,,,,2,11,5.5,7,0,3,55,18.3,45,0,,
25,Hunter Bryant,DET,TE,,09/13/2020,Bears,L 23 - 27,,,,,,,,,,,,,,,,,,,,,
223,Hunter Henry,LAC,TE,,09/13/2020,@Bengals,W 16 - 13,,,,,,,,,,,,,,,5,73,14.6,33,0,,
392,Hunter Renfrow,LV,WR,,09/13/2020,@Panthers,W 34 - 30,,,,,,,,,,,,,,,2,21,10.5,11,0,,
459,Ian Thomas,CAR,TE,,09/13/2020,Raiders,L 30 - 34,,,,,,,,,,,,,,,2,16,8,11,0,,
423,Irv Smith,MIN,TE,,09/13/2020,Packers,L 34 - 43,,,,,,,,,,,,,,,1,11,11,11,0,,
144,Isaiah Ford,,WR,,09/13/2020,Dolphins,W 21 - 11,,,,,,,,,,,,,,,2,13,6.5,8,0,,
325,Isaiah McKenzie,BUF,WR,,09/13/2020,Jets,W 27 - 17,,,,,,,,,,,,,,,3,17,5.7,10,0,,
474,Isaiah Wright,WSH,WR,,09/13/2020,Eagles,W 27 - 17,,,,,,,,,,,,,,,,,,,,,
420,Ito Smith,ATL,RB,,09/13/2020,Seahawks,L 25 - 38,,,,,,,,,,1,4,4,4,0,3,2,0.7,2,0,,
322,JD McKissic,WSH,RB,,09/13/2020,Eagles,W 27 - 17,,,,,,,,,,3,-2,-0.7,1,0,1,1,1,1,0,,
3,JJ Arcega-Whiteside,PHI,WR,,09/13/2020,@Football Team,L 17 - 27,,,,,,,,,,,,,,,,,,,,,
465,JJ Taylor,NE,RB,,09/13/2020,Dolphins,W 21 - 11,,,,,,,,,,4,28,7,11,0,1,4,4,4,0,,
105,JK Dobbins,BAL,RB,,09/13/2020,Browns,W 38 - 6,,,,,,,,,,7,22,3.1,12,2,,,,,,,
202,JP Holtz,CHI,TE,,09/13/2020,@Lions,W 27 - 23,,,,,,,,,,,,,,,,,,,,,
408,Jace Sternberger,GB,TE,,09/13/2020,@Vikings,W 43 - 34,,,,,,,,,,,,,,,0,0,,,0,,
101,Jack Doyle,IND,TE,,09/13/2020,@Jaguars,L 20 - 27,,,,,,,,,,,,,,,3,49,16.3,28,0,,
137,Jacob Eason,IND,QB,,09/13/2020,@Jaguars,L 20 - 27,,,,,,,,,,,,,,,,,,,,,
203,Jacob Hollister,SEA,TE,,09/13/2020,@Falcons,W 38 - 25,,,,,,,,,,,,,,,1,9,9,9,0,,
33,Jacoby Brissett,IND,QB,,09/13/2020,@Jaguars,L 20 - 27,0,0,0,,0,0,1,6,-1,,,,,,,,,,,,
165,Jaeden Graham,ATL,TE,,09/13/2020,Seahawks,L 25 - 38,,,,,,,,,,,,,,,,,,,,,
21,Jake Butt,,TE,,09/15/2020,Titans,L 14 - 16,,,,,,,,,,,,,,,1,0,0,0,0,,
139,Jake Fromm,BUF,QB,,09/13/2020,Jets,W 27 - 17,,,,,,,,,,,,,,,,,,,,,
282,Jake Luton,JAX,QB,,09/13/2020,Colts,W 27 - 20,,,,,,,,,,,,,,,,,,,,,
163,Jakeem Grant,MIA,WR,,09/13/2020,@Patriots,L 11 - 21,,,,,,,,,,,,,,,3,25,8.3,14,0,,
317,Jakobi Meyers,NE,WR,,09/13/2020,Dolphins,W 21 - 11,,,,,,,,,,,,,,,,,,,,,
153,Jalen Guyton,LAC,WR,,09/13/2020,@Bengals,W 16 - 13,,,,,,,,,,,,,,,1,16,16,16,0,,
188,Jalen Hurts,PHI,QB,,09/13/2020,@Football Team,L 17 - 27,,,,,,,,,,,,,,,,,,,,,
395,Jalen Reagor,PHI,WR,,09/13/2020,@Football Team,L 17 - 27,,,,,,,,,,,,,,,1,55,55,55,0,1,0
390,Jalen Richard,LV,RB,,09/13/2020,@Panthers,W 34 - 30,,,,,,,,,,,,,,,1,15,15,15,0,,
489,Jamaal Williams,GB,RB,,09/13/2020,@Vikings,W 43 - 34,,,,,,,,,,7,21,3,5,0,4,21,5.3,15,0,,
15,Jamal Agnew,DET,WR,,09/13/2020,Bears,L 23 - 27,,,,,,,,,,,,,,,0,0,,,0,,
480,Jameis Winston,NO,QB,,09/13/2020,Buccaneers,W 34 - 23,,,,,,,,,,,,,,,,,,,,,
72,James Conner,,RB,,09/14/2020,@Giants,W 26 - 16,,,,,,,,,,6,9,1.5,3,0,2,8,4,6,0,,
301,James Morgan,NYJ,QB,,09/13/2020,@Bills,L 17 - 27,,,,,,,,,,,,,,,,,,,,,
344,James O'Shaughnessy,JAX,TE,,09/13/2020,Colts,W 27 - 20,,,,,,,,,,,,,,,1,0,0,0,0,,
351,James Proche,BAL,WR,,09/13/2020,Browns,W 38 - 6,,,,,,,,,,,,,,,,,,,,,
382,James Robinson,JAX,RB,,09/13/2020,Colts,W 27 - 20,,,,,,,,,,16,62,3.9,12,0,1,28,28,28,0,,
504,James Washington,PIT,WR,,09/14/2020,@Giants,W 26 - 16,,,,,,,,,,,,,,,2,34,17,21,1,,
495,James White,NE,RB,,09/13/2020,Dolphins,W 21 - 11,,,,,,,,,,5,22,4.4,7,0,3,30,10,11,0,,
63,Jamison Crowder,NYJ,WR,,09/13/2020,@Bills,L 17 - 27,,,,,,,,,,,,,,,7,115,16.4,69,1,,
70,Jared Cook,NO,TE,,09/13/2020,Buccaneers,W 34 - 23,,,,,,,,,,,,,,,5,80,16,46,0,,
169,Jared Goff,LAR,QB,,09/14/2020,Cowboys,W 20 - 17,20,31,275,8.9,0,1,1,6,79.4,4,15,3.8,,0,,,,,,,
407,Jarrett Stidham,NE,QB,,09/13/2020,Dolphins,W 21 - 11,,,,,,,,,,,,,,,,,,,,,
292,Jarvis Landry,CLE,WR,,09/13/2020,@Ravens,L 6 - 38,,,,,,,,,,,,,,,5,61,12.2,20,0,,
190,Jason Huntley,PHI,RB,,09/13/2020,@Football Team,L 17 - 27,,,,,,,,,,1,1,1,1,0,,,,,,,
303,Jason Moore,,WR,,09/13/2020,@Bengals,W 16 - 13,,,,,,,,,,,,,,,,,,,,,
479,Jason Witten,LV,TE,,09/13/2020,@Panthers,W 34 - 30,,,,,,,,,,,,,,,1,2,2,2,0,,
481,Javon Wims,CHI,WR,,09/13/2020,@Lions,W 27 - 23,,,,,,,,,,,,,,,1,1,1,1,1,,
315,Jaydon Mickens,TB,WR,,09/13/2020,@Saints,L 23 - 34,,,,,,,,,,,,,,,,,,,,,
443,Jaylen Samuels,PIT,RB,,09/14/2020,@Giants,W 26 - 16,,,,,,,,,,1,2,2,2,0,1,1,1,1,0,,
99,Jeff Driskel,,QB,,09/15/2020,Titans,L 14 - 16,,,,,,,,,,,,,,,,,,,,,
484,Jeff Wilson,SF,RB,,09/13/2020,Cardinals,L 20 - 24,,,,,,,,,,,,,,,,,,,,,
320,Jeremy McNichols,TEN,RB,,09/15/2020,@Broncos,W 16 - 14,,,,,,,,,,,,,,,0,0,,,0,,
411,Jeremy Sprinkle,WSH,TE,,09/13/2020,Eagles,W 27 - 17,,,,,,,,,,,,,,,,,,,,,
323,Jerick McKinnon,SF,RB,,09/13/2020,Cardinals,L 20 - 24,,,,,,,,,,3,24,8,16,0,3,20,6.7,9,1,,
257,Jerry Jeudy,DEN,WR,,09/15/2020,Titans,L 14 - 16,,,,,,,,,,,,,,,4,56,14,25,0,1,0
263,Jesse James,DET,TE,,09/13/2020,Bears,L 23 - 27,,,,,,,,,,,,,,,,,,,,,
180,Jimmy Garoppolo,,QB,,09/13/2020,Cardinals,L 20 - 24,19,33,259,7.8,2,0,3,16,103,1,9,9,,0,,,,,,,
164,Jimmy Graham,CHI,TE,,09/13/2020,@Lions,W 27 - 23,,,,,,,,,,,,,,,3,25,8.3,16,1,,
342,JoJo Natson,,WR,,09/13/2020,@Ravens,L 6 - 38,,,,,,,,,,,,,,,,,,,,,
23,Joe Burrow,,QB,,09/13/2020,Chargers,L 13 - 16,23,36,193,5.4,0,1,3,20,66.1,8,46,5.8,,1,,,,,,1,0
146,Joe Flacco,NYJ,QB,,09/13/2020,@Bills,L 17 - 27,,,,,,,,,,,,,,,,,,,,,
310,Joe Mixon,,RB,,09/13/2020,Chargers,L 13 - 16,,,,,,,,,,19,69,3.6,14,0,1,2,2,2,0,1,1
394,Joe Reed,LAC,WR,,09/13/2020,@Bengals,W 16 - 13,,,,,,,,,,,,,,,,,,,,,
29,John Brown,,WR,,09/13/2020,Jets,W 27 - 17,,,,,,,,,,,,,,,6,70,11.7,20,1,,
217,John Hightower,PHI,WR,,09/13/2020,@Football Team,L 17 - 27,,,,,,,,,,,,,,,1,-2,-2,-2,0,,
283,John Lovett,,TE,,09/13/2020,@Vikings,W 43 - 34,,,,,,,,,,,,,,,,,,,,,
378,John Ross,,WR,,09/13/2020,Chargers,L 13 - 16,,,,,,,,,,,,,,,2,17,8.5,15,0,,
477,John Wolford,LAR,QB,,09/14/2020,Cowboys,W 20 - 17,,,,,,,,,,,,,,,,,,,,,
297,Johnny Mundt,LAR,TE,,09/14/2020,Cowboys,W 20 - 17,,,,,,,,,,,,,,,,,,,,,
464,Jonathan Taylor,IND,RB,,09/13/2020,@Jaguars,L 20 - 27,,,,,,,,,,9,22,2.4,9,0,6,67,11.2,35,0,,
488,Jonathan Williams,DET,RB,,09/13/2020,Bears,L 23 - 27,,,,,,,,,,,,,,,,,,,,,
419,Jonnu Smith,TEN,TE,,09/15/2020,@Broncos,W 16 - 14,,,,,,,,,,,,,,,4,36,9,22,1,,
12,Jordan Akins,HOU,TE,,09/11/2020,@Chiefs,L 20 - 34,,,,,,,,,,,,,,,2,39,19.5,20,1,,
197,Jordan Howard,PHI,RB,,09/13/2020,@Patriots,L 11 - 21,,,,,,,,,,8,7,0.9,4,1,,,,,,,
284,Jordan Love,GB,QB,,09/13/2020,@Vikings,W 43 - 34,,,,,,,,,,,,,,,,,,,,,
393,Jordan Reed,SF,TE,,09/13/2020,Cardinals,L 20 - 24,,,,,,,,,,,,,,,2,12,6,10,0,,
492,Jordan Wilkins,IND,RB,,09/13/2020,@Jaguars,L 20 - 27,,,,,,,,,,,,,,,,,,,,,
17,Josh Adams,NYJ,RB,,09/13/2020,@Bills,L 17 - 27,,,,,,,,,,2,8,4,6,1,2,14,7,7,0,,
10,Josh Allen,BUF,QB,,09/13/2020,Jets,W 27 - 17,33,46,312,6.8,2,0,3,6,104.6,14,57,4.1,,1,,,,,,2,2
214,Josh Hill,NO,TE,,09/13/2020,Buccaneers,W 34 - 23,,,,,,,,,,,,,,,0,0,,,0,,
264,Josh Jacobs,LV,RB,,09/13/2020,@Panthers,W 34 - 30,,,,,,,,,,25,93,3.7,14,3,4,46,11.5,29,0,,
337,Josh Malone,,WR,,09/13/2020,@Bills,L 17 - 27,,,,,,,,,,,,,,,,,,,,,
391,Josh Reynolds,LAR,WR,,09/14/2020,Cowboys,W 20 - 17,,,,,,,,,,,,,,,1,17,17,17,0,,
104,Joshua Dobbs,PIT,QB,,09/14/2020,@Giants,W 26 - 16,,,,,,,,,,,,,,,,,,,,,
276,Joshua Kelley,LAC,RB,,09/13/2020,@Bengals,W 16 - 13,,,,,,,,,,12,60,5,26,1,,,,,,,
110,Josiah Deguara,,TE,,09/13/2020,@Vikings,W 43 - 34,,,,,,,,,,,,,,,1,12,12,12,0,,
416,JuJu Smith-Schuster,PIT,WR,,09/14/2020,@Giants,W 26 - 16,,,,,,,,,,,,,,,6,69,11.5,17,2,,
135,Julian Edelman,,WR,,09/13/2020,Dolphins,W 21 - 11,,,,,,,,,,1,23,23,23,0,5,57,11.4,16,0,,
243,Julio Jones,ATL,WR,,09/13/2020,Seahawks,L 25 - 38,,,,,,,,,,,,,,,9,157,17.4,44,0,,
215,Justice Hill,BAL,RB,,09/13/2020,Browns,W 38 - 6,,,,,,,,,,,,,,,,,,,,,
222,Justin Herbert,LAC,QB,,09/13/2020,@Bengals,W 16 - 13,,,,,,,,,,,,,,,,,,,,,
267,Justin Jackson,,RB,,09/13/2020,@Bengals,W 16 - 13,,,,,,,,,,2,4,2,2,0,,,,,,,
260,Justin Jefferson,MIN,WR,,09/13/2020,Packers,L 34 - 43,,,,,,,,,,,,,,,2,26,13,17,0,,
501,Justin Watson,TB,WR,,09/13/2020,@Saints,L 23 - 34,,,,,,,,,,,,,,,1,6,6,6,0,,
233,KJ Hamler,DEN,WR,,09/15/2020,Titans,L 14 - 16,,,,,,,,,,,,,,,,,,,,,
213,KJ Hill,LAC,WR,,09/13/2020,@Bengals,W 16 - 13,,,,,,,,,,,,,,,,,,,,,
345,KJ Osborn,MIN,WR,,09/13/2020,Packers,L 34 - 43,,,,,,,,,,,,,,,,,,,,,
424,Kaden Smith,NYG,TE,,09/14/2020,Steelers,L 16 - 26,,,,,,,,,,,,,,,2,17,8.5,12,0,,
505,Kahale Warring,HOU,TE,,09/11/2020,@Chiefs,L 20 - 34,,,,,,,,,,,,,,,,,,,,,
396,Kalif Raymond,TEN,WR,,09/15/2020,@Broncos,W 16 - 14,,,,,,,,,,,,,,,0,0,,,0,,
191,Kareem Hunt,CLE,RB,,09/13/2020,@Ravens,L 6 - 38,,,,,,,,,,13,72,5.5,22,0,4,9,2.3,8,0,1,0
471,Ke'Shawn Vaughn,TB,RB,,09/13/2020,@Saints,L 23 - 34,,,,,,,,,,,,,,,,,,,,,
76,Keelan Cole,JAX,WR,,09/13/2020,Colts,W 27 - 20,,,,,,,,,,,,,,,5,47,9.4,22,1,,
9,Keenan Allen,LAC,WR,,09/13/2020,@Bengals,W 16 - 13,,,,,,,,,,,,,,,4,37,9.3,13,0,,
64,Keke Coutee,HOU,WR,,09/11/2020,@Chiefs,L 20 - 34,,,,,,,,,,,,,,,,,,,,,
44,Kendrick Bourne,SF,WR,,09/13/2020,Cardinals,L 20 - 24,,,,,,,,,,,,,,,2,34,17,18,0,,
168,Kenny Golladay,DET,WR,,09/13/2020,Bears,L 23 - 27,,,,,,,,,,,,,,,,,,,,,
406,Kenny Stills,,WR,,09/11/2020,@Chiefs,L 20 - 34,,,,,,,,,,,,,,,0,0,,,0,,
100,Kenyan Drake,ARI,RB,,09/13/2020,@49ers,W 24 - 20,,,,,,,,,,16,60,3.8,11,1,2,5,2.5,3,0,,
249,Kerryon Johnson,DET,RB,,09/13/2020,Bears,L 23 - 27,,,,,,,,,,7,14,2,5,0,,,,,,,
207,KhaDarel Hodge,CLE,WR,,09/13/2020,@Ravens,L 6 - 38,,,,,,,,,,,,,,,1,12,12,12,0,,
65,Kirk Cousins,MIN,QB,,09/13/2020,Packers,L 34 - 43,19,25,259,10.4,2,1,2,11,118.6,4,34,8.5,,0,,,,,,,
8,Kyle Allen,,QB,,09/13/2020,Eagles,W 27 - 17,,,,,,,,,,,,,,,,,,,,,
376,Kyle Rudolph,MIN,TE,,09/13/2020,Packers,L 34 - 43,,,,,,,,,,,,,,,2,28,14,22,0,,
296,Kyler Murray,ARI,QB,,09/13/2020,@49ers,W 24 - 20,26,40,230,5.8,1,1,2,6,78.1,13,91,7,,1,,,,,,,
365,La'Mical Perine,,RB,,09/13/2020,@Bills,L 17 - 27,,,,,,,,,,,,,,,,,,,,,
266,Lamar Jackson,,QB,,09/13/2020,Browns,W 38 - 6,20,25,275,11,3,0,2,14,152.1,7,45,6.4,,0,,,,,,1,0
148,Larry Fitzgerald,,WR,,09/13/2020,@49ers,W 24 - 20,,,,,,,,,,,,,,,4,34,8.5,10,0,,
295,Latavius Murray,NO,RB,,09/13/2020,Buccaneers,W 34 - 23,,,,,,,,,,15,48,3.2,8,0,0,0,,,0,,
433,Laviska Shenault,JAX,WR,,09/13/2020,Colts,W 27 - 20,,,,,,,,,,2,10,5,5,0,3,37,12.3,18,1,,
52,Le'Veon Bell,KC,RB,,09/13/2020,@Bills,L 17 - 27,,,,,,,,,,6,14,2.3,7,0,2,32,16,30,0,,
328,LeSean McCoy,TB,RB,,09/13/2020,@Saints,L 23 - 34,,,,,,,,,,,,,,,1,2,2,2,0,,
418,Lee Smith,BUF,TE,,09/13/2020,Jets,W 27 - 17,,,,,,,,,,,,,,,,,,,,,
142,Leonard Fournette,TB,RB,,09/13/2020,@Saints,L 23 - 34,,,,,,,,,,5,5,1,6,0,1,14,14,14,0,,
451,Levine Toilolo,NYG,TE,,09/14/2020,Steelers,L 16 - 26,,,,,,,,,,,,,,,1,13,13,13,0,,
458,Logan Thomas,WSH,TE,,09/13/2020,Eagles,W 27 - 17,,,,,,,,,,,,,,,4,37,9.3,19,1,,
475,Logan Woodside,TEN,QB,,09/15/2020,@Broncos,W 16 - 14,,,,,,,,,,,,,,,,,,,,,
404,Luke Stocker,ATL,TE,,09/13/2020,Seahawks,L 25 - 38,,,,,,,,,,,,,,,0,0,,,0,,
483,Luke Willson,BAL,TE,,09/13/2020,@Falcons,W 38 - 25,,,,,,,,,,,,,,,,,,,,,
43,Lynn Bowden,MIA,RB,,09/13/2020,@Patriots,L 11 - 21,,,,,,,,,,,,,,,,,,,,,
205,Mack Hollins,MIA,WR,,09/13/2020,@Patriots,L 11 - 21,,,,,,,,,,,,,,,,,,,,,
28,Malcolm Brown,LAR,RB,,09/14/2020,Cowboys,W 20 - 17,,,,,,,,,,18,79,4.4,12,2,3,31,10.3,18,0,,
362,Malcolm Perry,MIA,RB,,09/13/2020,@Patriots,L 11 - 21,,,,,,,,,,,,,,,,,,,,,
463,Malik Taylor,GB,WR,,09/13/2020,@Vikings,W 43 - 34,,,,,,,,,,,,,,,,,,,,,
446,Malik Turner,DAL,WR,,09/14/2020,@Rams,L 17 - 20,,,,,,,,,,,,,,,,,,,,,
289,Marcedes Lewis,GB,TE,,09/13/2020,@Vikings,W 43 - 34,,,,,,,,,,,,,,,,,,,,,
59,Marcus Baugh,,TE,,09/13/2020,Eagles,W 27 - 17,,,,,,,,,,,,,,,,,,,,,
275,Marcus Kemp,KC,WR,,09/11/2020,Texans,W 34 - 20,,,,,,,,,,,,,,,,,,,,,
4,Mark Andrews,,TE,,09/13/2020,Browns,W 38 - 6,,,,,,,,,,,,,,,5,58,11.6,21,2,,
239,Mark Ingram,BAL,RB,,09/13/2020,Browns,W 38 - 6,,,,,,,,,,10,29,2.9,8,0,,,,,,,
339,Marlon Mack,,RB,,09/13/2020,@Jaguars,L 20 - 27,,,,,,,,,,4,26,6.5,18,0,3,30,10,19,0,,
94,Marquez Callaway,,WR,,09/13/2020,Buccaneers,W 34 - 23,,,,,,,,,,,,,,,,,,,,,
473,Marquez Valdes-Scantling,GB,WR,,09/13/2020,@Vikings,W 43 - 34,,,,,,,,,,,,,,,4,96,24,45,1,,
31,Marquise Brown,BAL,WR,,09/13/2020,Browns,W 38 - 6,,,,,,,,,,,,,,,5,101,20.2,47,0,,
235,Marvin Hall,,WR,,09/13/2020,Bears,L 23 - 27,,,,,,,,,,,,,,,1,26,26,26,0,,
244,Marvin Jones,DET,WR,,09/13/2020,Bears,L 23 - 27,,,,,,,,,,,,,,,4,55,13.8,21,0,,
377,Mason Rudolph,PIT,QB,,09/14/2020,@Giants,W 26 - 16,,,,,,,,,,,,,,,,,,,,,
61,Matt Barkley,BUF,QB,,09/13/2020,Jets,W 27 - 17,,,,,,,,,,,,,,,,,,,,,
35,Matt Breida,,RB,,09/13/2020,@Patriots,L 11 - 21,,,,,,,,,,5,22,4.4,7,0,,,,,,,
374,Matt Ryan,ATL,QB,,09/13/2020,Seahawks,L 25 - 38,37,54,450,8.3,2,1,2,16,98.5,1,-1,-1,,0,,,,,,,
439,Matt Schaub,ATL,QB,,09/13/2020,Seahawks,L 25 - 38,,,,,,,,,,,,,,,,,,,,,
426,Matthew Slater,NE,WR,,09/13/2020,Dolphins,W 21 - 11,,,,,,,,,,,,,,,,,,,,,
410,Matthew Stafford,DET,QB,,09/13/2020,Bears,L 23 - 27,24,42,297,7.1,1,1,1,9,77.2,5,23,4.6,,0,,,,,,,
487,Maxx Williams,ARI,TE,,09/13/2020,@49ers,W 24 - 20,,,,,,,,,,,,,,,0,0,,,0,,
232,Mecole Hardman,KC,WR,,09/11/2020,Texans,W 34 - 20,,,,,,,,,,,,,,,1,6,6,6,0,,
167,Melvin Gordon,DEN,RB,,09/15/2020,Titans,L 14 - 16,,,,,,,,,,15,78,5.2,25,1,3,8,2.7,8,0,1,1
22,Michael Burton,NO,RB,,09/13/2020,Buccaneers,W 34 - 23,,,,,,,,,,,,,,,,,,,,,
182,Michael Gallup,DAL,WR,,09/14/2020,@Rams,L 17 - 20,,,,,,,,,,,,,,,3,50,16.7,24,0,,
356,Michael Pittman,IND,WR,,09/13/2020,@Jaguars,L 20 - 27,,,,,,,,,,,,,,,2,10,5,5,0,,
457,Michael Thomas,NO,WR,,09/13/2020,Buccaneers,W 34 - 23,,,,,,,,,,,,,,,3,17,5.7,8,0,,
45,Mike Boone,MIN,RB,,09/13/2020,Packers,L 34 - 43,,,,,,,,,,,,,,,,,,,,,
112,Mike Davis,CAR,RB,,09/13/2020,Raiders,L 30 - 34,,,,,,,,,,,,,,,,,,,,,
121,Mike Evans,TB,WR,,09/13/2020,@Saints,L 23 - 34,,,,,,,,,,,,,,,1,2,2,2,1,,
177,Mike Gesicki,MIA,TE,,09/13/2020,@Patriots,L 11 - 21,,,,,,,,,,,,,,,3,30,10,18,0,,
172,Mike Glennon,JAX,QB,,09/13/2020,Colts,W 27 - 20,,,,,,,,,,,,,,,,,,,,,
456,Mike Thomas,CIN,WR,,09/13/2020,Chargers,L 13 - 16,,,,,,,,,,,,,,,2,17,8.5,12,0,,
494,Mike White,,QB,,09/13/2020,@Bills,L 17 - 27,,,,,,,,,,,,,,,,,,,,,
493,Mike Williams,LAC,WR,,09/13/2020,@Bengals,W 16 - 13,,,,,,,,,,,,,,,4,69,17.3,37,0,,
41,Miles Boykin,BAL,WR,,09/13/2020,Browns,W 38 - 6,,,,,,,,,,,,,,,3,37,12.3,25,0,,
442,Miles Sanders,PHI,RB,,09/13/2020,@Football Team,L 17 - 27,,,,,,,,,,,,,,,,,,,,,
447,Mitchell Trubisky,CHI,QB,,09/13/2020,@Lions,W 27 - 23,20,36,242,6.7,3,0,1,28,104.2,3,26,8.7,,0,,,,,,1,0
11,Mo Alie-Cox,IND,TE,,09/13/2020,@Jaguars,L 20 - 27,,,,,,,,,,,,,,,2,20,10,13,0,,
350,MyCole Pruitt,TEN,TE,,09/15/2020,@Broncos,W 16 - 14,,,,,,,,,,,,,,,1,1,1,1,1,,
179,Myles Gaskin,MIA,RB,,09/13/2020,@Patriots,L 11 - 21,,,,,,,,,,9,40,4.4,10,0,4,26,6.5,15,0,,
229,N'Keal Harry,NE,WR,,09/13/2020,Dolphins,W 21 - 11,,,,,,,,,,,,,,,5,39,7.8,13,0,1,1
402,Nate Sudfeld,PHI,QB,,09/13/2020,@Football Team,L 17 - 27,,,,,,,,,,,,,,,,,,,,,
66,Nathan Cottrell,JAX,RB,,09/13/2020,Colts,W 27 - 20,,,,,,,,,,,,,,,,,,,,,
360,Nathan Peterman,LV,QB,,09/13/2020,@Panthers,W 34 - 30,,,,,,,,,,,,,,,,,,,,,
16,Nelson Agholor,LV,WR,,09/13/2020,@Panthers,W 34 - 30,,,,,,,,,,,,,,,1,23,23,23,1,,
40,Nick Boyle,,TE,,09/13/2020,Browns,W 38 - 6,,,,,,,,,,,,,,,2,3,1.5,4,0,,
82,Nick Chubb,CLE,RB,,09/13/2020,@Ravens,L 6 - 38,,,,,,,,,,10,60,6,29,0,1,6,6,6,0,1,1
145,Nick Foles,CHI,QB,,09/13/2020,@Lions,W 27 - 23,,,,,,,,,,,,,,,,,,,,,
278,Nick Keizer,KC,TE,,09/11/2020,Texans,W 34 - 20,,,,,,,,,,,,,,,,,,,,,
298,Nick Mullens,SF,QB,,09/13/2020,Cardinals,L 20 - 24,,,,,,,,,,,,,,,,,,,,,
472,Nick Vannett,DEN,TE,,09/15/2020,Titans,L 14 - 16,,,,,,,,,,,,,,,1,-6,-6,-6,0,,
496,Nick Westbrook,TEN,WR,,09/15/2020,@Broncos,W 16 - 14,,,,,,,,,,,,,,,,,,,,,
27,Noah Brown,DAL,WR,,09/14/2020,@Rams,L 17 - 20,,,,,,,,,,,,,,,,,,,,,
152,Noah Fant,DEN,TE,,09/15/2020,Titans,L 14 - 16,,,,,,,,,,,,,,,5,81,16.2,31,1,,
452,Noah Togiai,,TE,,09/13/2020,@Jaguars,L 20 - 27,,,,,,,,,,,,,,,,,,,,,
500,Nsimba Webster,LAR,WR,,09/14/2020,Cowboys,W 20 - 17,,,,,,,,,,,,,,,,,,,,,
209,Nyheim Hines,IND,RB,,09/13/2020,@Jaguars,L 20 - 27,,,,,,,,,,7,28,4,12,1,8,45,5.6,9,1,,
196,OJ Howard,,TE,,09/13/2020,@Saints,L 23 - 34,,,,,,,,,,,,,,,4,36,9,15,1,,
55,Odell Beckham,,WR,,09/13/2020,@Ravens,L 6 - 38,,,,,,,,,,,,,,,3,22,7.3,16,0,,
512,Olamide Zaccheaus,,WR,,09/13/2020,Seahawks,L 25 - 38,,,,,,,,,,,,,,,,,,,,,
508,PJ Walker,CAR,QB,,09/13/2020,Raiders,L 30 - 34,,,,,,,,,,,,,,,,,,,,,
93,Parris Campbell,,WR,,09/13/2020,@Jaguars,L 20 - 27,,,,,,,,,,1,9,9,9,0,6,71,11.8,21,0,,
294,Patrick Laird,MIA,RB,,09/13/2020,@Patriots,L 11 - 21,,,,,,,,,,,,,,,2,9,4.5,6,0,,
338,Patrick Mahomes,KC,QB,,09/11/2020,Texans,W 34 - 20,24,32,211,6.6,3,0,1,8,123.3,,,,,,,,,,,,
228,Penny Hart,SEA,WR,,09/13/2020,@Falcons,W 38 - 25,,,,,,,,,,,,,,,,,,,,,
62,Peyton Barber,WSH,RB,,09/13/2020,Eagles,W 27 - 17,,,,,,,,,,17,29,1.7,8,2,,,,,,,
67,Pharoh Cooper,CAR,WR,,09/13/2020,Raiders,L 30 - 34,,,,,,,,,,,,,,,,,,,,,
387,Philip Rivers,IND,QB,,09/13/2020,@Jaguars,L 20 - 27,36,46,363,7.9,1,2,0,0,88.7,1,3,3,,0,,,,,,,
103,Phillip Dorsett,,WR,,09/13/2020,@Falcons,W 38 - 25,,,,,,,,,,,,,,,,,,,,,
288,Phillip Lindsay,DEN,RB,,09/15/2020,Titans,L 14 - 16,,,,,,,,,,7,24,3.4,10,0,1,11,11,11,0,,
486,Preston Williams,,WR,,09/13/2020,@Patriots,L 11 - 21,,,,,,,,,,,,,,,2,41,20.5,21,0,,
347,Qadree Ollison,ATL,RB,,09/13/2020,Seahawks,L 25 - 38,,,,,,,,,,,,,,,,,,,,,
85,Quintez Cephus,DET,WR,,09/13/2020,Bears,L 23 - 27,,,,,,,,,,,,,,,3,43,14.3,20,0,,
299,Raheem Mostert,SF,RB,,09/13/2020,Cardinals,L 20 - 24,,,,,,,,,,15,56,3.7,14,0,4,95,23.8,76,1,,
78,Randall Cobb,,WR,,09/11/2020,@Chiefs,L 20 - 34,,,,,,,,,,,,,,,2,23,11.5,17,0,,
219,Rashard Higgins,CLE,WR,,09/13/2020,@Ravens,L 6 - 38,,,,,,,,,,,,,,,1,9,9,9,0,,
330,Ray-Ray McCloud,PIT,WR,,09/14/2020,@Giants,W 26 - 16,,,,,,,,,,,,,,,,,,,,,
95,Raymond Calais,LAR,RB,,09/14/2020,Cowboys,W 20 - 17,,,,,,,,,,,,,,,,,,,,,
174,Reggie Gilliam,BUF,TE,,09/13/2020,Jets,W 27 - 17,,,,,,,,,,,,,,,,,,,,,
24,Rex Burkhead,,RB,,09/13/2020,Dolphins,W 21 - 11,,,,,,,,,,7,32,4.6,15,0,,,,,,,
380,Richard Rodgers,PHI,TE,,09/13/2020,@Football Team,L 17 - 27,,,,,,,,,,,,,,,,,,,,,
262,Richie James,SF,WR,,09/13/2020,Cardinals,L 20 - 24,,,,,,,,,,,,,,,,,,,,,
436,Ricky Seals-Jones,KC,TE,,09/11/2020,Texans,W 34 - 20,,,,,,,,,,,,,,,,,,,,,
102,Rico Dowdle,DAL,RB,,09/14/2020,@Rams,L 17 - 20,,,,,,,,,,,,,,,,,,,,,
185,Rico Gafford,,WR,,09/13/2020,@Panthers,W 34 - 30,,,,,,,,,,,,,,,,,,,,,
388,Riley Ridley,CHI,WR,,09/13/2020,@Lions,W 27 - 23,,,,,,,,,,,,,,,,,,,,,
155,Rob Gronkowski,TB,TE,,09/13/2020,@Saints,L 23 - 34,,,,,,,,,,,,,,,2,11,5.5,9,0,,
6,Robby Anderson,CAR,WR,,09/13/2020,Raiders,L 30 - 34,,,,,,,,,,,,,,,6,114,19,75,1,,
158,Robert Griffin,,QB,,09/13/2020,Browns,W 38 - 6,1,1,9,9,0,0,0,0,104.2,1,-1,-1,,0,,,,,,,
449,Robert Tonyan,GB,TE,,09/13/2020,@Vikings,W 43 - 34,,,,,,,,,,,,,,,,,,,,,
476,Robert Woods,LAR,WR,,09/14/2020,Cowboys,W 20 - 17,,,,,,,,,,1,14,14,14,0,6,105,17.5,31,0,,
242,Ronald Jones,TB,RB,,09/13/2020,@Saints,L 23 - 34,,,,,,,,,,17,66,3.9,21,0,2,16,8,8,0,,
96,Ross Dwelley,SF,TE,,09/13/2020,Cardinals,L 20 - 24,,,,,,,,,,,,,,,,,,,,,
140,Royce Freeman,DEN,RB,,09/15/2020,Titans,L 14 - 16,,,,,,,,,,1,0,0,0,0,1,12,12,12,0,,
184,Russell Gage,ATL,WR,,09/13/2020,Seahawks,L 25 - 38,,,,,,,,,,,,,,,9,114,12.7,24,0,,
482,Russell Wilson,SEA,QB,,09/13/2020,@Falcons,W 38 - 25,31,35,322,9.2,4,0,3,23,143.1,3,29,9.7,,0,,,,,,1,0
150,Ryan Finley,CIN,QB,,09/13/2020,Chargers,L 13 - 16,,,,,,,,,,,,,,,,,,,,,
147,Ryan Fitzpatrick,MIA,QB,,09/13/2020,@Patriots,L 11 - 21,20,30,191,6.4,0,3,1,9,44.6,5,18,3.6,,0,,,,,,1,0
156,Ryan Griffin,TB,QB,,09/13/2020,@Saints,L 23 - 34,,,,,,,,,,,,,,,,,,,,,
157,Ryan Griffin,NYJ,TE,,09/13/2020,@Bills,L 17 - 27,,,,,,,,,,,,,,,,,,,,,
236,Ryan Izzo,NE,TE,,09/13/2020,Dolphins,W 21 - 11,,,,,,,,,,,,,,,1,25,25,25,0,,
343,Ryan Nall,CHI,RB,,09/13/2020,@Lions,W 27 - 23,,,,,,,,,,,,,,,,,,,,,
468,Ryan Tannehill,TEN,QB,,09/15/2020,@Broncos,W 16 - 14,29,43,249,5.8,2,0,1,2,97.9,3,14,4.7,,0,,,,,,,
115,Sam Darnold,NYJ,QB,,09/13/2020,@Bills,L 17 - 27,21,35,215,6.1,1,1,3,13,75.3,1,6,6,,0,,,,,,,
364,Samaje Perine,CIN,RB,,09/13/2020,Chargers,L 13 - 16,,,,,,,,,,,,,,,,,,,,,
503,Sammy Watkins,KC,WR,,09/11/2020,Texans,W 34 - 20,,,,,,,,,,1,3,3,3,0,7,82,11.7,19,1,,
60,Saquon Barkley,,RB,,09/14/2020,Steelers,L 16 - 26,,,,,,,,,,15,6,0.4,7,0,6,60,10,38,0,,
313,Scott Miller,TB,WR,,09/13/2020,@Saints,L 23 - 34,,,,,,,,,,1,6,6,6,0,5,73,14.6,37,0,,
357,Scottie Phillips,HOU,RB,,09/11/2020,@Chiefs,L 20 - 34,,,,,,,,,,,,,,,,,,,,,
335,Sean Mannion,MIN,QB,,09/13/2020,Packers,L 34 - 43,,,,,,,,,,,,,,,,,,,,,
324,Sean McKeon,DAL,TE,,09/14/2020,@Rams,L 17 - 20,,,,,,,,,,,,,,,,,,,,,
361,Senorise Perry,TEN,RB,,09/15/2020,@Broncos,W 16 - 14,,,,,,,,,,,,,,,,,,,,,
385,Seth Roberts,,WR,,09/13/2020,@Panthers,W 34 - 30,,,,,,,,,,,,,,,1,5,5,5,0,,
316,Sony Michel,NE,RB,,09/13/2020,Dolphins,W 21 - 11,,,,,,,,,,10,37,3.7,7,1,,,,,,,
109,Stefon Diggs,BUF,WR,,09/13/2020,Jets,W 27 - 17,,,,,,,,,,,,,,,8,86,10.8,22,0,,
5,Stephen Anderson,LAC,TE,,09/13/2020,@Bengals,W 16 - 13,,,,,,,,,,,,,,,,,,,,,
91,Stephen Carlson,CLE,TE,,09/13/2020,@Ravens,L 6 - 38,,,,,,,,,,,,,,,0,0,,,0,,
432,Sterling Shepard,NYG,WR,,09/14/2020,Steelers,L 16 - 26,,,,,,,,,,,,,,,6,47,7.8,14,0,,
428,Steven Sims,WSH,WR,,09/13/2020,Eagles,W 27 - 17,,,,,,,,,,,,,,,3,50,16.7,19,0,1,0
208,TJ Hockenson,DET,TE,,09/13/2020,Bears,L 23 - 27,,,,,,,,,,,,,,,5,56,11.2,24,1,,
509,TJ Yeldon,BUF,RB,,09/13/2020,Jets,W 27 - 17,,,,,,,,,,,,,,,,,,,,,
210,TY Hilton,IND,WR,,09/13/2020,@Jaguars,L 20 - 27,,,,,,,,,,,,,,,4,53,13.3,20,0,,
241,Taiwan Jones,BUF,RB,,09/13/2020,Jets,W 27 - 17,,,,,,,,,,,,,,,,,,,,,
434,Tajae Sharpe,MIN,WR,,09/13/2020,Packers,L 34 - 43,,,,,,,,,,,,,,,0,0,,,0,,
77,Tarik Cohen,,RB,,09/13/2020,@Lions,W 27 - 23,,,,,,,,,,7,41,5.9,16,0,2,6,3,3,0,,
212,Taysom Hill,NO,QB,,09/13/2020,Buccaneers,W 34 - 23,1,1,38,38,0,0,0,0,118.8,3,13,4.3,,0,,,,,,,
173,Ted Ginn,,WR,,09/13/2020,@Lions,W 27 - 23,,,,,,,,,,,,,,,0,0,,,0,,
34,Teddy Bridgewater,CAR,QB,,09/13/2020,Raiders,L 30 - 34,22,34,269,7.9,1,0,1,10,98.8,4,26,6.5,,0,,,,,,,
218,Tee Higgins,CIN,WR,,09/13/2020,Chargers,L 13 - 16,,,,,,,,,,,,,,,,,,,,,
321,Terry McLaurin,WSH,WR,,09/13/2020,Eagles,W 27 - 17,,,,,,,,,,,,,,,5,61,12.2,21,0,,
75,Tevin Coleman,SF,RB,,09/13/2020,Cardinals,L 20 - 24,,,,,,,,,,4,18,4.5,10,0,1,6,6,6,0,,
39,Tim Boyle,GB,QB,,09/13/2020,@Vikings,W 43 - 34,,,,,,,,,,2,-2,-1,,0,,,,,,,
369,Tim Patrick,DEN,WR,,09/15/2020,Titans,L 14 - 16,,,,,,,,,,,,,,,4,29,7.3,15,0,,
154,Todd Gurley,ATL,RB,,09/13/2020,Seahawks,L 25 - 38,,,,,,,,,,14,56,4,15,1,2,1,0.5,1,0,,
38,Tom Brady,TB,QB,,09/13/2020,@Saints,L 23 - 34,23,36,239,6.6,2,2,3,15,78.4,3,9,3,,1,,,,,,1,0
355,Tony Pollard,DAL,RB,,09/14/2020,@Rams,L 17 - 20,,,,,,,,,,2,10,5,6,0,2,22,11,18,0,,
319,Trace McSorley,BAL,QB,,09/13/2020,Browns,W 38 - 6,,,,,,,,,,,,,,,,,,,,,
201,Travis Homer,SEA,RB,,09/13/2020,@Falcons,W 38 - 25,,,,,,,,,,3,-1,-0.3,1,0,2,4,2,3,0,,
277,Travis Kelce,KC,TE,,09/11/2020,Texans,W 34 - 20,,,,,,,,,,,,,,,6,50,8.3,15,1,,
491,Trayveon Williams,CIN,RB,,09/13/2020,Chargers,L 13 - 16,,,,,,,,,,,,,,,,,,,,,
417,Tre'Quan Smith,NO,WR,,09/13/2020,Buccaneers,W 34 - 23,,,,,,,,,,,,,,,1,4,4,4,0,,
431,Trent Sherfield,ARI,WR,,09/13/2020,@49ers,W 24 - 20,,,,,,,,,,,,,,,,,,,,,
462,Trent Taylor,SF,WR,,09/13/2020,Cardinals,L 20 - 24,,,,,,,,,,,,,,,2,7,3.5,5,0,,
92,Trenton Cannon,CAR,RB,,09/13/2020,Raiders,L 30 - 34,,,,,,,,,,,,,,,,,,,,,
498,Trevon Wesco,,TE,,09/13/2020,@Bills,L 17 - 27,,,,,,,,,,,,,,,,,,,,,
265,Trishton Jackson,LAR,WR,,09/14/2020,Cowboys,W 20 - 17,,,,,,,,,,,,,,,,,,,,,
469,Tua Tagovailoa,MIA,QB,,09/13/2020,@Patriots,L 11 - 21,,,,,,,,,,,,,,,,,,,,,
254,Ty Johnson,NYJ,RB,,09/13/2020,@Lions,W 27 - 23,,,,,,,,,,,,,,,,,,,,,
308,Ty Montgomery,NO,RB,,09/13/2020,Buccaneers,W 34 - 23,,,,,,,,,,1,-4,-4,-4,0,,,,,,,
42,Tyler Boyd,CIN,WR,,09/13/2020,Chargers,L 13 - 16,,,,,,,,,,,,,,,4,33,8.3,11,0,,
74,Tyler Conklin,MIN,TE,,09/13/2020,Packers,L 34 - 43,,,,,,,,,,,,,,,,,,,,,
111,Tyler Davis,JAX,TE,,09/13/2020,Colts,W 27 - 20,,,,,,,,,,,,,,,,,,,,,
130,Tyler Eifert,JAX,TE,,09/13/2020,Colts,W 27 - 20,,,,,,,,,,,,,,,1,8,8,8,0,,
123,Tyler Ervin,GB,RB,,09/13/2020,@Vikings,W 43 - 34,,,,,,,,,,3,38,12.7,21,0,1,6,6,6,0,,
220,Tyler Higbee,LAR,TE,,09/14/2020,Cowboys,W 20 - 17,,,,,,,,,,,,,,,3,40,13.3,21,0,,
248,Tyler Johnson,TB,WR,,09/13/2020,@Saints,L 23 - 34,,,,,,,,,,,,,,,,,,,,,
270,Tyler Kroft,BUF,TE,,09/13/2020,Jets,W 27 - 17,,,,,,,,,,,,,,,,,,,,,
286,Tyler Lockett,SEA,WR,,09/13/2020,@Falcons,W 38 - 25,,,,,,,,,,,,,,,8,92,11.5,20,0,,
211,Tyreek Hill,KC,WR,,09/11/2020,Texans,W 34 - 20,,,,,,,,,,,,,,,5,46,9.2,15,1,,
79,Tyrie Cleveland,DEN,WR,,09/15/2020,Titans,L 14 - 16,,,,,,,,,,,,,,,1,7,7,7,0,,
461,Tyrod Taylor,LAC,QB,,09/13/2020,@Bengals,W 16 - 13,16,30,208,6.9,0,0,2,1,75.4,6,7,1.2,,0,,,,,,,
259,Van Jefferson,LAR,WR,,09/14/2020,Cowboys,W 20 - 17,,,,,,,,,,,,,,,1,31,31,31,0,,
327,Vance McDonald,PIT,TE,,09/14/2020,@Giants,W 26 - 16,,,,,,,,,,,,,,,1,3,3,3,0,,
160,Virgil Green,,TE,,09/13/2020,@Bengals,W 16 - 13,,,,,,,,,,,,,,,1,10,10,10,0,,
183,Wayne Gallman,NYG,RB,,09/14/2020,Steelers,L 16 - 26,,,,,,,,,,,,,,,1,14,14,14,0,,
106,Will Dissly,SEA,TE,,09/13/2020,@Falcons,W 38 - 25,,,,,,,,,,,,,,,2,8,4,5,0,,
138,Will Fuller,,WR,,09/11/2020,@Chiefs,L 20 - 34,,,,,,,,,,,,,,,8,112,14,31,0,,
159,Will Grier,CAR,QB,,09/13/2020,Raiders,L 30 - 34,,,,,,,,,,,,,,,,,,,,,
414,Willie Snead,,WR,,09/13/2020,Browns,W 38 - 6,,,,,,,,,,,,,,,4,64,16,20,1,,
240,Xavier Jones,LAR,RB,,09/14/2020,Cowboys,W 20 - 17,,,,,,,,,,,,,,,,,,,,,
124,Zach Ertz,PHI,TE,,09/13/2020,@Football Team,L 17 - 27,,,,,,,,,,,,,,,3,18,6,7,1,,
178,Zach Gentry,,TE,,09/14/2020,@Giants,W 26 - 16,,,,,,,,,,,,,,,,,,,,,
371,Zach Pascal,IND,WR,,09/13/2020,@Jaguars,L 20 - 27,,,,,,,,,,,,,,,2,18,9,12,0,,
300,Zack Moss,BUF,RB,,09/13/2020,Jets,W 27 - 17,,,,,,,,,,9,11,1.2,7,0,3,16,5.3,8,1,,
245,Zay Jones,LV,WR,,09/13/2020,@Panthers,W 34 - 30,,,,,,,,,,,,,,,,,,,,,
